Company,Year,Industry,Accruals_Ratio,Leverage_Ratio,Leverage_Change_YoY,Operating_Margin,Margin_Volatility_3yr,Anomaly_Score,Is_Anomaly
KPITTECH,2018,Information Technology,-2.8888888888888893,,-0.0050342367827565,,0.0142750165362883,0.30354304613896455,1
HONASA,2021,Fast Moving Consumer Goods,-4.500231297911711,6.456549035157283,-0.0020996335843381,,0.01419611487274645,0.2839454640078313,1
HONASA,2022,Fast Moving Consumer Goods,-0.027858728167519,1.7876773135192512,-4.668871721638032,,0.01419611487274645,0.28066075687065545,1
FIRSTCRY,2019,Consumer Services,-0.4305157465065697,0.0041950957900068,-2.4862632062385432,,0.0123079908665588,0.27951230533641946,1
ABREL,2019,Realty,0.893219386507439,0.1652115611654447,-0.2577039782665548,,0.03750103869543505,0.268626856646604,1
OLAELEC,2025,Automobile and Auto Components,0.1719187358916478,0.3210835214446952,-0.4136829615213014,-0.5765957446808511,0.0964524459036806,0.26822258022906953,1
PATANJALI,2018,Fast Moving Consumer Goods,-0.8490192480666606,1.0366856525493648,0.598715398313518,,0.01419611487274645,0.2412750885368758,1
ZYDUSWELL,2026,Fast Moving Consumer Goods,-0.0105496619201366,0.3143112297471025,0.2850807232195253,0.1681976339596381,0.0713337488424229,0.2400040086515059,1
NAVA,2024,Power,-0.3023441265480813,0.0427836192469917,-0.2338442106221016,0.5339410556801861,0.02714301304713805,0.23795806912218564,1
ONESOURCE,2025,Healthcare,-0.0027229843385955,0.1007687043557301,-0.2935164889082605,0.0596541985258662,0.2133823824184146,0.2322050048418851,1
SUZLON,2023,Capital Goods,0.4268998330732269,0.3508576270327227,-0.6476535376874412,,0.0147344734730676,0.2099185453250818,1
PWL,2026,Consumer Services,-0.1186444872863693,0.1370505939974989,-0.3022688975645227,-0.054091750083021,0.1598656718499651,0.20751896307256967,1
MMTC,2026,Services,0.2537671637093284,0.0008655624188535,0.000164100560842,-29.69117647058824,46.52122463233111,0.20180818639352427,1
ABREL,2025,Realty,0.0740503687381849,0.3031285111422269,0.0648387331544724,-1.1166687199704324,0.7274502927786042,0.19209878736591113,1
TATAINVEST,2025,Financial Services,-0.0037547016286542,,-0.0006671917563533,0.8230317679558011,1.6188071635674677,0.191281270254261,1
SWIGGY,2025,Consumer Services,0.0726076948372246,0.1119368628740545,-1.449160519507881,-0.1273584905660377,0.0385410226143005,0.18966102173636068,1
SWANCORP,2025,Chemicals,0.0381512110853824,0.2075561436395045,-0.0759297269405315,0.021964835394167,0.258717904810386,0.18878795587366048,1
CHAMBLFERT,2021,Chemicals,-0.5161461896475837,0.3841396587580964,-0.3117365979793097,,0.02157821562095625,0.18594667258412878,1
TATAINVEST,2026,Financial Services,-0.0041614449536507,1.5925459051357156e-05,-0.0006671917563533,0.9225900039562178,1.3514076198511704,0.1857346795516157,1
ATHERENERG,2026,Automobile and Auto Components,-0.0514496648847717,,-0.0008662445049587,-0.0273477303356013,0.1279898597257246,0.182541596732811,1
ENRIN,2025,Capital Goods,-0.3517160457612202,0.0154632694967103,-0.6619560853419992,0.2411429169501282,0.0142128466382483,0.18111290327648666,1
FIVESTAR,2018,Financial Services,0.4598822773600959,0.474007257826472,-0.1812580612335651,,0.0213614188746349,0.18080728659505596,1
OLECTRA,2018,Automobile and Auto Components,0.3668558384325163,0.2296059097682381,-0.1662912120933662,,0.0091703331938402,0.17747658591966908,1
OLAELEC,2026,Automobile and Auto Components,0.0563687724704673,0.3547765793528505,0.0336930579081553,-0.3626373626373626,0.1083197155568825,0.17729850444459172,1
MMTC,2020,Services,0.3582637182637183,0.6005288405288405,0.3810015540193492,,0.01447484218491725,0.17483897136451798,1
OFSS,2026,Information Technology,-0.12381405615577,0.0032907726734237,-0.0012387436815075,0.6004415717394087,0.1061623327715896,0.17431086305362697,1
MMTC,2025,Services,0.1188747861835012,0.0007014618580114,-0.0425054343195792,-67.67647058823529,38.582241652530456,0.17379378945528012,1
INDIACEM,2025,Construction Materials,0.0182711875154932,0.0839624300283057,-0.1620742556278793,0.0709529194263457,0.1931891744045221,0.17043660726583765,1
NHPC,2026,Power,-0.0183135577740979,0.4360313322453942,0.050786551393112,0.6176466726710799,0.266015325214359,0.1696877102997184,1
NAUKRI,2022,Consumer Services,0.5884338530519145,0.0031279780968301,-0.0072163124396299,,0.0123079908665588,0.1696865199185994,1
PIRAMALFIN,2022,Financial Services,-0.1019695847406624,0.5828230241652302,-0.6942221896009216,,0.0213614188746349,0.16852097005626931,1
SWANCORP,2026,Chemicals,-0.0012221170705861,0.1537348200860318,-0.0538213235534726,-0.0038471023427866,0.2041992749906017,0.16766083430827983,1
MAPMYINDIA,2022,Information Technology,0.1124037738033223,0.0368312399915108,-0.3116744963918804,,0.0142750165362883,0.1608984652992672,1
IFCI,2025,Financial Services,0.0376500023130357,0.144362198853434,-0.1393412577744521,0.2855920677400956,0.1805335273706256,0.15865110572973207,1
MEESHO,2026,Consumer Services,0.4733297498972397,0.0079210800897966,-0.0001427552623785,-0.0605040387199991,0.0571908488567212,0.1571677834905092,1
MMTC,2023,Services,0.2198150580084885,0.0550693192601232,-0.4938969996057856,,0.01447484218491725,0.15683089716429577,1
ENGINERSIN,2025,Construction,0.0437092985051666,0.004204752852072,-0.0027720011613574,0.2910414463246959,0.1152576742140896,0.1565702974008687,1
APTUS,2018,Financial Services,0.3835292030083398,0.5733726437628817,0.2117014809061444,,0.0213614188746349,0.15635796627340393,1
JPPOWER,2020,Power,-0.1787697349691436,0.3375579187579439,-0.284926038525892,,0.02714301304713805,0.15284062125828357,1
HONASA,2024,Fast Moving Consumer Goods,-0.1276629483481029,0.079877777303416,-1.8310497442373848,0.0504917779366582,0.01419611487274645,0.15272298907033804,1
ONESOURCE,2026,Healthcare,0.0020073057158273,0.183183698923631,0.0824149945679008,0.274709367066055,0.1553662167582306,0.15190872499287467,1
PIRAMALFIN,2021,Financial Services,-0.3153321851212061,1.277045213766152,0.2236536534816955,,0.0213614188746349,0.1497875572080828,1
EMAMILTD,2026,Fast Moving Consumer Goods,-0.1731309930009319,0.0422711336088405,0.0168003828471859,0.2161064654882074,0.0638951659915627,0.14898225318619046,1
VBL,2026,Fast Moving Consumer Goods,-0.0395532258176202,,-0.0020996335843381,0.276734865812432,0.0707818796596168,0.1478325553445758,1
TMPV,2025,Automobile and Auto Components,-0.1766386452080122,0.1897748645128431,-0.1005036311612864,0.0125377988246705,0.0689916304384593,0.1444106431581027,1
GROWW,2025,Financial Services,0.1497729720073244,0.0605735496260861,0.0492128186680007,0.5919313855287937,0.317426170441749,0.141562655291546,1
JSWCEMENT,2026,Construction Materials,-0.0701807193320398,0.3103441084607957,-0.2420034737618155,0.1574290369698535,0.0503586659687976,0.13908417322831823,1
NHPC,2025,Power,-0.046816115372479,0.3852447808522822,0.0323453759543842,0.0952839831947152,0.2465109870128966,0.13414800320369036,1
COHANCE,2026,Healthcare,-0.0685245329142657,0.0699301554042256,-0.018736568435779,0.0027471226258703,0.1741392988272477,0.13324614788912448,1
TATAELXSI,2013,Information Technology,-0.0446817248459959,0.1601916495550992,0.0581057013153048,0.2176194283429942,0.0795048878600427,0.13263154158664325,1
TEGA,2026,Capital Goods,-0.1064026264805856,0.0924372672536804,-0.0653655091943808,0.0322494545792136,0.0957481789475884,0.12961825409797378,1
FACT,2017,Chemicals,-0.1831715855436096,1.4964058353785397,0.4174368962620569,,0.02157821562095625,0.12899506961932183,1
ACUTAAS,2025,Healthcare,-0.0066999728902831,0.0083459199876069,-0.189345475212685,0.3831578411923292,0.0943560952693297,0.12823058285375133,1
IKS,2024,Information Technology,-0.0278127940936446,0.4553047114018911,0.4023349653733573,0.2761275792805405,0.0142750165362883,0.12785504804228598,1
SUZLON,2020,Capital Goods,-0.2623427534511933,2.022831854341651,0.7205945415969606,,0.0147344734730676,0.125476803197917,1
CGPOWER,2021,Capital Goods,0.3496490773212524,0.3375407666170872,-0.2596468288246688,,0.0147344734730676,0.12543020642561942,1
POONAWALLA,2025,Financial Services,0.3060139412171416,0.7445413837420218,0.1128403346240366,0.5295586278197556,0.0899273525592944,0.12338995968787148,1
TENNIND,2026,Automobile and Auto Components,-0.4983820045800504,0.020298846316055,0.0133448858430868,0.1598187408965852,0.0081022946232822,0.12332579426342893,1
IKS,2025,Information Technology,-0.0460924520869371,0.2930857896449552,-0.1622189217569359,0.3426099760721516,0.0470101536008829,0.12311268405524534,1
HINDPETRO,2026,Oil Gas & Consumable Fuels,-0.2382265827425726,0.2755993478917654,-0.0866652428546976,-0.1146806985846565,0.0982507187415215,0.12305764997981539,1
INDIACEM,2026,Construction Materials,0.0039976005443541,0.0973510487173059,0.0133886186890001,0.1527535265150772,0.185907018687803,0.12286868347738411,1
INDGN,2021,Healthcare,-0.0379504731226092,0.0862022683041406,-0.7182458783014404,,0.018909635366554302,0.12219957054437558,1
POONAWALLA,2026,Financial Services,0.3665626043195165,0.803626121507391,0.0590847377653691,0.5821810816146115,0.0924397437032303,0.12188504057779925,1
CGPOWER,2020,Capital Goods,-0.436503209009052,0.597187595441756,0.2773708250626496,,0.0147344734730676,0.12138618626852193,1
PIRAMALFIN,2020,Financial Services,-0.3032988475896505,1.0533915602844564,0.1452273779681427,,0.0213614188746349,0.11765255785548301,1
GRAPHITE,2026,Capital Goods,0.0118070797604796,0.0485125006434106,0.0246183059309075,0.171021377672209,0.0934354117382163,0.11475886967113602,1
GROWW,2026,Financial Services,0.0408219493339772,0.0157866047779032,-0.0447869448481828,0.6460284264229862,0.2450582389136235,0.11200973468457687,1
ANGELONE,2020,Financial Services,-0.2561205015112913,0.2241276972668913,-0.1706253500226962,,0.0213614188746349,0.11137635081972141,1
DATAPATTNS,2026,Capital Goods,-0.0301106146525538,0.0027316739407636,-0.0006232279134041,0.270361113505128,0.1115616109810329,0.11135579670120155,1
NSLNISP,2026,Metals & Mining,-0.0617973827507465,0.163371967838262,-0.044199095850414,0.1091145435081816,0.2228752409503717,0.11105659090586484,1
PFIZER,2007,Healthcare,0.3727779955271713,,-0.0036016930944258,,0.018909635366554302,0.11055977184625443,1
NETWEB,2026,Information Technology,-0.3124722828304329,0.1251574335231405,0.1162469752229645,0.1470189949859093,0.0130242261199391,0.1091609491539951,1
NSLNISP,2025,Metals & Mining,-0.0776318040458677,0.207571063688676,-0.0192689462267702,0.032423554289172,0.2417805906820772,0.10880503724356094,1
FACT,2020,Chemicals,0.2717899097410157,0.6881642804227205,-0.2802029796062379,,0.02157821562095625,0.1076121648026801,1
ACUTAAS,2022,Healthcare,0.1273069451189898,0.0012748907236522,-0.3293322184301697,,0.018909635366554302,0.10624906115097399,1
TATAELXSI,2014,Information Technology,-0.2601050409350702,,-0.0050342367827565,0.2277303715743374,0.0680223702888606,0.1061818000827508,1
LGEINDIA,2026,Consumer Durables,-0.0783491954538854,0.0336719892404515,-0.0034752539119282,0.1250153801488936,0.0390180661794689,0.10475649936381826,1
OLAELEC,2022,Automobile and Auto Components,0.0186809541371456,0.4833177967593734,0.4633522560141447,,0.0091703331938402,0.10370283003175285,1
HBLENGINE,2026,Capital Goods,-0.2139464997773373,0.0227319855728208,-0.0147976936391013,0.2299891854614987,0.0742597029564404,0.10182303854839181,1
SONACOMS,2019,Automobile and Auto Components,0.011246209917001,0.1000581911733178,-0.3139008456046195,,0.0091703331938402,0.10004239861123199,1
FORCEMOT,2025,Automobile and Auto Components,-0.2221200705885103,0.0033950268602526,-0.1154128622554043,0.1757103393843725,0.0375365211693623,0.09944270593582794,1
SWIGGY,2022,Consumer Services,0.0188379701426256,1.1151066656952435,1.083313697333844,,0.0123079908665588,0.09799485552264042,1
FIVESTAR,2019,Financial Services,0.4714361099999148,0.4063800631537734,-0.0676271946726985,,0.0213614188746349,0.0965556501551672,1
AIIL,2024,Financial Services,-0.236737373711298,0.097093326931235,-0.1498847762741495,1.0114273673290757,0.0213614188746349,0.0956722603909187,1
ENGINERSIN,2026,Construction,-0.0274438447279467,0.0028622832842656,-0.0013424695678064,0.1542252146760343,0.0875336885178976,0.09316881341521754,1
HBLENGINE,2025,Capital Goods,-0.0132053548875978,0.0375296792119222,-0.0032538284357411,0.3459795890348268,0.0978118820604955,0.09203891983576662,1
AIIL,2026,Financial Services,-0.0179511435263688,0.187319245572997,0.121789741445235,0.8891217659948011,0.1340818679981014,0.09084595222548819,1
KIMS,2019,Healthcare,-0.1630095169689351,0.3020739809660621,-0.4875652148242059,,0.018909635366554302,0.08997891361262111,1
NATCOPHARM,2025,Healthcare,-0.1790489653094802,0.0323731837879174,-0.021376399913448,0.2451722539780627,0.1155791741511478,0.08835753830015758,1
CREDITACC,2026,Financial Services,0.102210350504835,0.7403996150356574,0.0050050724683656,0.6870630056798748,0.2171122832200947,0.08818554192885752,1
BSE,2026,Financial Services,-0.1658245414669191,1.487415719306805e-06,-4.465116520507638e-07,0.6679480466405282,0.1898301688924811,0.08749331950204342,1
THELEELA,2026,Consumer Services,-0.0815705162326347,0.2029373499079416,-0.2980848901648369,0.3629957949767019,0.0846379821384356,0.08633774073679523,1
EIHOTEL,2026,Consumer Services,-0.1337580201509873,0.0385517069691503,-0.0069037738924218,0.2534857525572333,0.1070442586234721,0.08631514926428696,1
KFINTECH,2022,Financial Services,-0.1014117165655049,0.1555518749817324,-0.2590545134163989,,0.0213614188746349,0.08601423043398959,1
MMTC,2021,Services,-0.4554044129736602,0.4424318488233166,-0.1580969917055238,,0.01447484218491725,0.08309025606183662,1
SUZLON,2021,Capital Goods,-0.0645832733684891,1.049102496708877,-0.973729357632774,,0.0147344734730676,0.08194393488584117,1
CGCL,2018,Financial Services,0.3101555321447684,0.5271264081532367,0.1606549284414354,,0.0213614188746349,0.08054141029053474,1
AEGISLOG,2026,Oil Gas & Consumable Fuels,-0.1081507052834589,0.2908264094456405,-0.1248864244710335,0.3027629982264538,0.0875506952688895,0.08022729076746282,1
SAREGAMA,2025,Media Entertainment & Publication,-0.1336127073827297,0.0012934573015903,-0.0013764348701678,0.3523312082341193,0.1257288835423745,0.07934073983057799,1
ABREL,2026,Realty,-0.0388370148215073,0.2785823585116415,-0.0245461526305853,-0.3001853322742918,0.5431510862235,0.07862234315120253,1
SAILIFE,2025,Healthcare,-0.0679229568595288,0.1120202684875245,-0.2982582461013349,0.3375804190777414,0.0461635938774591,0.07707685961133337,1
KAJARIACER,2026,Consumer Durables,-0.1227107045666726,0.0567581391653258,-0.016165794775485,0.1960574664176856,0.0324154302097286,0.07545951933898587,1
FACT,2019,Chemicals,0.2439868835703944,0.9683672600289585,-0.2601459211420299,,0.02157821562095625,0.0753317851871309,1
POONAWALLA,2022,Financial Services,0.197555634077351,0.6065557319930839,-0.1862642265603115,,0.0213614188746349,0.07504038353739795,1
FIVESTAR,2017,Financial Services,0.4183727866065382,0.6552653190600372,0.0841602264879997,,0.0213614188746349,0.07455849653022306,1
HONASA,2026,Fast Moving Consumer Goods,-0.024420666287533,0.0646837021921251,-0.0107512655655095,0.1457636087042793,0.0480367696126022,0.07343416556601207,1
POONAWALLA,2024,Financial Services,0.3144954311264629,0.6317010491179852,0.1489764350789914,0.4023821462020945,0.0213614188746349,0.07307488852845168,1
EXIDEIND,2022,Automobile and Auto Components,0.3097074535997716,0.0373683411725017,0.0194597818098044,,0.0091703331938402,0.07252852453739833,1
AMBER,2018,Consumer Durables,-0.0374534869589875,0.0659544794300958,-0.2496127691324905,,0.006957110708254,0.07190568946962406,1
RVNL,2023,Construction,0.2946893744422499,0.3511455375361362,0.020056519614339,,0.00811929390513665,0.07175540848216189,1
MCX,2026,Financial Services,-0.349474644129893,0.0006346133591444,0.0004010965262801,0.7036752136752137,0.0509717117263552,0.07150549927212402,1
APTUS,2020,Financial Services,0.2524361243003899,0.5395745089718235,-0.1390315462457316,,0.0213614188746349,0.07083605865787168,1
COHANCE,2025,Healthcare,-0.116164666512177,0.0886667238400046,0.0598301253164385,0.1750987053530438,0.1243948741748984,0.07035235047161759,1
BELRISE,2026,Automobile and Auto Components,-0.0881811132203247,0.1778815620032772,-0.2322899280963561,0.115159416761242,0.0038856810901067,0.06748395336200919,1
LLOYDSME,2026,Metals & Mining,-0.0286850835308729,0.4973931491262757,0.3769461329747984,0.3782035244207549,0.0290161285711735,0.06590520816692702,1
JSWENERGY,2023,Power,-0.0125267311698348,0.5173995802323386,0.2243375823336512,,0.02714301304713805,0.06507319578356874,1
SAREGAMA,2026,Media Entertainment & Publication,-0.0208921756753843,0.0312972984627325,0.0300038411611422,0.3494309559939301,0.1018302986981297,0.06432708223373296,1
OIL,2026,Oil Gas & Consumable Fuels,-0.0567747722195134,0.301646703092657,0.0092956514241512,0.4633009472684055,0.1013668595383472,0.06409380705367107,1
ZENTEC,2019,Capital Goods,0.2858516043392685,0.1913306174760836,0.1138764200464965,,0.0147344734730676,0.06404035607618319,1
TECHNOE,2018,Construction,-0.0033651266610754,0.034771239106314,-0.2472895888236542,,0.00811929390513665,0.06272535169540194,1
SUZLON,2019,Capital Goods,-0.3149530318760984,1.3022373127446902,0.2235587917695962,,0.0147344734730676,0.06262891174736485,1
TEGA,2025,Capital Goods,-0.0839253231211105,0.1578027764480612,-0.0056142257961967,0.1143890416388001,0.0768907518704995,0.060028298344198205,1
VEDL,2026,Metals & Mining,-0.1464674509601353,0.1418228151056127,-0.3157094445722906,0.3512084280107416,0.0303168728988207,0.059342452483060026,1
AIIL,2023,Financial Services,0.5883422903223936,0.2469781032053846,-0.0006671917563533,,0.0213614188746349,0.058423711968630054,1
TEJASNET,2025,Telecommunication,0.0281916312128595,0.3256432583920619,0.0959190147745439,-0.4376283451220704,0.4088855234975747,0.05772005874164832,1
PAGEIND,2025,Textiles,-0.38367240381232,0.0990575139708135,0.0301499697410049,0.2293835991808243,0.0007096998178294,0.057582879918779084,1
BPCL,2026,Oil Gas & Consumable Fuels,-0.2117389212594216,0.218909536927285,-0.0608777552799285,-0.0268038710172985,0.0648789657646661,0.057082225243371254,1
SAMMAANCAP,2026,Financial Services,0.1038365420127467,0.6984197387458714,0.0896280492513426,0.9991343458863268,0.0969034030878966,0.05655849346797093,1
JPPOWER,2026,Power,-0.0463396080999507,0.1888377314613724,-0.0235953604781742,0.4274483302359632,0.1400514000743949,0.05615901172776239,1
OLECTRA,2019,Automobile and Auto Components,0.1322938266742351,0.0281037498696755,-0.2015021598985626,,0.0091703331938402,0.05485893312852308,1
CREDITACC,2025,Financial Services,-0.0314055056298995,0.7353945425672918,-0.0211133236769415,0.5453130346683127,0.2012236666029501,0.054818072005936136,1
POONAWALLA,2023,Financial Services,0.2549678927470036,0.4827246140389938,-0.12383111795409,,0.0213614188746349,0.053725806790245856,1
APTUS,2019,Financial Services,0.349582756474578,0.6786060552175551,0.1052334114546734,,0.0213614188746349,0.05347734961451578,1
URBANCO,2026,Consumer Services,0.0023947646251696,0.0499516264902903,-0.0044819323485448,-0.1843699133133966,0.0893106945764628,0.05244449800378703,1
NATCOPHARM,2026,Healthcare,-0.1410394184313902,0.0644692283379238,0.0320960445500064,0.2536724700761697,0.0969170365026434,0.05237559923419399,1
KPRMILL,2025,Textiles,-0.2000697808612568,0.0781612743058817,-0.1193868115537463,0.2006991863270229,0.0021701262179504,0.05184738089975505,1
DCMSHRIRAM,2026,Diversified,-0.0383327027796788,0.2071028680980943,0.0084851480824476,0.0944268623886158,0.0285476866737361,0.05181500516027904,1
KIMS,2018,Healthcare,-0.1605169919704815,0.7896391957902681,0.4273649465691648,,0.018909635366554302,0.05158693921356461,1
MAPMYINDIA,2026,Information Technology,-0.0419523846213113,0.0067801833731412,-0.024844599438233,0.3970798740337818,0.069866189289931,0.05117882406398655,1
AIIL,2025,Financial Services,-0.0102390627204752,0.065529504127762,-0.031563822803473,0.7435988620199147,0.189383352299165,0.0500252272194639,1
KIRLOSENG,2022,Capital Goods,0.2420172987570626,0.3912753402095528,0.1677786193730368,,0.0147344734730676,0.049621104442489794,1
PETRONET,2026,Oil Gas & Consumable Fuels,-0.1315138084220672,0.0852318973312113,-0.0119917582852664,0.2762206180818447,0.0990838700215843,0.049179528925338056,1
GRASIM,2018,Construction Materials,0.0327971329877739,0.3226081880470032,0.1757809091477978,,0.02233657876759495,0.04831248073175631,1
INDIGO,2020,Services,-0.1711466784225012,0.5396339001279776,0.4425675831792829,,0.01447484218491725,0.047988673950783656,1
MAZDOCK,2026,Capital Goods,0.1165921061587307,0.016283199626706,0.0155774061488905,0.1517585890508716,0.0589133376546862,0.04676259568779095,1
PTCIL,2025,Capital Goods,0.0030053540761693,0.0384066572381048,-0.164679266306018,0.1588761010737478,0.0487959820269306,0.04668577466414592,1
TITAN,2021,Consumer Durables,-0.192532230600827,0.3428606178545366,0.0798659338616246,,0.006957110708254,0.04427386581346515,1
ITC,2026,Fast Moving Consumer Goods,-0.1502627161000115,0.0256208002802305,0.0223874903931474,0.2710452921022246,0.0404260990046195,0.04396380791682347,1
HINDCOPPER,2026,Metals & Mining,-0.2420369103104066,0.0239448568856574,-0.0209628114810152,0.5419327282434596,0.1123454200268269,0.043045920551483374,1
PVRINOX,2021,Media Entertainment & Publication,-0.0446703146557182,0.6669128281690516,0.49260883114168,,0.035357351082854704,0.04279554003770558,1
IKS,2026,Information Technology,-0.115415420953004,0.1809990884142014,-0.1120867012307537,0.3241050546646822,0.0343127268509556,0.04267906586152459,1
RVNL,2022,Construction,-0.1835632386119266,0.3310890179217972,-0.0859446495856371,,0.00811929390513665,0.04230383441228858,1
TVSMOTOR,2018,Automobile and Auto Components,0.0225878107397102,0.5251995784781242,0.3112947879768807,,0.0091703331938402,0.04198719577237697,1
MANAPPURAM,2026,Financial Services,0.2792718228557043,0.7757125768163421,0.0425087027922407,0.70135391673478,0.0895682168342414,0.04184409544224377,1
GODREJPROP,2025,Realty,0.043959464538324,0.227979510085894,-0.0708684495815007,-0.395477165101533,0.286410004971117,0.04095363895035331,1
HEG,2019,Capital Goods,0.2989545832717772,0.1296157345131367,0.0210220672270474,,0.0147344734730676,0.04071536321189462,1
SCHNEIDER,2026,Capital Goods,-0.0904758450911542,0.2699726516001587,-0.0436346420499779,0.0522752394988946,0.0654639390131516,0.03881760818578206,1
JAINREC,2026,Metals & Mining,0.1951617576621272,0.3772315224911449,-0.1283206142237545,0.0397436556234997,0.0162176606880372,0.03863246510643081,1
IRB,2021,Construction,-0.0182081030855769,0.4667946524794133,0.2360052292686936,,0.00811929390513665,0.03862748744285416,1
DEVYANI,2020,Consumer Services,-0.2242496960558939,0.9727697935303704,0.7026659478659408,,0.0123079908665588,0.03856608057186306,1
PAGEIND,2023,Textiles,0.2127368808048098,0.1509204139913324,0.0987547139713983,,0.0200266138250189,0.0383634837823571,1
LINDEINDIA,2019,Chemicals,0.123213780201115,0.0333766169827809,-0.3173206195103637,,0.02157821562095625,0.03827130679803947,1
BSE,2025,Financial Services,0.0181441065980767,1.9339273713575687e-06,-1.8242323598214682e-07,0.588489671248292,0.1992519535995147,0.037987283082642986,1
ONESOURCE,2023,Healthcare,-0.316162272973201,0.4289720693129756,-0.0436383264124528,,0.018909635366554302,0.03770478836273827,1
KFINTECH,2021,Financial Services,-0.2917158929558535,0.4146063883981313,-0.0612682287049802,,0.0213614188746349,0.03504555079026228,1
EMMVEE,2026,Capital Goods,0.0312083693518741,0.0623751621917058,-0.4652939581042627,0.3523580538983748,0.0157618019522406,0.03489406657671368,1
NAVA,2025,Power,-0.171816313954748,0.0793073503897086,0.0365237311427168,0.4465755912503027,0.0617767123398826,0.03475409080710812,1
GLAXO,2025,Healthcare,-0.2420309293658579,0.0024220619414956,-0.0028273040295667,0.356625626644642,0.0347569120544085,0.03438021472247621,1
IDEA,2021,Telecommunication,-0.2942464654725022,0.9913592794124586,0.4845872176596462,,0.0271052256093291,0.03408406094437488,1
JSL,2017,Metals & Mining,-0.4613941959984857,0.5396956927851928,-0.0054679898835277504,,0.02556926581353005,0.033999144953574256,1
CHENNPETRO,2023,Oil Gas & Consumable Fuels,-0.1379066508864552,0.2649135125419719,-0.2622888253724974,,0.02732774499087675,0.03367040119978726,1
RAINBOW,2019,Healthcare,-0.0892172842971102,0.5140815423309837,0.4602835083720918,,0.018909635366554302,0.033589756510618796,1
BDL,2025,Capital Goods,-0.0079965464264401,0.0005586663111517,-0.0002163133552233,0.0458500255898911,0.0753862806138805,0.03293024169642522,1
SPLPETRO,2026,Chemicals,-0.0026334264632136,0.0382233684361343,-0.0058768642923029,0.1939037975864824,0.0980382834258265,0.03247727914374254,1
ANGELONE,2019,Financial Services,-0.2760264792711861,0.3947530472895876,-0.0804393562551995,,0.0213614188746349,0.031018506333067797,1
PTCIL,2026,Capital Goods,0.0500191693290734,0.1335974440894568,0.095190786851352,0.2549009384775808,0.049518982708392,0.03098095320248362,1
ANGELONE,2026,Financial Services,0.1829475576885506,0.3326422295376591,0.1305095495835362,0.3391504452014073,0.0321102152011469,0.030019378247223116,1
JMFINANCIL,2025,Financial Services,-0.2158695775390658,0.4726331500689603,-0.075746032667554,0.563720781300032,0.0108699784591044,0.027662529865978613,1
MAPMYINDIA,2025,Information Technology,-0.1041340000847565,0.0316247828113743,-0.0007774940373059,0.2622758326216908,0.0701854789802753,0.026853341478930037,1
TEJASNET,2024,Telecommunication,0.2684720446008731,0.2297242436175179,0.2158931539264271,0.1406231076662226,0.0271052256093291,0.026388959548001023,1
NEWGEN,2026,Information Technology,-0.0692083456159313,0.0161147685958533,-0.0100359255124167,0.1567511494897387,0.0688078803152916,0.025165650959637853,1
KAJARIACER,2025,Consumer Durables,-0.1100462797769623,0.0729239339408108,0.0054111202382017,0.1715542773012856,0.0280926006145514,0.024933973084268035,1
SYNGENE,2026,Healthcare,-0.131004862006889,0.0649779579571066,-0.0200586082077869,0.1233695652173913,0.0890652222563154,0.02440995935028145,1
CPPLUS,2021,Capital Goods,-0.331270715088408,0.2089645656410475,-0.1377811034266725,,0.0147344734730676,0.02386413707549817,1
ABDL,2025,Fast Moving Consumer Goods,0.2107642857951265,0.2561313761218692,-0.0594614994655621,0.1353167560669205,0.010897957390569,0.023131098847353593,1
MANKIND,2025,Healthcare,-0.0724958808953103,0.3078099526827342,0.290375597653726,0.2577455707557748,0.001875415891995,0.0219868939276896,1
JSWENERGY,2026,Power,-0.0761453353395711,0.621496861369683,0.0604890922476142,0.5517722814679104,0.0907120124542992,0.021595026650304106,1
BAJAJ-AUTO,2025,Automobile and Auto Components,0.0767953454745451,0.1730581009914633,0.1244673358649589,0.2301682562505978,0.0150469305347112,0.02099131972723789,1
FACT,2018,Chemicals,-0.1903395607714544,1.2285131811709884,-0.2678926542075512,,0.02157821562095625,0.02095936438453838,1
HEG,2018,Capital Goods,0.1844686777821993,0.1085936672860892,-0.2605217490949289,,0.0147344734730676,0.020742085965900325,1
PARADEEP,2023,Chemicals,0.251558599981233,0.4361377498357887,0.0635049387744858,,0.02157821562095625,0.02053158364048646,1
ASAHIINDIA,2026,Automobile and Auto Components,-0.0453678149827913,0.282795844189263,-0.1142408873786771,0.2296252272904152,0.0372422449850667,0.020201288371469728,1
BLUEDART,2021,Services,-0.2237741722837134,0.5253448745957625,0.3246473560501758,,0.01447484218491725,0.019851149254550338,1
PGEL,2025,Consumer Durables,0.0270461785926226,0.0749914108130055,-0.1132408271399753,0.0827756651299809,0.003696559362989,0.01923968718669833,1
INDUSTOWER,2025,Telecommunication,-0.2828826033475863,0.3349137774090954,-0.0325800830753356,0.5484575819697285,0.2640779012468109,0.018349728752435457,1
ABB,2024,Capital Goods,-0.0648348482366299,0.0041867983501367,-0.0021900725510935,0.1953502747456856,0.0708153609573892,0.018064387379858715,1
ATGL,2019,Oil Gas & Consumable Fuels,-0.0622036902314817,0.1923578323429894,-0.2874569071433337,,0.02732774499087675,0.017981896145959464,1
ABREL,2018,Realty,-0.1778464147404061,0.4229155394319995,-0.1285466830998106,,0.03750103869543505,0.01734633453137857,1
SHREECEM,2025,Construction Materials,-0.1634899985279811,0.0367523400356446,-0.0225341168111702,0.1973348720555273,0.0096572181047506,0.016469013567120605,1
ANURAS,2021,Chemicals,0.0299563535406721,0.1841332283149333,-0.3245821998856807,,0.02157821562095625,0.01600589596370594,1
TMCV,2026,Capital Goods,-0.237454357758703,0.1073429046626775,-0.1044988916703783,0.1583200270963371,0.0265502256139821,0.015359084361001862,1
HUDCO,2019,Financial Services,0.3375073958169849,0.8217675731408368,0.0801289027923467,,0.0213614188746349,0.012782442386597204,1
SAGILITY,2023,Information Technology,-0.0677373552219811,0.275033360084718,-0.1997079148544739,,0.0142750165362883,0.012745607873155707,1
ASTERDM,2025,Healthcare,-0.056453091359768,0.3624376341821498,0.2646695620504407,0.1707765483740386,0.0042481717690637,0.012297144160663742,1
TITAN,2020,Consumer Durables,0.1365180153573538,0.262994683992912,0.0586383477833651,,0.006957110708254,0.011946115569585358,1
CGCL,2019,Financial Services,0.2924683365248152,0.6473470952838548,0.120220687130618,,0.0213614188746349,0.011819907433210819,1
MEESHO,2025,Consumer Services,-0.1425459688434547,0.0080638353521752,-0.0093046274415349,-0.1532010461678417,0.0738088636154584,0.011167016260638318,1
NUVAMA,2022,Financial Services,0.2153789540726063,0.334861887575779,0.1432653887661945,,0.0213614188746349,0.009868030678631623,1
MINDACORP,2025,Automobile and Auto Components,-0.0941174056671522,0.3312062703900527,0.1736540350684699,0.1176191605406687,0.0021254841572297,0.0092144064350701,1
JIOFIN,2026,Financial Services,0.0995240139629422,0.1331667104879529,0.1034288783174912,0.6971368990306664,0.0527398435450869,0.00782548077696732,1
HONASA,2025,Fast Moving Consumer Goods,-0.0287471380061719,0.0754349677576347,-0.0044428095457812,0.1088539415500216,0.041268281655728,0.007360855408730327,1
HINDCOPPER,2025,Metals & Mining,-0.1046407197740996,0.0449076683666726,-0.0191163625630885,0.4950533942444786,0.1179920417739063,0.006799339478806843,1
INDGN,2020,Healthcare,-0.0475968346522282,0.8044481466055811,0.3571797308332283,,0.018909635366554302,0.005480429190131808,1
TMPV,2026,Automobile and Auto Components,-0.0323479847780394,0.2086268325294246,0.0188519680165815,0.0644683138654892,0.048818252504526,0.00544226863625652,1
IRB,2025,Construction,-0.0326920716312961,0.3825419189716042,-0.0331831844560447,0.5464174821101236,0.0427753187965669,0.00541292737560084,1
IIFL,2026,Financial Services,0.1646434591998637,0.7773742088555141,0.0224234880323362,0.69103759743822,0.1163976987592188,0.005233909272517989,1
BALRAMCHIN,2019,Fast Moving Consumer Goods,0.233637527269016,0.3686919802514915,0.1011436037922239,,0.01419611487274645,0.0050328664802293255,1
DCMSHRIRAM,2021,Diversified,-0.1557830875226415,0.1952189189293274,-0.0690864624901479,,0.01061696811920515,0.004267071425626434,1
NAVINFLUOR,2023,Chemicals,0.1243224557913914,0.2439017479436373,0.1932536603470111,,0.02157821562095625,0.004086477571481062,1
RADICO,2026,Fast Moving Consumer Goods,-0.1027092713415427,0.0997883913538749,-0.0609880247914674,0.2072412379951178,0.0327627128416234,0.0040212917063331965,1
APTUS,2017,Financial Services,0.402976951109849,0.3616711628567372,-0.0006671917563533,,0.0213614188746349,0.003930129213427946,1
GODREJPROP,2026,Realty,0.0288447749976651,0.1948048175617987,-0.0331746925240952,-0.5798447162020665,0.3015128049069905,0.003853636447341824,1
ERIS,2018,Healthcare,0.0422426162435538,0.2676478527084429,0.2667085599236565,,0.018909635366554302,0.003144211999467905,1
ZENTEC,2025,Capital Goods,0.0115860264907126,0.0379254472869957,0.029890803716043,0.3740299178945001,0.0591435698037359,0.002720730473739996,1
AEGISVOPAK,2023,Oil Gas & Consumable Fuels,-0.0496006254329312,0.6823283580373593,-0.2758383898904809,,0.02732774499087675,0.002639099614230256,1
TITAN,2024,Consumer Durables,-0.0205407804228611,0.4922179605033759,0.1455488265285424,0.0943630214205186,0.006957110708254,0.0010225429295653843,1
NEULANDLAB,2026,Healthcare,-0.0679182564655613,0.1028176128103094,0.0307314066255936,0.3474079615948127,0.0896323869227041,0.000965343653446693,1
SAPPHIRE,2020,Consumer Services,-0.267835073898746,0.4665703031836086,0.3790183791410651,,0.0123079908665588,0.0005554490912251797,1
CANBK,2025,Financial Services,-0.0319850125543181,0.8924304272755562,7.584169567964594e-05,0.8706510598231091,0.155775390402421,0.0003146813593875031,1
HINDCOPPER,2022,Metals & Mining,-0.2144281736261027,0.1292745139562742,-0.2441577946047984,,0.02556926581353005,9.735561607737697e-05,1
ACC,2023,Construction Materials,0.1032016032110951,0.0074494603473461,0.001480500081476,,0.02233657876759495,9.060072504318839e-05,1
ADANIENSOL,2025,Power,-0.1149112510106255,0.5402540518049179,-0.092999721189825,0.2965087337380102,0.0082451292653453,-0.0,0
ACC,2026,Construction Materials,0.0548953942669388,0.0155715150374601,-0.0013401677845719,0.0786845730027548,0.0559346730916276,-0.00021140169176747658,0
ASTERDM,2024,Healthcare,-0.0056176338761896,0.0977680721317091,-0.3116975184768461,0.176784370505139,0.018909635366554302,-0.00041371870861994786,0
ELECON,2025,Capital Goods,-0.12948301318571,0.0663975057428731,0.0332098726814718,0.1978830608620002,0.0506998435790048,-0.00048012890713056144,0
DRREDDY,2026,Healthcare,-0.0924302760677098,0.1367011508271073,0.0393182410425882,0.1061631151386453,0.0839734361566916,-0.00073797506710227,0
URBANCO,2025,Consumer Services,-0.0343100210421521,0.0544335588388352,-0.0090872571453119,-0.1105623497439113,0.0735131505006363,-0.0008331736368377696,0
LLOYDSME,2022,Metals & Mining,0.2131523678875359,0.1166158814174547,-0.0985177527373526,,0.02556926581353005,-0.0008762005446966148,0
COCHINSHIP,2026,Capital Goods,0.0953522381999428,0.1150505999387501,0.0732080961980124,0.1765474634667934,0.0344428884177179,-0.000987074112231312,0
SOLARINDS,2025,Chemicals,-0.2482480380236542,0.1197388944155828,-0.0842833109119744,0.2778575689081434,0.0077750682019031,-0.0010216193928702655,0
PGEL,2012,Consumer Durables,0.0510814382084985,0.2700118227971347,-0.1568342347748301,,0.006957110708254,-0.0010225429295652733,0
EIDPARRY,2021,Fast Moving Consumer Goods,-0.3261502067283067,0.0927459900894125,-0.1982995155232989,,0.01419611487274645,-0.0017234107312856795,0
ANANDRATHI,2020,Financial Services,-0.1929498618818295,0.102011880607231,0.0994125650936496,,0.0213614188746349,-0.0017831943698627395,0
CAMS,2026,Financial Services,-0.25221121528392,0.0355121174597558,-0.0199425077266172,0.4619902285902337,0.0045383099312374,-0.0020778385284113687,0
JYOTICNC,2024,Capital Goods,0.0589852823709797,0.1394548142163298,-0.4115532037333187,0.2504282440880069,0.0147344734730676,-0.002655130554313545,0
GLAXO,2022,Healthcare,0.1907874999730212,0.0043338721896198,-0.0067845877287013,,0.018909635366554302,-0.0029772904959621815,0
ADANIPOWER,2023,Power,0.0267545563005534,0.4963347664279496,-0.1031330128214425,,0.02714301304713805,-0.004414593318809112,0
TEJASNET,2026,Telecommunication,-0.0358842591460139,0.4442411937809551,0.1185979353888931,-0.2495524169484782,0.2949531706950802,-0.004587432188108864,0
NESTLEIND,2024,Fast Moving Consumer Goods,-0.3313465854988948,0.0327404766294214,-0.0020996335843381,0.2290673322551692,0.0063501711475916,-0.0048052945932344215,0
MRPL,2017,Oil Gas & Consumable Fuels,0.1394546785156754,0.4711542676645292,-0.0042125857098745,,0.02732774499087675,-0.0049011849978561894,0
GILLETTE,2026,Fast Moving Consumer Goods,-0.2389511987902557,1.0686786323050864e-05,-1.5386113504868e-05,0.2909121095246609,0.0235634514824624,-0.005257236208441485,0
ICICIPRULI,2026,Financial Services,0.018699833640322,0.0081160979189855,-0.0001578712765179,-0.2367695717416009,0.1617549199762759,-0.0053362256979411216,0
GODFRYPHLP,2026,Fast Moving Consumer Goods,-0.0384783848632673,0.0281190511143894,0.0024383260790904,0.1505089132400394,0.0399202871578934,-0.005486024441792747,0
LGEINDIA,2025,Consumer Durables,-0.1358167044943449,0.0371472431523798,-0.0063854522599546,0.0476595558515357,0.0210531531430032,-0.005801025979222052,0
DOMS,2026,Fast Moving Consumer Goods,-0.1232606358921344,0.0829725872104975,-0.0571425378391253,0.1231301546583943,0.0299369262997862,-0.00591181618299591,0
COROMANDEL,2021,Chemicals,-0.3171269935664027,0.0432747380976202,-0.1556744941738766,,0.02157821562095625,-0.006529826693436824,0
BLS,2025,Consumer Services,-0.2375647261886082,0.1280473018273112,0.1091163441435696,0.268812970154523,0.0278779013251951,-0.007152223140379332,0
SAMMAANCAP,2025,Financial Services,-0.1205104511830472,0.6087916894945288,-0.0549591870150421,0.8794877499374287,0.051064293280893,-0.007334308527726874,0
BBTC,2025,Fast Moving Consumer Goods,-0.1511547284198875,0.1237734597201106,-0.0576814233885295,0.1861193196062291,0.000229076567767,-0.0076126350954202615,0
ZENTEC,2026,Capital Goods,-0.097491950674102,0.0085921334657103,-0.0293333138212854,0.2712510590228749,0.0546590198886019,-0.007741670774133014,0
PGEL,2024,Consumer Durables,-0.0644759059618132,0.1882322379529809,-0.1941107634584657,0.0880033895152373,0.006957110708254,-0.007980278847073863,0
OLECTRA,2020,Automobile and Auto Components,0.2365291126081594,0.0303509004372241,0.0022471505675486,,0.0091703331938402,-0.008163402954384669,0
DLF,2018,Realty,0.0692180000406044,0.2887007623893426,-0.16791027286897,,0.03750103869543505,-0.008991818377131033,0
ANTHEM,2026,Healthcare,-0.2112828019794184,0.0157262873656062,-0.0246323132797893,0.3600258237291377,0.0267978584613194,-0.00900891973733231,0
MUTHOOTFIN,2025,Financial Services,0.2207926756465518,0.7481696418690724,0.0418680974306204,0.8258683863403194,0.0683345858885012,-0.0092485347314758,0
3MINDIA,2023,Diversified,-0.1216613493858724,0.0098547756058384,0.0016809869533325,0.1775784574997017,0.0040878051093835,-0.00995649999312831,0
BSOFT,2025,Information Technology,-0.104793619562611,0.0338383691250652,0.0101021725716282,0.1816657143069171,0.0436582104867823,-0.010428224623490967,0
KPITTECH,2026,Information Technology,-0.1513286316540417,0.1177371834300913,0.0482596099777084,0.1537024101636427,0.0274912011236074,-0.011480881330226733,0
SWANCORP,2021,Chemicals,-0.0751787848706468,0.6233443406738113,0.2776064135135404,,0.02157821562095625,-0.012261717984268672,0
CHENNPETRO,2020,Oil Gas & Consumable Fuels,-0.1115476951443898,0.6755649034074008,0.2039232960557567,,0.02732774499087675,-0.012568831602047692,0
IRB,2020,Construction,-0.0749238130696783,0.2307894232107197,-0.1794411583118172,,0.00811929390513665,-0.012630163876402034,0
SCI,2025,Services,-0.0379922090930379,0.1904558825791696,-0.0503907359879259,0.4207685196100938,0.1054603134645435,-0.013234099503033447,0
ADANIPOWER,2025,Power,-0.1684550066034895,0.349767268282518,-0.02913176732238,0.3403678610666718,0.0191212534280979,-0.013368689741362627,0
RVNL,2020,Construction,0.1386373226340244,0.3434286143044898,0.0932573774616008,,0.00811929390513665,-0.013680444886624898,0
IFCI,2026,Financial Services,-0.009266336900841,0.1325920564899924,-0.0117701423634415,0.5766220265394729,0.1587234753308957,-0.013754113685523484,0
UBL,2025,Fast Moving Consumer Goods,-0.0161186166739026,0.0753977664515328,0.0609323407046912,0.1089148558415994,0.0270002012865545,-0.013858862784155934,0
IRCON,2018,Construction,0.2368992872059616,0.2505702430609661,-0.0014410977528105,,0.00811929390513665,-0.015851270456894606,0
JSWDULUX,2026,Consumer Durables,-0.0035570310647379,0.0208415672015387,-0.0005471494754606,0.1192746113989637,0.0212413745997685,-0.015890439932000233,0
360ONE,2019,Financial Services,-0.1513604536347732,0.6251285476066587,-0.1030658541544722,,0.0213614188746349,-0.01611325311547851,0
HYUNDAI,2024,Automobile and Auto Components,-0.3070764090349475,0.0316229234695194,-0.0027778505370492,0.1126579769341662,0.0091703331938402,-0.016638646327051032,0
BSOFT,2019,Information Technology,0.1445599340161276,0.0152627743655858,-0.0981747473606579,,0.0142750165362883,-0.016685619967929444,0
PARADEEP,2021,Chemicals,-0.2889065735808788,0.2828679043941435,-0.1757745403150871,,0.02157821562095625,-0.01691274168182022,0
NAVINFLUOR,2026,Chemicals,-0.1019356901892424,0.1993613539171547,-0.1042151762937189,0.3416676235312129,0.0578476631388132,-0.017324064034749287,0
KIRLOSENG,2025,Capital Goods,0.0812031352443957,0.5552938504278846,0.0543589454543835,0.176999893196625,0.0012426754693594,-0.018806245068964556,0
TITAN,2018,Consumer Durables,0.1240631275574936,0.177607698318671,-0.0462893373289655,,0.006957110708254,-0.01913559115901886,0
OBEROIRLTY,2023,Realty,0.2301997474432928,0.2117573093261288,0.0294835325776259,,0.03750103869543505,-0.01922455203650808,0
CARTRADE,2025,Consumer Services,-0.0425693933602688,0.0485651866939225,0.003720456786937,0.3732532074211857,0.0629770446390351,-0.019376053576681762,0
AJANTPHARM,2025,Healthcare,-0.1801351023462461,0.0096688096272145,0.001880541037911,0.2780250792819528,0.0013431752104891,-0.019688702979821615,0
JPPOWER,2025,Power,-0.0961738709967614,0.2124330919395466,-0.0329563633483845,0.1501942764176986,0.0736230224939348,-0.019710111501285876,0
BIKAJI,2026,Fast Moving Consumer Goods,-0.1093559492218317,0.1341802338090798,0.0143618161696505,0.1348432435377114,0.0305104390057616,-0.020017818758885753,0
CAPLIPOINT,2020,Healthcare,0.1513035753941816,0.1005463024650233,0.0514432480018438,,0.018909635366554302,-0.02011502785696595,0
GODREJIND,2018,Diversified,-0.0806547313478808,0.4129611545009348,-0.0909455045967814,,0.01061696811920515,-0.020169548383137226,0
GLENMARK,2025,Healthcare,0.0769691125485899,0.1546292405208943,0.0689000306882882,0.2229773728279094,0.0323807333224734,-0.02030233912345436,0
HOMEFIRST,2026,Financial Services,0.1384382990451348,0.69825088649092,-0.0838452559695297,0.7798368060073233,0.0105002918661824,-0.02058068256443013,0
POWERINDIA,2025,Capital Goods,-0.1430749118806685,0.0102689787445491,-0.035123671503891,0.1658382199682068,0.0444236474542518,-0.020651850812652528,0
HINDZINC,2025,Metals & Mining,-0.297013627138301,0.3179762249927515,0.0606521358940643,0.5513661202185792,0.0205604192309597,-0.02080593511923201,0
TCS,2025,Information Technology,-0.2411045767701025,0.0591998688929649,0.0040621104239812,0.272318034790645,0.0042776090496813,-0.02108419804630013,0
MUTHOOTFIN,2026,Financial Services,0.2564458880676327,0.7756289312755213,0.0274592894064489,0.8376435721204852,0.0594862355413204,-0.02230292184260496,0
DEVYANI,2017,Consumer Services,-0.3530339642905088,0.5139783863605853,-0.0014446844736112998,,0.0123079908665588,-0.022599266507373317,0
ZYDUSLIFE,2025,Healthcare,-0.1564224797010556,0.0875791447596152,0.0596887503335324,0.264607764585913,0.0008917203334688,-0.022693546645100704,0
JSWENERGY,2025,Power,-0.038215016844705,0.5610077691220687,0.0144491459670931,0.4972291364509427,0.086675492545606,-0.022973240828209063,0
BATAINDIA,2025,Consumer Durables,-0.1757118380266032,0.3783695410492172,-0.0268206815338931,0.2244675445653554,0.0051783246636559,-0.02320668591910824,0
BIKAJI,2025,Fast Moving Consumer Goods,-0.067745784695201,0.1198184176394293,0.011080134704182,0.124504753104391,0.033172073501812,-0.023531472638438078,0
SHRIRAMFIN,2018,Financial Services,0.1611642489882644,0.8435795917273154,0.1305821032226082,,0.0213614188746349,-0.023626493941334425,0
BLUESTARCO,2026,Consumer Durables,-0.0059894568749766,0.0945507732247581,0.048361116798213,0.0517330191360363,0.0133094732364631,-0.023779881436401196,0
INTELLECT,2025,Information Technology,-0.1048523931463785,0.0186798659255095,0.0055663735331112,0.1370696491563893,0.0408262502937644,-0.024146703322899588,0
GRASIM,2025,Construction Materials,0.0364095359249251,0.3726209898667594,0.0398144816874822,0.2001682615329447,0.0055532035554188,-0.02418209822832762,0
SAGILITY,2025,Information Technology,-0.0866920340169205,0.1284190046276788,-0.1120360126914344,0.2592902620297795,0.0075248006822742,-0.024244874058385546,0
CIPLA,2025,Healthcare,-0.1159596298338945,0.0117371766008607,-0.0054582275069661,0.1774066786534134,0.0733930449435626,-0.024872995280795784,0
BALRAMCHIN,2026,Fast Moving Consumer Goods,-0.0660596644913244,0.377101092746665,0.0086147038425801,0.0695996432040762,0.0346036808010425,-0.026862722647711224,0
MSUMI,2021,Automobile and Auto Components,0.2150441488767184,0.0538169218732536,-0.0008662445049587,,0.0091703331938402,-0.02723209770396423,0
ADANIGREEN,2019,Power,-0.1431660040948236,0.76018879033507,0.1322427888505311,,0.02714301304713805,-0.02752041054370824,0
PCBL,2024,Chemicals,-0.0896249007340149,0.4411614983431323,0.2516757626004872,0.1578805970149253,0.02157821562095625,-0.0281459003340927,0
SYNGENE,2025,Healthcare,-0.1696022601862888,0.0850365661648935,-0.0052163761590547,0.2281103478355686,0.0512008135814813,-0.02826300883127353,0
HUDCO,2025,Financial Services,0.2500753916572273,0.8350225085440636,0.0429646345922871,0.9067585684308695,0.0471385213585549,-0.028420761811078443,0
WAAREEENER,2022,Capital Goods,-0.2889740196419865,0.1687492744538088,-0.0966876930518333,,0.0147344734730676,-0.029232510883655416,0
NAVA,2026,Power,-0.1416673511979762,0.1549878663924828,0.0756805160027742,0.4344693843868625,0.0542738396307046,-0.02982405779948838,0
NETWEB,2025,Information Technology,0.0969726858026697,0.0089104583001759,-0.0067147968143602,0.1216751767234417,0.0052753179133712,-0.029985317591223137,0
ZYDUSWELL,2019,Fast Moving Consumer Goods,0.003620028872295,0.2874863516117922,0.2573160705454538,,0.01419611487274645,-0.02998769613855512,0
KFINTECH,2024,Financial Services,-0.140357185664629,0.0343084375066099,-0.0935195896520474,0.45014136956072,0.0213614188746349,-0.030332970844345608,0
NLCINDIA,2017,Power,0.0364772441936738,0.3427157325320565,-0.00866163884820365,,0.02714301304713805,-0.030384356517621725,0
WOCKPHARMA,2021,Healthcare,0.1256132197263103,0.3452104311902917,-0.0944569088803543,,0.018909635366554302,-0.030567427651160495,0
TRITURBINE,2026,Capital Goods,-0.0237649945799135,0.0142391429513065,-0.0049696471794171,0.1158798283261802,0.057425159576884,-0.030851063796177636,0
GILLETTE,2025,Fast Moving Consumer Goods,-0.0810293580852062,2.6072899827918862e-05,-1.2383114243001737e-06,0.313632911392405,0.0333167327314046,-0.030918288921354897,0
SBFC,2024,Financial Services,0.1760564875920139,0.5657849093630137,-0.0848892471582412,0.6850074962518741,0.0195976043694016,-0.03170088605690269,0
TVSMOTOR,2023,Automobile and Auto Components,0.1636989379446525,0.6388543575447386,0.0508997082436847,,0.0091703331938402,-0.03195319517930273,0
PAYTM,2025,Financial Services,0.0161320402834763,0.0074599030212607,-0.0019875847815296,0.0706472196900638,0.1362159663011438,-0.03228607806751371,0
TITAGARH,2025,Capital Goods,0.0379118059230382,0.1667327027551674,0.115209580774829,0.1092950027642237,0.0040002075649891,-0.03270027473829773,0
GRAPHITE,2025,Capital Goods,-0.0598088243026708,0.023894194712503,-0.0021900725510935,0.0654205607476635,0.0570754870466867,-0.03280606543435882,0
AEGISVOPAK,2025,Oil Gas & Consumable Fuels,-0.0732390149628892,0.5954640036992246,-0.1281156045600494,0.7457499686729877,0.0081377260910754,-0.03295261633483648,0
JKTYRE,2026,Automobile and Auto Components,-0.0879622763867977,0.3067519436156655,-0.0334788603602924,0.0654344388582549,0.0358917158928117,-0.03322922514001597,0
BDL,2026,Capital Goods,-0.0340223679136135,2.2438032465028225e-05,-0.0005362282786867,0.1451838389486928,0.0595628036340463,-0.033685686480022015,0
MRF,2026,Automobile and Auto Components,-0.1281533703183155,0.1003539204300247,-0.0266684656841308,0.1177149307824847,0.0320030731634323,-0.03373757577959019,0
DALBHARAT,2021,Construction Materials,-0.1111669560449602,0.1754089372201407,-0.1143218799079366,,0.02233657876759495,-0.033817281686938316,0
NTPCGREEN,2024,Power,-0.0569916439454809,0.509285240136408,0.1763208424238088,0.8385206303951849,0.02714301304713805,-0.03384929147509996,0
HINDZINC,2023,Metals & Mining,-0.1311359855640454,0.3349874531254405,0.2713205625948831,,0.02556926581353005,-0.03392344647036438,0
CGCL,2025,Financial Services,0.2192714408459695,0.7477024322105899,0.0607853877153795,0.6520733372023638,0.0061088738085315,-0.03429674894830537,0
SUZLON,2024,Capital Goods,0.042817821931127,0.0209276475062055,-0.3299299795265171,0.1679121159864597,0.0147344734730676,-0.034336081368099736,0
RKFORGE,2025,Automobile and Auto Components,-0.0029073953230456,0.3257400990781504,0.0964567982408548,0.1476623092888614,0.0212813172148325,-0.03450223034545313,0
PIRAMALFIN,2026,Financial Services,0.1479312727036874,0.7235799569176655,0.0328884176101981,0.6153722831008203,0.0764122070843039,-0.03480584850365798,0
JSWCEMENT,2025,Construction Materials,-0.05004982678459,0.5523475822226113,-0.0052274999141481,0.1758182109769186,0.0671413289953425,-0.03485234997289621,0
SUNDARMFIN,2019,Financial Services,0.1592010057370133,0.7431794820620697,0.1232594031825543,,0.0213614188746349,-0.03501278638331429,0
SJVN,2022,Power,-0.0493765613924007,0.2970581302519562,0.1726611206378758,,0.02714301304713805,-0.03560881790545001,0
OFSS,2025,Information Technology,-0.1578675513792179,0.0045295163549313,0.0001189885275778,0.4169082862810926,0.0004869161657,-0.03638729533766544,0
MRF,2025,Automobile and Auto Components,-0.0394140040028374,0.1270223861141556,0.0219363563548646,0.1738900903430003,0.0386472650600888,-0.03639795904808457,0
CONCOR,2019,Services,0.2477609117945367,0.060218228076783,0.0545393763039737,,0.01447484218491725,-0.036413445591203075,0
KIRLOSENG,2023,Capital Goods,0.1864880636920676,0.4829679098211787,0.0916925696116259,,0.0147344734730676,-0.036647709337627954,0
LAURUSLABS,2026,Healthcare,-0.1194821899328239,0.2395998930663416,-0.0564430909185676,0.3149912895855027,0.0571462380455101,-0.03698312941937121,0
RBLBANK,2026,Financial Services,-0.0406309506539917,0.8617340354420385,0.0123364216855829,0.409521279920005,0.1078551798234658,-0.03727788930536963,0
COCHINSHIP,2025,Capital Goods,0.0320225071454811,0.0418425037407377,0.0001212139198352,0.1381728512081516,0.0485994563657253,-0.03730327145888401,0
SARDAEN,2026,Metals & Mining,-0.1122710123387302,0.2314650813054605,-0.0511194802269684,0.406351832043979,0.0854814885258174,-0.0375080180173345,0
ZFCVINDIA,2026,Automobile and Auto Components,-0.1594576883967913,0.0123873008699581,-0.0050702111703885,0.1293402614943067,0.0319162652210717,-0.037515362309841926,0
CANBK,2026,Financial Services,-0.0014630388719832,0.9132613511405038,0.0208309238649475,0.6846991670398784,0.1185255392486499,-0.03763345952459607,0
CCL,2026,Fast Moving Consumer Goods,-0.1713727665672745,0.306118392159582,-0.1217968538448792,0.1612395351743096,0.0078678763810141,-0.03772068122534433,0
RVNL,2026,Construction,0.0944029070158575,0.2220299714588254,-0.0426096280370285,0.0427239466540776,0.0048424944723199,-0.0380631190432531,0
TITAN,2022,Consumer Durables,0.1367283367944119,0.3433547290919388,0.0004941112374022,,0.006957110708254,-0.03907089456449653,0
POLICYBZR,2019,Financial Services,-0.0860868986625856,0.1191696054295029,0.1182147561592806,,0.0213614188746349,-0.039199958403045077,0
SONATSOFTW,2019,Information Technology,0.1671771111460133,0.0102219779069158,-0.0171471606102983,,0.0142750165362883,-0.03957091506140059,0
TATAELXSI,2009,Information Technology,-0.0917620799404786,0.0540652254784441,-0.1596383780903635,,0.0142750165362883,-0.03960042842823297,0
MINDACORP,2020,Automobile and Auto Components,-0.2794395736634004,0.2685232937940519,-0.0121073368365787,,0.0091703331938402,-0.03994036635451198,0
ACUTAAS,2026,Healthcare,-0.1098358837879796,0.017943910159479,0.009597990171872,0.3429793429793429,0.0684569247048423,-0.039971715738793934,0
RHIM,2023,Capital Goods,-0.1197796124512163,0.2702638358656928,0.231613694011131,,0.0147344734730676,-0.039982332295084744,0
NUVAMA,2024,Financial Services,0.0937125227162922,0.330877235148266,-0.0948291166108599,0.5624498477304588,0.0213614188746349,-0.040039260275522515,0
IRCON,2025,Construction,0.0621767381449888,0.2208802946611925,0.0735975816430257,0.0744629643612201,0.0169496328523796,-0.04044289934759737,0
INDGN,2025,Healthcare,-0.1019272978742596,0.0305481223127574,-0.1617837444377139,0.1693026218023564,0.0096529216327732,-0.04079626662339586,0
NH,2026,Healthcare,-0.113279481898243,0.4692573356758147,0.1352720876525328,0.1743124052123429,0.0337151323936929,-0.04089854159811268,0
NTPCGREEN,2025,Power,-0.0447658540183107,0.4280131964083049,-0.081272043728103,0.8196359962650585,0.0133534528536392,-0.041401003372903644,0
ANANDRATHI,2025,Financial Services,-0.1499958392277607,0.0824977115752683,0.0237644494751024,0.4538015330432981,0.0014888958770262,-0.042078493320229005,0
SCI,2026,Services,-0.0543516129710443,0.2011708719143913,0.0107149893352216,0.4534918984490079,0.0969450894704184,-0.04227612123691482,0
HEG,2025,Capital Goods,-0.0128785303532477,0.104046273476672,-0.0051697732209579,0.217380694556713,0.054780268975318,-0.04237879807785283,0
FORCEMOT,2024,Automobile and Auto Components,-0.2036700198654945,0.118807889115657,-0.1190851691391891,0.1226256820623554,0.0091703331938402,-0.04281442340042757,0
RRKABEL,2024,Capital Goods,-0.0942459833408845,0.1254626563970306,-0.2525835309800397,0.0620262043037903,0.0147344734730676,-0.04301756938008461,0
CEATLTD,2026,Automobile and Auto Components,-0.1281484134930773,0.2353642290738758,0.0448267968225895,0.0845298749421028,0.0257867413433687,-0.04329141019371352,0
NETWEB,2021,Information Technology,0.1642617297395408,0.2771576368091478,-0.0238305054833422,,0.0142750165362883,-0.043952962746968416,0
DELHIVERY,2019,Services,-0.3792248710785098,0.110708791276415,-0.0050481660415734,,0.01447484218491725,-0.04411244495974198,0
ONESOURCE,2022,Healthcare,0.075636170082093,0.4726103957254284,0.1657993511320478,,0.018909635366554302,-0.04421351642716287,0
MRPL,2021,Oil Gas & Consumable Fuels,0.0591107094707319,0.6927358974277774,0.0882766933367068,,0.02732774499087675,-0.04434427529249885,0
NAVINFLUOR,2025,Chemicals,-0.0797887536798347,0.3035765302108737,-0.0090714021628982,0.3446664500151282,0.0718850702679879,-0.04447577318505913,0
TRENT,2021,Consumer Services,-0.0753354892701088,0.5177794899479885,0.4633474183549415,,0.0123079908665588,-0.044569621029526774,0
PIRAMALFIN,2023,Financial Services,-0.1285611249325279,0.6621950265704715,0.0793720024052412,0.5683395305875945,0.0213614188746349,-0.04462017532271123,0
INDUSTOWER,2026,Telecommunication,-0.1954452843787641,0.2962472183310407,-0.0386665590780547,0.5311406578026592,0.2207875104897591,-0.044696289192414196,0
IREDA,2026,Financial Services,0.1579303527518533,0.8298411423263315,0.0178971955376272,0.7841072262108516,0.0805303798036204,-0.04509830870660764,0
CGPOWER,2022,Capital Goods,0.1017673753221161,0.0869097695922389,-0.2506309970248483,,0.0147344734730676,-0.04524445931160437,0
HAL,2019,Capital Goods,0.194749994805455,0.0799319097108473,0.0612676239862444,,0.0147344734730676,-0.04541712926011554,0
MRPL,2024,Oil Gas & Consumable Fuels,-0.1902407597575047,0.3580208242502025,-0.1230131791706145,0.0471472086602904,0.02732774499087675,-0.045753017342174185,0
ERIS,2023,Healthcare,0.0265185398086043,0.2571260143884048,0.2192068301831983,,0.018909635366554302,-0.04585143115609769,0
MCX,2025,Financial Services,-0.1269337390206627,0.0002335168328643,-0.0002534594842452,0.7417144917520507,0.0713674196115574,-0.046051168782048235,0
BAJAJHFL,2025,Financial Services,0.1725510717716147,0.7982970321105937,-0.0465248966662944,0.909623680523768,0.003294328192056,-0.04617512037045701,0
POWERGRID,2025,Power,-0.1204305445554175,0.4925588694869197,0.0001275227503143,0.8557227095567681,0.0050024771187902,-0.04625099038984576,0
INTELLECT,2026,Information Technology,-0.0899728603276146,0.0349621542555535,0.0162822883300439,0.1963155341528923,0.0337784865898329,-0.04646645466815408,0
PAGEIND,2024,Textiles,-0.3264804777490326,0.0689075442298086,-0.0820128697615238,0.2303872662884124,0.0200266138250189,-0.046888702400658566,0
CREDITACC,2020,Financial Services,0.2035038472261606,0.7577427064741584,0.0962669156097737,,0.0213614188746349,-0.0470512088848456,0
GLENMARK,2026,Healthcare,-0.1488000988614854,0.029815679592337,-0.1248135609285573,0.2002747307439628,0.0228969100494271,-0.04741445388440435,0
AADHARHFC,2020,Financial Services,0.1596416378112703,0.7798105490261404,-0.0846441463144368,,0.0213614188746349,-0.04748791963811855,0
USHAMART,2020,Capital Goods,0.0811530160128008,0.2438286044527616,-0.2660156720508396,,0.0147344734730676,-0.04755143584458854,0
GODIGIT,2021,Financial Services,-0.2808288308694696,,-0.0006671917563533,,0.0213614188746349,-0.04775289445616404,0
IEX,2022,Financial Services,-0.2671045106975044,0.0059014615107977,-0.0060464687369206,,0.0213614188746349,-0.04788313019762419,0
IIFL,2025,Financial Services,0.0775399927177781,0.7549507208231778,-0.0003909566402193,0.626489080803513,0.1141465135123385,-0.04811904883109708,0
CHENNPETRO,2025,Oil Gas & Consumable Fuels,-0.0205024317340563,0.1822079245130833,0.030592256272699,0.0942379633709256,0.0534021492007685,-0.04826765016909784,0
LUPIN,2025,Healthcare,-0.0629567399521092,0.1879937070521666,0.0649785975697844,0.3155694019688818,0.0569113245225702,-0.04839467570039291,0
TITAN,2026,Consumer Durables,-0.0629613117352751,0.5056224302769109,-0.0055597569539908,0.1353249672223263,0.0210081267542625,-0.048737261739062676,0
PWL,2022,Consumer Services,0.2269548633184997,,-0.0014446844736112998,,0.0123079908665588,-0.048747339714725,0
JMFINANCIL,2018,Financial Services,0.1884619177719466,0.6749245371469075,0.1041324121592224,,0.0213614188746349,-0.04890084287828267,0
CAMS,2025,Financial Services,-0.220440279152519,0.0554546251863731,-0.0126821719384535,0.4584251807043625,0.0063720194668916,-0.04927902279642121,0
PREMIERENE,2025,Capital Goods,-0.1398014823044425,0.2855716520239157,-0.1106759412278591,0.3062908606426159,0.0046488879845003,-0.049870740429894866,0
ULTRACEMCO,2022,Construction Materials,-0.0231344312900482,0.1348121449768671,-0.1172220848321233,,0.02233657876759495,-0.050212703228562416,0
DEEPAKFERT,2026,Chemicals,0.0174322436005712,0.3482812523993059,0.0265108359018274,0.2596230030771498,0.0674548717468771,-0.05030069996690367,0
AEGISVOPAK,2026,Oil Gas & Consumable Fuels,-0.07551023558652,0.4430449192564875,-0.152419084442737,0.7675493005946016,0.0169167892571576,-0.05115177328753495,0
KPITTECH,2025,Information Technology,-0.2530803262043289,0.0694775734523828,-0.0107406623125159,0.1922582320428326,0.0103724671447077,-0.05123578460169964,0
CAPLIPOINT,2018,Healthcare,0.1564591867319412,0.0010590468578279,-0.0009778971680663,,0.018909635366554302,-0.05125840742753096,0
3MINDIA,2024,Diversified,-0.1495834641742246,0.005596911539243,-0.0042578640665954,0.196317494290874,0.0128179915768254,-0.05156748124094057,0
SJVN,2023,Power,-0.0084370647767014,0.435125499056049,0.1380673688040927,,0.02714301304713805,-0.05174316339653251,0
IFCI,2023,Financial Services,0.0075430595528005,0.355386908715224,-0.1027360109579285,,0.0213614188746349,-0.051814242971897184,0
FORCEMOT,2026,Automobile and Auto Components,-0.1652805714679046,,-0.0008662445049587,0.1343396133622403,0.0278888687504911,-0.05194613177277657,0
ANANDRATHI,2026,Financial Services,-0.0889845496210781,0.0628250186262483,-0.01967269294902,0.3374328395291779,0.0665859809637413,-0.05218370908122688,0
SAREGAMA,2019,Media Entertainment & Publication,0.1267494356659142,0.0899689616252821,0.0625134385353255,,0.035357351082854704,-0.05230566004608461,0
CHOICEIN,2018,Financial Services,0.0191143825213225,0.4144175721462788,-0.0981408594451535,,0.0213614188746349,-0.05238035913799949,0
ABB,2025,Capital Goods,-0.0576794481496471,0.0062191681184413,0.0020323697683046,0.1540623283749518,0.0503303028181076,-0.05247776879307331,0
REDINGTON,2023,Services,0.1987344964212514,0.1426602038260669,0.0975284282332764,,0.01447484218491725,-0.052501470225939983,0
LODHA,2022,Realty,-0.0207241338905596,0.3003996927443398,-0.1624291490978995,,0.03750103869543505,-0.05301475526964239,0
BRITANNIA,2025,Fast Moving Consumer Goods,-0.2049011231504795,0.1410597787648173,-0.0865718146872026,0.1966529974928669,0.0092827036313283,-0.053061303660942416,0
ASAHIINDIA,2025,Automobile and Auto Components,-0.091382662228637,0.3970367315679401,0.0392786359938903,0.1994569674578592,0.0310373955647097,-0.05316132067543744,0
GESHIP,2026,Services,-0.0793945167973952,0.0558654194004571,-0.0666454354755429,0.6670772330155185,0.0866012351512592,-0.0531946045922177,0
GPIL,2021,Capital Goods,-0.0951159476616141,0.2580817895236861,-0.2292742351783101,,0.0147344734730676,-0.05329297121954968,0
BALRAMCHIN,2025,Fast Moving Consumer Goods,-0.0437263557442654,0.3684863889040848,0.0384943383430251,0.1388056006381866,0.0247379700301635,-0.05339157133594147,0
PATANJALI,2014,Fast Moving Consumer Goods,-0.2799638734321445,0.2736615894129007,-0.1649762319858844,,0.01419611487274645,-0.05347794662262573,0
HOMEFIRST,2020,Financial Services,0.2593923929877795,0.7165688277431534,-0.0594233061102912,,0.0213614188746349,-0.05351565062563879,0
CAPLIPOINT,2019,Healthcare,0.1254511662985508,0.0491030544631794,0.0480440076053514,,0.018909635366554302,-0.05354912097422254,0
HINDZINC,2026,Metals & Mining,-0.2723389190464951,0.20599480764692,-0.1119814173458315,0.5855823088673893,0.0316812632819582,-0.053658142924151164,0
APLAPOLLO,2026,Capital Goods,-0.2083117294782244,0.0563379484450884,-0.0271810030361706,0.0733549621792459,0.0077236695261823,-0.05375465222987691,0
IFCI,2022,Financial Services,-0.1016784666195314,0.4581229196731525,-0.0840679532936145,,0.0213614188746349,-0.053918420048866655,0
ZEEL,2017,Media Entertainment & Publication,0.1443529125030465,0.2147794296855959,-0.002889931339874,,0.035357351082854704,-0.05420331250768051,0
KOTAKBANK,2026,Financial Services,-0.0361249306936197,0.6601206142058966,-0.0131233397894747,0.1905449160617764,0.0958599434412313,-0.0542062396287587,0
SWIGGY,2026,Consumer Services,0.0834885287474739,0.1010817450568609,-0.0108551178171936,-0.0955666470933646,0.0436438774603227,-0.05485324229186789,0
BAJAJHFL,2020,Financial Services,0.3399633436927246,0.8160172125268946,-0.0006671917563533,,0.0213614188746349,-0.055008595807104155,0
SIEMENS,2016,Capital Goods,0.2003036800347062,0.0021024002402743,-0.0021900725510935,,0.0147344734730676,-0.055256881613585995,0
MPHASIS,2025,Information Technology,-0.0992252615073048,0.1280641439794144,0.017811742786014,0.1874241114481159,0.0020885584617588,-0.05531365851951614,0
PGEL,2022,Consumer Durables,0.1092689221792066,0.3727580467186593,0.0541185956273929,,0.006957110708254,-0.05569466834131431,0
PAYTM,2026,Financial Services,0.0402676144679071,0.0071921388250052,-0.0002677641962554,0.0829248366013071,0.1149281806569775,-0.0558149733147682,0
CPPLUS,2026,Capital Goods,0.0322551547360429,0.0642296773482268,-0.0962219156384735,0.1452417963234979,0.0312904758221005,-0.05584724780585476,0
DOMS,2025,Fast Moving Consumer Goods,-0.0829892814608971,0.1401151250496228,-0.0043386564629821,0.1746061230348367,0.0005265105522033,-0.05609759829940414,0
GODIGIT,2022,Financial Services,-0.276167130453476,,-0.0006671917563533,,0.0213614188746349,-0.05616374402155494,0
TORNTPHARM,2024,Healthcare,-0.1904856450506533,0.2772709567783143,-0.0901892123808386,0.3253826984692061,0.018909635366554302,-0.05633643367655583,0
TCS,2026,Information Technology,-0.2138634519531702,0.0622795542234512,0.0030796853304863,0.2567416118989969,0.0078526427491523,-0.05634414305802382,0
360ONE,2021,Financial Services,-0.0106959153664383,0.5809334180126675,-0.0978234526141118,,0.0213614188746349,-0.056349018196016176,0
PFOCUS,2025,Media Entertainment & Publication,-0.0269326383178044,0.57565785980681,-0.1068936390175588,0.3267701534077731,0.0226831356674303,-0.056584239950519866,0
LALPATHLAB,2025,Healthcare,-0.1763051794414429,0.0580190313331515,-0.0426220752992249,0.2717490148529858,0.0096611111485718,-0.056661730924970344,0
PVRINOX,2023,Media Entertainment & Publication,-0.0727835614775245,0.4887789480074058,-0.2207175645033134,,0.035357351082854704,-0.05667478099302514,0
GRAVITA,2025,Metals & Mining,-0.0733719857479162,0.1137104727365273,-0.2280825377309187,0.1177696717040125,0.0259859054504849,-0.05671120718989364,0
ABREL,2024,Realty,0.0261694029253647,0.2382897779877544,0.1123463705451198,-0.0878986499706515,0.03750103869543505,-0.05683265792412323,0
JKTYRE,2025,Automobile and Auto Components,-0.0351942117499702,0.340230803975958,0.0112543430771871,0.1351634872222327,0.0350942218024581,-0.05738008868072153,0
NLCINDIA,2025,Power,-0.1435326967258285,0.387342041913995,-0.020292292167182,0.3025849360236774,0.0480791589791154,-0.05739015809288156,0
HEXT,2025,Information Technology,-0.1327426322885996,0.0624363666382323,-0.0014026460917693,0.1086481513426484,0.0331047810543267,-0.057416474092774616,0
LUPIN,2026,Healthcare,-0.155179853437026,0.1734433385780864,-0.0145503684740802,0.2959481157777861,0.0419665658289916,-0.058091150430931215,0
INDGN,2023,Healthcare,0.0616634148554834,0.2280049004038295,0.179426062306199,,0.018909635366554302,-0.05810881994074307,0
BALRAMCHIN,2018,Fast Moving Consumer Goods,-0.2562904939142563,0.2675483764592675,-0.1749803449031691,,0.01419611487274645,-0.058291514412288914,0
BAJAJ-AUTO,2026,Automobile and Auto Components,0.0081783571725192,0.2953058728725259,0.1222477718810626,0.2087581487798097,0.0123236221551028,-0.05831208532729609,0
TATACHEM,2020,Chemicals,0.1888540058626611,0.2783307749235368,0.0501896827671673,,0.02157821562095625,-0.05836853381497231,0
TATAELXSI,2010,Information Technology,0.1180161943319838,0.1145748987854251,0.0605096733069809,,0.0142750165362883,-0.05885958698733762,0
KAYNES,2025,Capital Goods,0.0342496154028466,0.194556603651626,0.0957715480496206,0.1484024227951693,0.0043748624296068,-0.058907997255409794,0
KEI,2019,Capital Goods,-0.1598000238755865,0.216851823045729,-0.1624968892894558,,0.0147344734730676,-0.058912098956133696,0
INFY,2026,Information Technology,-0.1699224826298869,0.0594731929897334,0.0038082516859004,0.2366472381821576,0.0042591251502802,-0.059201772219432014,0
JINDALSAW,2026,Capital Goods,-0.0772865836698819,0.2174465694291467,-0.0176907066506953,0.0878937001242051,0.0454664786330447,-0.05975462932044545,0
LTFOODS,2025,Fast Moving Consumer Goods,-0.0411642265806375,0.1701121949442802,0.0182567876153385,0.1118966253737718,0.0014651737564477,-0.060171190740814784,0
CPPLUS,2025,Capital Goods,0.0216629810933237,0.1604515929867004,-0.1048904011988509,0.1228415166226264,0.0278640461168219,-0.06029576392742786,0
DABUR,2025,Fast Moving Consumer Goods,-0.087911397279687,0.0585572790708421,-0.0317481912937165,0.2062102201677602,0.0021067980673888,-0.06053462631222517,0
EIDPARRY,2025,Fast Moving Consumer Goods,-0.0699287557511789,0.1109535929660922,0.0299609127817192,0.0809769011462151,0.0010157700110686,-0.06097442547235865,0
UNITDSPR,2025,Fast Moving Consumer Goods,-0.1160443230115361,0.0364298724954462,0.0127183477996696,0.166350582497968,0.0012526376475299,-0.061304077915206034,0
MOTILALOFS,2018,Financial Services,0.0359879937567535,0.511268099411694,-0.0891454615974421,,0.0213614188746349,-0.0614486706247675,0
PATANJALI,2026,Fast Moving Consumer Goods,0.0355466394076482,0.1483235597271403,0.0975624033830108,0.0479190646926778,0.0105086316082184,-0.061547560424157155,0
APTUS,2022,Financial Services,0.1924106797277992,0.4800159745533106,-0.0763923021265487,,0.0213614188746349,-0.0618443021386933,0
NAM-INDIA,2026,Financial Services,-0.1853366921660619,0.0145100033126102,-0.0043395386711418,0.6621852465215747,0.005280966439741,-0.06207405646664749,0
TRIDENT,2026,Textiles,-0.0798863713258757,0.2426126103414831,0.0142514958166867,0.167788765579266,0.0407806395922779,-0.06217446172665542,0
RKFORGE,2026,Automobile and Auto Components,-0.1107010967070863,0.3418947691749216,0.0161546700967712,0.179062523116375,0.0307505743574925,-0.06267903109214185,0
RAMCOCEM,2026,Construction Materials,-0.0950069097902526,0.2327979899666718,-0.0534768200351041,0.1348188557224874,0.0040733450793482,-0.06269301134639571,0
NETWEB,2023,Information Technology,0.0744848849451045,0.133854714994736,-0.0982292632032317,,0.0142750165362883,-0.06304005911683708,0
PVRINOX,2026,Media Entertainment & Publication,-0.134752727016519,0.4342153302204032,-0.0438920665276842,0.3257921341388238,0.0154712117053364,-0.06365448538926388,0
LENSKART,2025,Consumer Services,-0.105837115178232,0.2637149828433378,0.0167553335707345,0.2003830604100133,0.052869568864942,-0.06373575900863326,0
ASIANPAINT,2026,Consumer Durables,-0.160751185949665,0.1138201701973565,0.0383706186370827,0.2057268396519047,0.0072609135755362,-0.0637875729595832,0
KAYNES,2026,Capital Goods,0.0952754637721732,0.1324149515303865,-0.0621416521212395,0.1559903596118475,0.0068993264221244,-0.063888717763947,0
VIJAYA,2019,Healthcare,-0.1098836207957089,0.3588317791501612,0.2174633670890011,,0.018909635366554302,-0.06422944969834721,0
INFY,2025,Information Technology,-0.1964883791738556,0.055664941303833,-0.0057892566082387,0.2338222036544339,0.005919919619683,-0.06434412393752281,0
TORNTPHARM,2025,Healthcare,-0.1354657919543415,0.2224514590926804,-0.0548194976856339,0.3293975174084166,0.0028389056971518,-0.06603829733179933,0
JAINREC,2025,Metals & Mining,0.0666746540466063,0.5055521367148995,-0.0925600587899541,0.0715487699852621,0.0151411876694232,-0.06657790298094779,0
IOC,2026,Oil Gas & Consumable Fuels,-0.1469207846286647,0.249025931815586,-0.0509825756512233,0.0152473686154522,0.0497819755573922,-0.06667488197956117,0
KPRMILL,2026,Textiles,-0.1242967784991306,0.0872462987571785,0.0090850244512968,0.1936637182772588,0.0035272605306853,-0.06673338437737586,0
BEML,2025,Capital Goods,-0.0200729655275109,0.0378279105551832,0.0251472015085973,0.0033048085888098,0.0463985063917854,-0.0668414125138268,0
DATAPATTNS,2025,Capital Goods,0.0805720189222989,0.0033549018541677,0.0012860627093667,0.4654883613469647,0.0027232903757047,-0.06685060845002277,0
NMDC,2025,Metals & Mining,-0.0033574853780633,0.104270795534798,0.0100845087113383,0.2817289663753697,0.0561632636549513,-0.06688986756282456,0
COFORGE,2026,Information Technology,-0.0857531607627592,0.049022975731,-0.0381978386232774,0.1913996779854189,0.0293395679944486,-0.06691375369908337,0
DEEPAKFERT,2025,Chemicals,-0.1346921601021638,0.3217704164974784,-0.026381225010008,0.1247813658319405,0.0450489498670041,-0.06732577946413915,0
ANGELONE,2021,Financial Services,0.3106729762518073,0.2433545776344872,0.0192268803675959,,0.0213614188746349,-0.0673322874184834,0
INDIGO,2026,Services,-0.1743171612791273,0.5716764667604397,-0.0050481660415734,0.1328948385338491,0.0569641215364183,-0.06733989082001646,0
LAURUSLABS,2025,Healthcare,-0.0374899443740446,0.2960429839849093,-0.0112648472735933,0.2700403196329057,0.0484566174470895,-0.06741914676360866,0
INDHOTEL,2026,Consumer Services,-0.1045219952603072,0.140279376797661,-0.0348042688468049,0.2875824537553598,0.0528410256195817,-0.06764944682573049,0
KAYNES,2023,Capital Goods,0.0964235871266053,0.1090686101752259,-0.1953239221984125,,0.0147344734730676,-0.06779689669369182,0
DEEPAKNTR,2026,Chemicals,-0.022408021732072,0.1892335654671736,0.0248644162881048,0.2095709186840472,0.0652484598702046,-0.06783130581183883,0
HEROMOTOCO,2026,Automobile and Auto Components,-0.2063296145380672,0.0232750289290007,-0.0013787967411572,0.1296796139063791,0.0055819591849243,-0.06812872541953557,0
GODREJIND,2025,Diversified,0.0610450055780639,0.4341602075607474,-0.0386349794211323,0.1077231305890295,0.0112986026769778,-0.06816749191934657,0
SONATSOFTW,2025,Information Technology,-0.1156346769116116,0.1105057799135689,-0.0407505729876221,0.0649877620448097,0.0052673919716227,-0.06817258467010157,0
TATAELXSI,2015,Information Technology,-0.243056301419887,,-0.0050342367827565,0.2049463853337945,0.0114159772625162,-0.06821283395383787,0
ABFRL,2026,Consumer Services,-0.0216151176474308,0.3558029223726441,0.0497891868345164,0.0545725626493414,0.0436763675825195,-0.06836941914866501,0
INOXWIND,2025,Capital Goods,-0.0023910347240546,0.1713047935771018,-0.1364228189984975,0.2332353306555137,0.0066657539957299,-0.06837212537947307,0
DCMSHRIRAM,2019,Diversified,0.0183033462249873,0.22561095230088,0.0919217372165423,,0.01061696811920515,-0.06859238551806002,0
IRB,2026,Construction,-0.0331818345123228,0.3708837069073759,-0.0116582120642283,0.539267383157018,0.0330557390785453,-0.06908037404900313,0
HDFCBANK,2025,Financial Services,-0.0244609570703745,0.761707682523959,-0.0093476412459677,0.3781250380454395,0.0962671281300868,-0.06935467922209548,0
EIDPARRY,2026,Fast Moving Consumer Goods,-0.0479231673772874,0.1207765421554145,0.0098229491893223,0.0832501619070431,0.0018705495404208,-0.06956308085704249,0
CROMPTON,2020,Consumer Durables,0.0310594442950483,0.1270868007355132,-0.1161136187951368,,0.006957110708254,-0.0696890030968515,0
360ONE,2018,Financial Services,0.3294939257289439,0.7281944017611309,-0.0006671917563533,,0.0213614188746349,-0.06984957305791017,0
HEG,2026,Capital Goods,-0.0147362206767697,0.1291049278596636,0.0250586543829916,0.2211842124590549,0.0458653275700868,-0.06986998713711412,0
MGL,2025,Oil Gas & Consumable Fuels,-0.145209377066637,0.0242160180111377,0.0047175759012306,0.170518968663845,0.0037401176528984,-0.06998323333736667,0
LATENTVIEW,2025,Information Technology,-0.044913226282596,0.0160855660419555,-0.0003925535703724,0.223553109600374,0.0018755848822798,-0.07006458977151775,0
LATENTVIEW,2019,Information Technology,-0.0146440929312901,0.1097998022738507,-0.1433382730399568,,0.0142750165362883,-0.07010747186569027,0
IRCON,2026,Construction,0.0333373226232631,0.2687199776599764,0.0478396829987838,0.0980555569758107,0.0237817467220133,-0.07011193931590476,0
BBTC,2024,Fast Moving Consumer Goods,-0.13401913851496,0.1814548831086402,-0.2358254843144545,0.1864432827951871,0.01419611487274645,-0.07017879822976841,0
PAYTM,2019,Financial Services,0.0335813231703141,0.1063807937196193,0.1020388402463464,,0.0213614188746349,-0.07042696815111121,0
ULTRACEMCO,2018,Construction Materials,-0.0291480264027165,0.3409143927775966,0.1401404366340058,,0.02233657876759495,-0.07080441985134095,0
NLCINDIA,2019,Power,-0.0024811709466276,0.4548607300375157,0.1111381535974715,,0.02714301304713805,-0.0713074156215125,0
ERIS,2025,Healthcare,-0.1430616669902495,0.367242347759201,-0.0458067158049728,0.3487646293888166,0.0033037810060228,-0.07170873134692624,0
KOTAKBANK,2025,Financial Services,-0.0136295159086337,0.6732439539953714,-0.0046208023289695,0.2041366783192816,0.1123031562284634,-0.07205031571634735,0
WAAREEENER,2026,Capital Goods,-0.0257918132833832,0.1066770888088042,0.0458333069023431,0.1815378369825726,0.0370735644814813,-0.07231760138894955,0
BIOCON,2026,Healthcare,-0.0292214499857275,0.2434058941252726,-0.0702621186387367,0.1953874538745387,0.0022263697847991,-0.07233993514461823,0
TORNTPHARM,2026,Healthcare,-0.0563288728837206,0.3445133855906253,0.1220619264979448,0.3381426539321276,0.0065244750408075,-0.07251275704053772,0
LTFOODS,2026,Fast Moving Consumer Goods,-0.0802090366310549,0.1776226661547762,0.007510471210496,0.1122776291868533,0.0013201134061639,-0.07266457474881882,0
ITC,2025,Fast Moving Consumer Goods,-0.1442665963657933,0.003233309887083,-7.368598459425897e-05,0.3433140622427958,0.0033503384423345,-0.07275140363801508,0
VBL,2024,Fast Moving Consumer Goods,-0.1382074865866152,0.1222199686995795,-0.235404685778737,0.1570406556079364,0.01419611487274645,-0.0728369296301728,0
360ONE,2025,Financial Services,0.1411077268931007,0.5645523144965432,-0.0621318454678879,0.6139587635846565,0.0317634501898123,-0.07304213437655327,0
CDSL,2026,Financial Services,-0.1443342869900279,0.0009095569630719,-0.0004687262880114,0.4710342943025004,0.0533061467485849,-0.0731844656555059,0
ZYDUSLIFE,2026,Healthcare,-0.023223596184131,0.246602700473234,0.1590235557136188,0.240663589871523,0.01347489321703,-0.07320362006271497,0
SONACOMS,2025,Automobile and Auto Components,-0.0955181824300758,0.0309358306766935,-0.0756979589846439,0.2466576648663066,0.0163705237571368,-0.07365911147483972,0
GODREJIND,2022,Diversified,0.071226117031055,0.4287443275824462,0.0788342823236413,,0.01061696811920515,-0.07368150886235314,0
BERGEPAINT,2025,Consumer Durables,-0.1093599654568528,0.0734556955644056,-0.0165667715117673,0.1578333562334742,0.000514881054106,-0.07371314181145822,0
PIRAMALFIN,2025,Financial Services,0.0897382977923375,0.6906915393074674,-0.0029233910800607,0.6632084395821338,0.0756998074351108,-0.07412832271437281,0
JINDALSAW,2025,Capital Goods,-0.1005149213971833,0.235137276079842,-0.0434695615807276,0.1239286241683372,0.0383856300483815,-0.07416859984942437,0
DCMSHRIRAM,2025,Diversified,-0.0718592364862848,0.1986177200156467,0.0122908419380554,0.1394960143995885,0.005530618749521,-0.07428964481715228,0
ADANIPOWER,2024,Power,-0.1207810499345878,0.378899035604898,-0.1174357308230515,0.3674093969942609,0.02714301304713805,-0.07450832594230011,0
RPOWER,2020,Power,-0.1615849531990199,0.5399689555685948,0.0155709005257561,,0.02714301304713805,-0.0745273596779708,0
HAL,2021,Capital Goods,-0.2256689448295188,0.0009551729399825,-0.1083931505555802,,0.0147344734730676,-0.07471383832128925,0
BSOFT,2026,Information Technology,-0.0607527923042158,0.0267248483743681,-0.0071135207506971,0.1614905031172973,0.0314825839137411,-0.07492560331860354,0
PARADEEP,2019,Chemicals,0.1918044089372848,0.5549375761861947,-0.0058768642923029,,0.02157821562095625,-0.07507782521443751,0
NESTLEIND,2026,Fast Moving Consumer Goods,-0.3101750883179127,0.0336931793614104,-0.0620026606559104,0.2385774625363348,0.0153996925329346,-0.07509106885625189,0
AFCONS,2026,Construction,0.0082636031379633,0.1895840651344841,0.0527028287230121,0.0941520029951329,0.0219089808295801,-0.07523994779791288,0
CIPLA,2026,Healthcare,-0.0744158793804175,0.0144952932866129,0.0027581166857522,0.1674748008225551,0.0629883165108387,-0.07528462194256441,0
GODREJPROP,2018,Realty,-0.1291106092406495,0.4476767803774023,-0.1066469168871945,,0.03750103869543505,-0.07578832018661452,0
NUVAMA,2023,Financial Services,0.1706553085204184,0.4257063517591259,0.0908444641833469,,0.0213614188746349,-0.07596690072995249,0
CDSL,2025,Financial Services,-0.1896943263756238,0.0013782832510834,0.0006148430548343,0.5250361414114864,0.0371990539260539,-0.07618774180849253,0
TEJASNET,2018,Telecommunication,-0.0999947359317777,0.0017070621235251,-0.2703962574828396,,0.0271052256093291,-0.07631636636793004,0
NAUKRI,2021,Consumer Services,0.18126903101539,0.01034429053646,-0.0163646791567392,,0.0123079908665588,-0.07632088865931969,0
LLOYDSME,2024,Metals & Mining,-0.3331428571428571,0.0084139682539682,0.0062570406665189,0.3202182465063247,0.02556926581353005,-0.07635466232563826,0
NH,2025,Healthcare,-0.1181533484896621,0.3339852480232818,0.0452137990623116,0.1698471064583459,0.0427805193347944,-0.07673485468737756,0
TORNTPOWER,2025,Power,-0.1141518720766587,0.242458935052831,-0.1065708044006303,0.2070178389376013,0.0254427801160196,-0.07687479557834659,0
SWANCORP,2024,Chemicals,0.045772680053125,0.283485870580036,-0.2040532256156766,-0.3439175344174322,0.02157821562095625,-0.07701110815590528,0
CROMPTON,2022,Consumer Durables,-0.0224855355977043,0.2614106339525384,0.1173883736166875,,0.006957110708254,-0.07703995107018924,0
GRASIM,2023,Construction Materials,0.0579307628163024,0.3059132849005427,0.0474159555497956,,0.02233657876759495,-0.07714122734500528,0
BANDHANBNK,2017,Financial Services,-0.2570848280978129,0.8022730452250936,-0.0006671917563533,,0.0213614188746349,-0.07723691740094141,0
TATATECH,2021,Information Technology,-0.2445524850744389,0.0745144469355367,-0.0258322327899178,,0.0142750165362883,-0.07750295132419299,0
TATAPOWER,2026,Power,-0.0275967174032894,0.4361790822679376,0.0336919077220383,0.2026217688488845,0.0102865813238424,-0.07809562613966531,0
ULTRACEMCO,2025,Construction Materials,-0.0669602040109237,0.1803622573804519,0.0672345099678525,0.1791492133645569,0.0115969726812855,-0.0781102485159551,0
CHOLAFIN,2018,Financial Services,0.2002781275882009,0.8678545277695136,0.081187852387743,,0.0213614188746349,-0.0784133126217873,0
NTPCGREEN,2026,Power,-0.034469989301412,0.5252599293164496,0.0972467329081446,0.8932565997506461,0.0382375230305975,-0.0785932130594808,0
CONCOR,2020,Services,-0.3293179265673404,0.0059378594525632,-0.0542803686242197,,0.01447484218491725,-0.07874728289885125,0
RBLBANK,2025,Financial Services,0.007198506582756,0.8493976137564556,-0.0003846820427532,0.3399904002967181,0.1004617378526015,-0.07895493423784972,0
PETRONET,2025,Oil Gas & Consumable Fuels,-0.1291266200709841,0.0972236556164778,-0.0205159137403128,0.1073386104947854,0.0037813130370601,-0.07898584891016269,0
CHAMBLFERT,2024,Chemicals,-0.2426220591416955,0.1628234325052546,-0.1001665119508055,0.1581782247471563,0.02157821562095625,-0.0790407957148841,0
TATAELXSI,2008,Information Technology,0.1484299563554903,0.2137036035688076,-0.0050342367827565,,0.0142750165362883,-0.0791493133902233,0
BERGEPAINT,2024,Consumer Durables,-0.1548698582662109,0.0900224670761729,-0.0592254375634326,0.1585615080031999,0.006957110708254,-0.07934267394022687,0
BSE,2024,Financial Services,-0.2564794719281965,2.1163506073397155e-06,-1.2204251663334572e-06,0.3067048561385236,0.0213614188746349,-0.07950944576408747,0
URBANCO,2024,Consumer Services,0.1929452383702199,0.0635208159841471,0.0011048644938906,-0.0065990552931369,0.0123079908665588,-0.0796183959506443,0
PHOENIXLTD,2017,Realty,-0.1784974836296804,0.517334916261303,-0.0193720440279249,,0.03750103869543505,-0.08001795892968538,0
SIGNATURE,2025,Realty,-0.0424360796834548,0.1860798777592195,-0.0420595887919605,-0.2223315989312333,0.1687368710493133,-0.08007185863944294,0
MPHASIS,2026,Information Technology,-0.0433738921845558,0.1487695482645786,0.0207054042851641,0.1813779496128009,0.0045876129875936,-0.08057653713522767,0
MOTHERSON,2025,Automobile and Auto Components,-0.057282278359762,0.1874580927749767,-0.0492064434804255,0.0968840846638537,0.0001383410243817,-0.08061210042240657,0
LENSKART,2026,Consumer Services,-0.101634149354989,0.217385810321298,-0.0463291725220398,0.216816865498972,0.0486113480145675,-0.08064771415081606,0
HCLTECH,2025,Information Technology,-0.174052450229709,0.0600689127105666,0.0019310220776756,0.2188238072744449,0.0075550042307172,-0.08101222522315804,0
TMPV,2024,Automobile and Auto Components,-0.1691622397644518,0.2902784956741295,-0.110449579070033,0.1101066982809721,0.0091703331938402,-0.08148139087415168,0
SONATSOFTW,2026,Information Technology,-0.0862943856761476,0.1451313755795981,0.0346255956660291,0.0520752645542984,0.0064816517921403,-0.08154652060411843,0
PWL,2025,Consumer Services,-0.0975009956670489,0.4393194915620216,-0.2409109337734779,0.2183902736460893,0.0060990346076579,-0.08166883232591493,0
UPL,2019,Chemicals,-0.0138544085849283,0.466709377752863,0.1775349059602252,,0.02157821562095625,-0.0817021893653127,0
OLAELEC,2023,Automobile and Auto Components,0.0063141802600674,0.6289921175919629,0.1456743208325895,,0.0091703331938402,-0.08195908765213228,0
LEMONTREE,2026,Consumer Services,-0.1162021285825159,0.4698099094684171,-0.057271209951601,0.4335625779867096,0.0454958642459928,-0.08203745538387053,0
CRAFTSMAN,2026,Automobile and Auto Components,-0.0413363331588385,0.4035819698606641,0.0722112283101135,0.1578685463772526,0.0167731992505496,-0.0821090148724109,0
LTM,2024,Information Technology,-0.1664264475771757,0.0751734478639863,0.0600976857714365,0.164922522746328,0.0142750165362883,-0.08225684172213388,0
ANANTRAJ,2019,Realty,-0.1667720659343047,0.345790005541611,-0.0021829267449471,,0.03750103869543505,-0.08228286054406564,0
GESHIP,2025,Services,-0.1039236142970582,0.1225108548760001,-0.0588507223860665,0.5745510299496713,0.0569489066896868,-0.08301275958407728,0
MINDACORP,2026,Automobile and Auto Components,-0.08558487952466,0.2690555170779717,-0.0621507533120809,0.1146232214525188,0.001732585534993,-0.08388224578991038,0
VTL,2026,Textiles,-0.057562749807653,0.133758094975761,0.0341654703603145,0.1752075410272726,0.0324651040648439,-0.08392171208015109,0
NETWEB,2022,Information Technology,0.1161429244330798,0.2320839781979678,-0.04507365861118,,0.0142750165362883,-0.084173532884527,0
PREMIERENE,2021,Capital Goods,-0.2188044704193581,0.3555521378037526,0.0466847441629648,,0.0147344734730676,-0.08420861350997921,0
HEXT,2026,Information Technology,-0.03182915106626155,,-0.0050342367827565,0.1574170394257776,0.0276105851383602,-0.08426356247587102,0
KFINTECH,2026,Financial Services,-0.1062906411233107,0.0200168251091285,-0.0065660320337286,0.3414203174959331,0.0548710110616469,-0.08441015884278186,0
ACMESOLAR,2025,Power,-0.078792014901636,0.6050471078466771,-0.0413057593936773,0.8947039996779323,0.0102530441284383,-0.08460481052961466,0
KFINTECH,2025,Financial Services,-0.1753771428571428,0.0265828571428571,-0.0077255803637528,0.4087146439453178,0.0292931186050053,-0.08469408353299662,0
ACMESOLAR,2026,Power,-0.0355027678395924,0.6971294285170694,0.0920823206703922,0.8562798833819242,0.0194037202858715,-0.0847840360832724,0
SAMMAANCAP,2020,Financial Services,-0.1665297165808821,0.7745009989595812,-0.0383584444760969,,0.0213614188746349,-0.0849048103044549,0
NYKAA,2019,Consumer Services,0.0969638367820537,0.4002707406691163,0.1650948897318109,,0.0123079908665588,-0.08498197150754788,0
CGCL,2023,Financial Services,0.2721373541264875,0.6364796480393718,-0.0357620149806888,,0.0213614188746349,-0.08528592310373018,0
HDFCAMC,2025,Financial Services,-0.1491750336546043,,-0.0006671917563533,0.8151799832573715,0.0015042992584529,-0.08536249595751211,0
HAL,2025,Capital Goods,-0.1083435772687119,0.0004732357753734,-0.0001462115075864,0.2430209902842001,0.0008397462476953,-0.08541257392656815,0
ABBOTINDIA,2025,Healthcare,-0.1074609915654241,0.0332363861281562,0.0172105537880534,0.2688278694229832,0.0009314962505562,-0.08555126909969824,0
INTELLECT,2021,Information Technology,-0.0982120557685809,0.0403866778321359,-0.1199599481808624,,0.0142750165362883,-0.08561364178658903,0
GLENMARK,2024,Healthcare,0.0427207861627554,0.0857292098326061,-0.1521438768214267,0.1771841006036811,0.018909635366554302,-0.08568335250351217,0
AMBER,2022,Consumer Durables,-0.0267922975708914,0.2176482090263604,0.1064143478678232,,0.006957110708254,-0.08594947413791232,0
SAGILITY,2026,Information Technology,-0.0792116745169353,0.0892022927496931,-0.0392167118779857,0.2231548067716503,0.0245190956510188,-0.08602478860879753,0
ASTRAL,2025,Capital Goods,-0.1033915765283886,0.0461983438329569,0.0196402229201049,0.1539409665909828,0.0021990006914897,-0.08607451910118952,0
CHENNPETRO,2019,Oil Gas & Consumable Fuels,-0.0043599459321435,0.471641607351644,0.1584229359835671,,0.02732774499087675,-0.08633669175790148,0
JBMA,2022,Automobile and Auto Components,0.0923194137742002,0.4299784129658479,0.0869966154456059,,0.0091703331938402,-0.08639928291942711,0
APOLLOTYRE,2026,Automobile and Auto Components,-0.1142980939755243,0.1265848377042839,-0.0354043721482541,0.1173282831764621,0.0179353977406575,-0.08646048158597364,0
ERIS,2019,Healthcare,0.0451410157394338,0.1174598524594529,-0.1501880002489899,,0.018909635366554302,-0.0865196708837957,0
JINDALSTEL,2022,Metals & Mining,-0.1343194742831555,0.1761614873216973,-0.2080821505924303,,0.02556926581353005,-0.08666540029928466,0
HDFCBANK,2026,Financial Services,-0.0192068880051286,0.7514970012417259,-0.0102106812822331,0.3564299462116229,0.0855550819741045,-0.08668978885610756,0
VBL,2025,Fast Moving Consumer Goods,-0.1275422149414738,0.0982031829956242,-0.0240167857039552,0.1514263560728947,0.0039699092728405,-0.08675089055115265,0
M&MFIN,2025,Financial Services,0.1139864013291395,0.8264322898414672,0.0317145743420955,0.6490465775142022,0.0528050175062963,-0.08692292131217394,0
FACT,2021,Chemicals,-0.1972005461200758,0.5362216494238669,-0.1519426309988536,,0.02157821562095625,-0.08767852343675808,0
NAM-INDIA,2025,Financial Services,-0.17036534236661,0.018849541983752,0.0008862776478831,0.6665721415607986,0.0074345457661077,-0.08770194512949181,0
HINDZINC,2024,Metals & Mining,-0.3147366868269656,0.2573240890986871,-0.0776633640267533,0.5222892964940794,0.02556926581353005,-0.08789191968803561,0
MOTILALOFS,2023,Financial Services,0.1738438739009999,0.447840824566533,0.0829203420699925,,0.0213614188746349,-0.08796405128638418,0
CRAFTSMAN,2025,Automobile and Auto Components,-0.0247623811905952,0.3313707415505506,-0.0415397889929983,0.1517634935448747,0.0180413755777805,-0.08836271918349403,0
CHOICEIN,2025,Financial Services,0.1344260540090002,0.2597868850578668,0.0074474850744878,0.3684401371308016,0.0593452836976732,-0.08840559357306138,0
TATATECH,2026,Information Technology,-0.0671489760331371,0.1058650248584956,0.070365049617545,0.1606603269194956,0.0182309571524353,-0.08847310042558931,0
COALINDIA,2020,Oil Gas & Consumable Fuels,0.0782356724190383,0.042885956073719,0.026272545229077,,0.02732774499087675,-0.08852078305144412,0
TMPV,2019,Automobile and Auto Components,-0.1560890914264668,0.3473147787746878,0.0754544592880845,,0.0091703331938402,-0.08859203259129717,0
GODREJIND,2026,Diversified,0.0725908682507266,0.4095632789456093,-0.024596928615138,0.1054828389398853,0.0099353335614325,-0.08867454774389272,0
VOLTAS,2019,Consumer Durables,0.1103522239032172,0.041867421384652,0.0223660501623659,,0.006957110708254,-0.08877219554614585,0
ELECON,2026,Capital Goods,-0.0754156255411791,0.0843157022339872,0.0179181964911141,0.2096204087905333,0.0384583800912838,-0.08880203701404871,0
FIVESTAR,2016,Financial Services,0.2870843138125472,0.5711050925720375,0.0392819418371899,,0.0213614188746349,-0.08892410912773896,0
DIXON,2025,Consumer Durables,-0.0514681266876519,0.0400387880234518,-0.0299201362532878,0.0388367619070822,0.0010462227666002,-0.08894057895199986,0
CHAMBLFERT,2025,Chemicals,-0.0707907889303752,0.0086580617899464,-0.1541653707153081,0.1391495118899472,0.0134553318985842,-0.08894948256841612,0
ELGIEQUIP,2025,Capital Goods,-0.0973690276268563,0.1900622345154598,-0.0372380183965908,0.1434123978473191,0.0017560367268041,-0.08934561321890483,0
RADICO,2025,Fast Moving Consumer Goods,-0.044547519067615,0.1607764161453423,-0.0386198032818701,0.1726329400355584,0.021836727725542,-0.0894935942172908,0
HINDCOPPER,2020,Metals & Mining,-0.1970822233313889,0.4701637490904499,0.1500954349891512,,0.02556926581353005,-0.08975678542991261,0
SONACOMS,2022,Automobile and Auto Components,-0.0319906308749653,0.0582295743828397,-0.1452382970756955,,0.0091703331938402,-0.08981245964127343,0
RPOWER,2025,Power,-0.0463341740361389,0.3670544622328072,-0.0618002777336584,0.3226757224322419,0.0404327833899558,-0.08989279930671956,0
POLYMED,2021,Healthcare,0.0140063576115646,0.1123041847466353,-0.156967184807533,,0.018909635366554302,-0.09026562384392761,0
DABUR,2026,Fast Moving Consumer Goods,-0.1137156884675035,0.0736456881070898,0.0150884090362476,0.196815420293859,0.0048009723974617,-0.09037014592130538,0
NUVAMA,2025,Financial Services,0.0220135235340844,0.276136193507365,-0.0547410416409009,0.5499325297276737,0.0088510804420378,-0.09051373443935995,0
ACMESOLAR,2021,Power,-0.1385829596125314,0.779232092828484,0.0940589222245684,,0.02714301304713805,-0.0907102829316484,0
ASTRAL,2026,Capital Goods,-0.1721945826423438,0.0432386677722498,-0.002959676060707,0.1465145754119138,0.0054134864200743,-0.09082084377580518,0
RAMCOCEM,2020,Construction Materials,-0.014207943657746,0.2992639424576307,0.0997215592663325,,0.02233657876759495,-0.09085169740946453,0
EMCURE,2025,Healthcare,-0.0764824735616672,0.1259276040942016,-0.1769483804233199,0.2084849459271921,0.0196603410656894,-0.09113443956182438,0
MRPL,2025,Oil Gas & Consumable Fuels,-0.012398073959312,0.381613361036234,0.0235925367860315,0.1126816703862348,0.0463398622878255,-0.09116119613754436,0
IDEA,2026,Telecommunication,-0.1208839951990815,1.0046861138652612,-0.1741013820281962,0.4306613055008982,0.003565114712204,-0.0911649060156885,0
UBL,2026,Fast Moving Consumer Goods,-0.0277140118668217,0.135828784316234,0.0604310178647011,0.0921463646857046,0.0191390971204902,-0.09124311595645557,0
KIMS,2026,Healthcare,-0.0610217535464912,0.5529925754482686,0.1027359488575352,0.1894022891055532,0.028145618134387,-0.09138769867359747,0
SAILIFE,2021,Healthcare,0.0536364736824729,0.3505958996819667,0.1352780420833053,,0.018909635366554302,-0.09162077376329136,0
MEESHO,2023,Consumer Services,0.1765982236331093,,-0.0014446844736112998,,0.0123079908665588,-0.09178794007181895,0
CHENNPETRO,2018,Oil Gas & Consumable Fuels,-0.1275859616039099,0.3132186713680769,-0.1600783714449287,,0.02732774499087675,-0.0919410580116014,0
ACC,2025,Construction Materials,-0.0514417842165759,0.016911682822032,0.001726217732126,0.1079750361716371,0.05576011989254,-0.09206805158951165,0
MEDANTA,2025,Healthcare,-0.1109346380682426,0.1505865222618296,-0.0367702212210941,0.1938648993390361,0.0411250523056,-0.09206870206332135,0
CLEAN,2025,Chemicals,-0.1050078149421694,0.0013316661456705,-0.0001220928597577,0.3286293075977602,0.0568148646023669,-0.09240816230910714,0
SCHNEIDER,2025,Capital Goods,-0.1091046444242073,0.3136072936501366,-0.0502279555373641,0.1676885257051799,0.002947051657369,-0.09241664761711099,0
ENDURANCE,2025,Automobile and Auto Components,-0.1435524927322475,0.1034053515641693,0.0061732657635298,0.1322341764083121,0.0013697832838916,-0.09242171474409655,0
TARIL,2018,Capital Goods,0.0987219889563675,0.3670032432631085,0.1278417813021808,,0.0147344734730676,-0.09250935206573041,0
KIMS,2025,Healthcare,-0.0928777332489629,0.4502566265907333,0.0954674849452266,0.1993585246065951,0.0304076748223185,-0.09251010731346337,0
CRISIL,2024,Financial Services,-0.137087813119961,0.0634231235634662,0.0490723794901233,0.3144559704680637,0.0213614188746349,-0.0928799896097201,0
CRISIL,2025,Financial Services,-0.1121896714270749,0.0647739969971018,0.0013508734336356,0.3139602614717494,0.0003505191927889,-0.09306990904625795,0
BALKRISIND,2022,Automobile and Auto Components,0.0480317843734117,0.2303119233298539,0.1077231489604492,,0.0091703331938402,-0.09320335042369804,0
JMFINANCIL,2020,Financial Services,-0.1262513545093109,0.5666606573371021,-0.0513187764902368,,0.0213614188746349,-0.09359149665168548,0
ZYDUSWELL,2025,Fast Moving Consumer Goods,-0.0651826324531582,0.0292305065275772,-0.0242305565132138,0.0632189864234635,0.0220457643839218,-0.09377513725751413,0
JIOFIN,2025,Financial Services,0.0775858543199781,0.0297378321704617,-0.0006671917563533,0.6159507159507159,0.0699412305436776,-0.09405021437225414,0
SAIL,2022,Metals & Mining,-0.1556984478235779,0.1435785411503731,-0.1754725502354429,,0.02556926581353005,-0.09409226280417643,0
BLUESTARCO,2025,Consumer Durables,-0.07363795068254,0.0461896564265451,0.0094448252518993,0.0752193784590351,0.0006316735051791,-0.09415198995495644,0
MARICO,2026,Fast Moving Consumer Goods,-0.1461306532663316,0.0559798994974874,-0.0109687409858962,0.2069749810462471,0.0199090383598074,-0.09425524711333388,0
KEC,2017,Construction,-0.1556901412652714,0.2416266103334439,-0.0014410977528105,,0.00811929390513665,-0.09452412500165452,0
ADANIENT,2025,Metals & Mining,0.0056303264489477,0.4623497191306556,0.0556514241833425,0.1467195872292813,0.0087241889296623,-0.09466334498096118,0
TMCV,2025,Capital Goods,-0.1673816994301082,0.2118417963330558,-0.0021900725510935,0.1184144276101982,0.0073435217845669,-0.09474259496699461,0
MPHASIS,2024,Information Technology,-0.1251320504588106,0.1102524011934004,0.0930030204086266,0.1903777791505444,0.0142750165362883,-0.09486799581703959,0
ATGL,2025,Oil Gas & Consumable Fuels,-0.1050555076447771,0.2392915061365661,0.003053175832221,0.2024148339801638,0.0014760355631478,-0.09486880547678034,0
LALPATHLAB,2024,Healthcare,-0.1787721564903386,0.1006411066323764,-0.0754255762629236,0.2580861404390815,0.018909635366554302,-0.09487187511626494,0
MOTILALOFS,2026,Financial Services,0.1692091319075067,0.4897401637159139,0.0553901654112564,0.5749118443790574,0.0274654348446168,-0.09493879639249697,0
RKFORGE,2024,Automobile and Auto Components,-0.1140515907855679,0.2292833008372955,-0.1281256850475423,0.1175659818584812,0.0091703331938402,-0.09500123037894687,0
COFORGE,2025,Information Technology,-0.0804168737726424,0.0872208143542775,-0.0325594235563327,0.1709559257946354,0.026454162706506,-0.0950486850589422,0
BAJAJHLDNG,2025,Financial Services,0.0527861403863305,0.000411741939444,-0.0005484938331981,0.8574310458766652,0.0708017127326856,-0.09519368461246275,0
INTELLECT,2019,Information Technology,0.1113835741566076,0.0817000876649848,-0.0353916122475839,,0.0142750165362883,-0.0952727042142868,0
ZENSARTECH,2019,Information Technology,0.0509981486995585,0.0972126924122574,0.0931411375573093,,0.0142750165362883,-0.09533607359424073,0
RAINBOW,2025,Healthcare,-0.1359408327338356,0.3212382046201288,-0.0313742170532953,0.329958468963969,0.0053468780813874,-0.09542243892361729,0
SAILIFE,2026,Healthcare,-0.120641071774573,0.0798460984858969,-0.0321741700016275,0.2670262858792329,0.0393018285680991,-0.09548792047671312,0
PHOENIXLTD,2018,Realty,-0.149678245437299,0.4314971119762367,-0.0858378042850662,,0.03750103869543505,-0.09554732456236753,0
KIRLOSENG,2021,Capital Goods,0.0555482392604103,0.2234967208365159,0.1551535223530788,,0.0147344734730676,-0.09570838792282405,0
RITES,2025,Construction,-0.0874181685103768,0.0014752949364544,6.291792359656143e-05,0.2336384100954665,0.0210988045680316,-0.09592609101284794,0
NETWEB,2024,Information Technology,0.0185315199111793,0.0156252551145362,-0.1182294598801998,0.1291356028623611,0.0142750165362883,-0.09593671782342256,0
HUDCO,2026,Financial Services,0.2083657175326612,0.8491888391167364,0.0141663305726728,0.9707922962899196,0.0377520787314354,-0.09593972442390358,0
ACE,2025,Capital Goods,-0.1090563601143806,0.0060658610829259,0.0040092346880167,0.1518083849151094,0.0016491408855832,-0.09615281411389359,0
ANGELONE,2024,Financial Services,0.0461281117631702,0.191728523420559,0.086368163843311,0.3928981706689061,0.0213614188746349,-0.0962527993490016,0
PVRINOX,2020,Media Entertainment & Publication,-0.1022837271482558,0.1743039970273716,-0.1596360786982454,,0.035357351082854704,-0.09637214429172652,0
PATANJALI,2024,Fast Moving Consumer Goods,-0.0395532258176202,,-0.0020996335843381,0.0619860017984032,0.0221160640547062,-0.09665245029575703,0
SJVN,2019,Power,0.0230197406514234,0.1439266392273905,-0.0110838503244043,,0.02714301304713805,-0.096710334206913,0
UNITDSPR,2021,Fast Moving Consumer Goods,-0.1685015685767662,0.1218202540271886,-0.1688047106369224,,0.01419611487274645,-0.09690911395182777,0
PINELABS,2026,Financial Services,-0.0282830654562339,0.0331619732672276,-0.0645901184026404,0.1287656733431037,0.0282743910246233,-0.09697831431295467,0
MSUMI,2024,Automobile and Auto Components,-0.2074038675969288,0.082544840549237,-0.0460398990718418,0.1032830785817378,0.0091703331938402,-0.0970762416604159,0
KPITTECH,2021,Information Technology,-0.2447027491321606,0.1168876713442742,-0.0075183339573956,,0.0142750165362883,-0.09712446305456013,0
JYOTICNC,2026,Capital Goods,0.0007606497885393,0.2358705844279775,0.0579030561235903,0.21403425964167,0.0276970153556982,-0.09728850632885278,0
RVNL,2024,Construction,-0.1350796637017429,0.3081484236083052,-0.0429971139278309,0.0523954652338977,0.00811929390513665,-0.0973155026053103,0
YESBANK,2021,Financial Services,-0.2152267978355036,0.8289490055024712,-0.0208350943553587,,0.0213614188746349,-0.09734771034173101,0
UNITDSPR,2026,Fast Moving Consumer Goods,-0.0689225659123936,0.0285793370700989,-0.0078505354253473,0.1584194977843427,0.0041629481909302,-0.09783370967208793,0
COCHINSHIP,2019,Capital Goods,0.1770231048746486,0.0234248234568183,0.0010084883271407,,0.0147344734730676,-0.09790467627988336,0
HEROMOTOCO,2019,Automobile and Auto Components,0.130337390755476,0.0168338705040325,0.0037342822480787,,0.0091703331938402,-0.0979275086439183,0
NYKAA,2022,Consumer Services,0.1492947952411906,0.2239648682559598,-0.0318072871429064,,0.0123079908665588,-0.09823303057563582,0
ANTHEM,2025,Healthcare,-0.0633036280355323,0.0403586006453956,-0.0591026439962402,0.3714994682736618,0.0361161955314795,-0.09826935300594714,0
HINDUNILVR,2026,Fast Moving Consumer Goods,-0.1044169655622162,0.0185357044320148,-0.0020996335843381,0.2276108644253503,0.0049640299340923,-0.09844640946097116,0
PATANJALI,2013,Fast Moving Consumer Goods,0.1369014817945604,0.4386378213987851,0.0131440080454235,,0.01419611487274645,-0.09844825607994429,0
TORNTPOWER,2026,Power,-0.1071220446543872,0.3101462601789718,0.0676873251261408,0.1893034963657736,0.017991470182128,-0.09873183049543316,0
TORNTPHARM,2018,Healthcare,-0.0151679610873414,0.4537132859375504,0.1922599305502237,,0.018909635366554302,-0.09877688644534888,0
ELGIEQUIP,2026,Capital Goods,-0.0989824759751271,0.1506783493499152,-0.0393838851655446,0.1462059875729617,0.0026400192458656,-0.0988204492569903,0
ADANIPOWER,2026,Power,-0.1110350125218661,0.3864484207194349,0.0366811524369169,0.4205230270623731,0.0407781661352694,-0.09886761875799421,0
INDIAMART,2019,Consumer Services,-0.2864453243984161,,-0.0014446844736112998,,0.0123079908665588,-0.09908423734193889,0
INDIAMART,2017,Consumer Services,-0.2886695939522882,,-0.0014446844736112998,,0.0123079908665588,-0.09908423734193889,0
DRREDDY,2025,Healthcare,-0.0714847947225068,0.097382909784519,0.0457579616802273,0.2156304978636872,0.0392951376615907,-0.09917262686574713,0
IIFL,2018,Financial Services,0.2534703126871688,0.7714626745719265,0.0507890980918319,,0.0213614188746349,-0.09930494413497443,0
ATUL,2025,Chemicals,-0.063383470065534,0.028902885273899,-0.0077429552566639,0.1570010548925407,0.0008066053970196,-0.099400261272512,0
ZEEL,2019,Media Entertainment & Publication,0.1107167710508002,0.0861749014149849,-0.0509536824641852,,0.035357351082854704,-0.0994192256360848,0
BRITANNIA,2024,Fast Moving Consumer Goods,-0.2195105550349997,0.22763159345202,-0.0929135976268658,0.1835252721219524,0.01419611487274645,-0.0994742768464375,0
ANURAS,2025,Chemicals,0.0150259637721868,0.2606588117398764,0.0283388061766787,0.2487657332422675,0.049382813754974,-0.09970958423098963,0
MRPL,2022,Oil Gas & Consumable Fuels,-0.0383732653577016,0.531684190750587,-0.1610517066771903,,0.02732774499087675,-0.09995406202151558,0
CGCL,2024,Financial Services,0.2525813241699598,0.6869170444952103,0.0504373964558384,0.6434340850115127,0.0213614188746349,-0.09999075856595097,0
LTTS,2021,Information Technology,-0.1320911136552051,0.0948442619714973,0.0878031539846036,,0.0142750165362883,-0.10040207036182236,0
SUZLON,2018,Capital Goods,-0.0240581193230203,1.078678520975094,0.1646819255523589,,0.0147344734730676,-0.1004539438011029,0
BHARATFORG,2025,Automobile and Auto Components,-0.0767273839934817,0.3354414880644455,-0.0788386784288991,0.1717596185064,0.0052655062145769,-0.10049178625022476,0
WAAREEENER,2025,Capital Goods,-0.1063506417321795,0.0608437819064611,0.0117697669516519,0.2548773636658052,0.0326127353950638,-0.10060626339332251,0
LTTS,2025,Information Technology,-0.1224148497470681,0.0599972992905444,-0.0176629899904967,0.1788533295063145,0.0053844906888677,-0.10081359633677173,0
NEULANDLAB,2025,Healthcare,-0.1269926464179385,0.0720862061847157,0.020033340248539,0.175433808646608,0.0298136406291523,-0.10093427838948515,0
MARUTI,2026,Automobile and Auto Components,-0.1051381546114563,0.0006884725514389,2.4429997760293623e-05,0.0822053829059763,0.024553177977505,-0.10100348860447317,0
SONACOMS,2020,Automobile and Auto Components,0.0578165863358332,0.197711111591415,0.0976529204180972,,0.0091703331938402,-0.10108270122383639,0
TCS,2024,Information Technology,-0.2196848878134623,0.0551377584689837,0.0013224580678889,0.2662685820580557,0.0142750165362883,-0.10146340762007716,0
SHREECEM,2026,Construction Materials,-0.1038193242051647,0.0594046434541656,0.022652303418521,0.2041029145870533,0.0068287741633332,-0.10152739195558863,0
AAVAS,2019,Financial Services,0.2580355080061846,0.649247365334376,-0.0326855762556004,,0.0213614188746349,-0.1017413968479896,0
GODREJIND,2023,Diversified,0.1230830003744501,0.4490299729289455,0.0202856453464992,,0.01061696811920515,-0.10179410761475538,0
AADHARHFC,2025,Financial Services,0.1424356493454486,0.7028394465271014,-0.028311303996529,0.7734934391276214,0.0052714096281523,-0.10180770974970843,0
TRITURBINE,2025,Capital Goods,-0.0464179726779976,0.0192087901307237,0.0173407503750058,0.2134615384615384,0.0025894401166125,-0.10206555741877321,0
PARADEEP,2020,Chemicals,-0.2148600990353928,0.4586424447092307,-0.0962951314769639,,0.02157821562095625,-0.10209299039648412,0
MMTC,2019,Services,0.1085204414793302,0.2195272865094912,0.1191377225697721,,0.01447484218491725,-0.1021112057078688,0
RKFORGE,2023,Automobile and Auto Components,-0.1332631059789746,0.3574089858848379,-0.1074412834149826,,0.0091703331938402,-0.10217501274034174,0
KFINTECH,2020,Financial Services,-0.1116101245998295,0.4758746171031116,0.0502644074689437,,0.0213614188746349,-0.10263593873775984,0
360ONE,2020,Financial Services,-0.1095867371271506,0.6787568706267794,0.0536283230201206,,0.0213614188746349,-0.10271294476759618,0
INOXWIND,2026,Capital Goods,0.053674557246759,0.1326525238627425,-0.0386522697143593,0.1873111411374524,0.0242554296284998,-0.10294324650997194,0
NUVOCO,2022,Construction Materials,-0.0606057979718365,0.2842355181982575,-0.1071602312151506,,0.02233657876759495,-0.10300754714495919,0
CHOLAHLDNG,2025,Financial Services,0.1550527188584582,0.7762933158431893,0.0187989607062267,0.5489853539978228,0.0047590240105772,-0.10307658913575979,0
TECHNOE,2026,Construction,0.1153939037756465,0.0122420993790288,0.0044920210653697,0.1579147761525526,0.0087250547310677,-0.1031892531703903,0
HINDPETRO,2025,Oil Gas & Consumable Fuels,-0.0524695172276407,0.362264590746463,-0.0025393591515586,0.0607688713817766,0.0078427035557581,-0.10348828734673354,0
SWIGGY,2023,Consumer Services,-0.0105845058436401,1.4327325399977306,0.3176258743024869,,0.0123079908665588,-0.10349421751888316,0
PIDILITIND,2025,Chemicals,-0.119326157831016,0.0324764064420764,0.00080347232115,0.2410328013348033,0.0029569176196961,-0.1035087977777931,0
HDFCBANK,2024,Financial Services,-0.0003505364528011,0.7710553237699268,-0.074338481725232,0.5142673162577168,0.0213614188746349,-0.10365169237152605,0
INDHOTEL,2025,Consumer Services,-0.07329367994287,0.175083645644466,-0.0106322302349971,0.3785486072991879,0.0007809147326662,-0.10393644090328635,0
HOMEFIRST,2025,Financial Services,0.1913431987598747,0.7820961424604498,0.0161919431560683,0.7887773722627737,0.0084755717938252,-0.10399129544716301,0
GLAXO,2026,Healthcare,-0.1540564355542604,0.0076944959029758,0.0052724339614801,0.3148842760325646,0.0264995883374214,-0.1042334339029351,0
CYIENT,2025,Information Technology,-0.0915997480711699,0.0673647194667506,-0.0463123199651528,0.1270760075737084,0.0122601315068989,-0.10442484520444817,0
PHOENIXLTD,2026,Realty,-0.0933841130805663,0.2335017364515326,0.0147520281352336,0.5968147059370755,0.0150824676519404,-0.10444529201956843,0
3MINDIA,2018,Diversified,0.1286029602700597,0.0043581753657058,-0.00240368687431485,,0.01061696811920515,-0.10446503335906643,0
AWL,2026,Fast Moving Consumer Goods,-0.1446524760304598,0.0448451541020296,-0.0415943025392568,0.0345812629001992,0.008913718203187,-0.10459033587279232,0
ANURAS,2022,Chemicals,0.1118852813478403,0.28929096538721,0.1051577370722767,,0.02157821562095625,-0.10488331204374546,0
TITAGARH,2023,Capital Goods,0.0397138891854382,0.1571385359951603,-0.1880722595596112,,0.0147344734730676,-0.10490429452892563,0
CROMPTON,2025,Consumer Durables,-0.1027590067890964,0.0754748819201867,-0.036860484835819,0.1028709898330084,0.0023978890086233,-0.10498441601499497,0
ASHOKLEY,2026,Capital Goods,0.0547198464255175,0.6348859427255439,0.0222020579489059,0.1844028772134397,0.0051999655942508,-0.10516063275510101,0
INDIGO,2024,Services,-0.2282626224543779,0.6236596148349944,-0.134498851761659,0.2342123949038248,0.01447484218491725,-0.10526532405387962,0
SJVN,2026,Power,-0.031579508603505,0.6235518114080935,0.036852224667476,0.6092672011933619,0.0555890310029944,-0.10528416426283455,0
NAVINFLUOR,2020,Chemicals,0.1547100759580726,0.0008596709916304,-0.0023074278998848,,0.02157821562095625,-0.10548987296409001,0
MANKIND,2026,Healthcare,-0.091992276659594,0.227403302416192,-0.0804066502665421,0.2620435221642489,0.0035074182540753,-0.10560354944222444,0
BBTC,2022,Fast Moving Consumer Goods,-0.0907446918722141,0.3855692099082429,0.1705564821391579,,0.01419611487274645,-0.10592378512892714,0
SUZLON,2022,Capital Goods,-0.2318953614441084,0.998511164720164,-0.050591331988713,,0.0147344734730676,-0.10597537405404212,0
HSCL,2026,Chemicals,-0.024180236236579,0.1220952081935941,0.0547757651511607,0.2010713188255999,0.0057656144118079,-0.10599827570429227,0
NH,2024,Healthcare,-0.1550928966792943,0.2887714489609702,0.076758212820552,0.2303478971069767,0.018909635366554302,-0.10603187059817304,0
ANANTRAJ,2018,Realty,0.049821292607763,0.3479729322865581,0.0908827154409799,,0.03750103869543505,-0.10607011165179325,0
CROMPTON,2026,Consumer Durables,-0.0959139388694852,0.032766469193728,-0.0427084127264586,0.1004241572782346,0.0029316805914996,-0.10608260679677473,0
HINDUNILVR,2025,Fast Moving Consumer Goods,-0.0661006974443735,0.020635338016353,0.0017282300139577,0.229973845873122,0.0050695162293225,-0.10612622620522966,0
IFCI,2020,Financial Services,-0.0385769292475533,0.5600272741857854,-0.0695004835176906,,0.0213614188746349,-0.10612989683043639,0
TIINDIA,2022,Automobile and Auto Components,-0.0142828810514904,0.098138887073401,-0.1303181706674871,,0.0091703331938402,-0.10613803408716627,0
SHREECEM,2018,Construction Materials,-0.032662843662555,0.2247427133202612,0.1089866399617204,,0.02233657876759495,-0.10627617347056978,0
BEML,2026,Capital Goods,-0.0203558204135634,0.0432834482120682,0.005455537656885,0.0024157536419316,0.0381434602559488,-0.10630179693723174,0
VOLTAS,2026,Consumer Durables,0.0098502491708103,0.0684654058200561,0.0004158317163839,0.0488456189151599,0.0030351101080788,-0.10636727932465184,0
PETRONET,2020,Oil Gas & Consumable Fuels,-0.008467739798271,0.1955652491930311,0.1474713644740859,,0.02732774499087675,-0.10640971605647437,0
VEDL,2025,Metals & Mining,-0.1693107932379713,0.4575322596779034,-0.0086963840457168,0.3056193466747903,0.0083620738219156,-0.10648875165670124,0
BRITANNIA,2020,Fast Moving Consumer Goods,-0.0104603846458412,0.1963831847081693,0.1713717626865115,,0.01419611487274645,-0.10654161282248986,0
SONACOMS,2026,Automobile and Auto Components,-0.0641209776174794,0.0592575423440418,0.0283217116673482,0.22550722410083,0.0221584589470444,-0.1067454682061254,0
BATAINDIA,2021,Consumer Durables,-0.1651517652177827,0.3097660880133235,-0.0248952345460608,,0.006957110708254,-0.10704938379405876,0
CGCL,2026,Financial Services,0.2779152895091198,0.737914677439099,-0.0097877547714908,0.6854067289150513,0.0221639892533731,-0.10717826213220821,0
DIVISLAB,2026,Healthcare,-0.0917128727708676,0.0003496678155752,0.0001132751673865,0.4074675324675325,0.0453748394468818,-0.10718403449897884,0
ANANDRATHI,2024,Financial Services,-0.2279650805919931,0.0587332621001659,-0.000102520053621,0.4516959163010462,0.0213614188746349,-0.10722634133625941,0
IOC,2025,Oil Gas & Consumable Fuels,-0.0422525959496655,0.3000085074668093,0.0252368923961283,0.1108680131744718,0.050796036642386,-0.10731903122487163,0
LALPATHLAB,2026,Healthcare,-0.1484440934149052,0.0633732169415631,0.0053541856084116,0.3102670176758179,0.0270590546395138,-0.10743202782886363,0
CHOICEIN,2019,Financial Services,0.0890984438430311,0.3510656292286874,-0.0633519429175913,,0.0213614188746349,-0.10757483540846108,0
AFFLE,2026,Information Technology,-0.0847662811970791,0.0033574620216863,-0.0193752855949747,0.2243428449060442,0.004536397641783,-0.10765317651315465,0
TATATECH,2025,Information Technology,-0.103929486227216,0.0354999752409505,-0.0106411568561682,0.1412065342344387,0.0257626817737919,-0.10775705616671788,0
CRAFTSMAN,2021,Automobile and Auto Components,-0.1126833623878566,0.342693141715209,-0.1160418189310931,,0.0091703331938402,-0.10779432972645481,0
AFFLE,2020,Information Technology,-0.015748619196895,0.1679355127630989,0.1110670684309872,,0.0142750165362883,-0.10789157098886965,0
ZEEL,2018,Media Entertainment & Publication,0.0830840004672183,0.1371285838791701,-0.0776508458064257,,0.035357351082854704,-0.1079219461780333,0
IDEA,2020,Telecommunication,-0.357863823696355,0.5067720617528124,-0.0416215104458669,,0.0271052256093291,-0.10799997287705554,0
OLECTRA,2026,Automobile and Auto Components,-0.0303104670640021,0.1481438198745666,0.0307771439972524,0.1185557157998992,0.0175028383403946,-0.108011889981877,0
ZEEL,2026,Media Entertainment & Publication,-0.0445851359431606,0.0186486581548309,-0.0047165423315496,0.0522204162952865,0.0549982401187748,-0.10808581980723847,0
MAXHEALTH,2025,Healthcare,-0.0748720569139311,0.1982222298313495,0.0899758552661433,0.2603795852035289,0.0047915631833402,-0.10813836185544062,0
ACUTAAS,2024,Healthcare,-0.0732001094990418,0.197691395200292,0.1929974165318173,0.2497181715698752,0.018909635366554302,-0.10815228299728091,0
DEVYANI,2025,Consumer Services,-0.1705718947208709,0.5970887334997949,0.0079952588441464,0.1602678881254771,0.0031461693646633,-0.10868904076086255,0
DEEPAKNTR,2021,Chemicals,-0.0633900158411955,0.1653484362076458,-0.1787604509816942,,0.02157821562095625,-0.10871051492542266,0
SBFC,2025,Financial Services,0.1755460547363522,0.6124328883459849,0.0466479789829711,0.6862592880115338,0.0163747044042919,-0.10871227401816402,0
AEGISLOG,2021,Oil Gas & Consumable Fuels,-0.0717202067088324,0.2413608331470499,0.1537806808186961,,0.02732774499087675,-0.10876891801234223,0
CARTRADE,2026,Consumer Services,-0.0683736541273428,0.0466668882094909,-0.0018982984844316,0.3130841121495327,0.0454374909787931,-0.10892340467460915,0
TATATECH,2022,Information Technology,0.1127714556661925,0.0619819819819819,-0.0125324649535547,,0.0142750165362883,-0.10894689314343181,0
GAIL,2025,Oil Gas & Consumable Fuels,-0.1049071978542648,0.1621569384227465,-0.0125636151732327,0.0832169337200273,0.0019958221273938,-0.1089595595396633,0
ZYDUSLIFE,2022,Healthcare,0.0862178745079879,0.1527010013892104,-0.0401666611397186,,0.018909635366554302,-0.10896195487925686,0
JKCEMENT,2026,Construction Materials,-0.0862444641802121,0.3342162176479205,-0.0271548779636983,0.1606609585983153,0.0041148916324981,-0.10899750928017682,0
CAMS,2024,Financial Services,-0.1952627557517616,0.0681367971248266,-0.0169259166722086,0.4674365770541461,0.0213614188746349,-0.10916106074787812,0
PARADEEP,2025,Chemicals,-0.1027308502325059,0.3574144353451146,-0.0580353261732186,0.0821911850915081,0.0039685125304436,-0.10927367003782673,0
CONCORDBIO,2026,Healthcare,-0.0933555576465527,0.0010395243280057,-0.0004204660370409,0.3199347547477572,0.0407737538500259,-0.10928398601322287,0
ACE,2026,Capital Goods,-0.0915838005923911,0.0024329253851619,-0.003632935697764,0.1500483657468689,0.0020527852082946,-0.10939313502886894,0
HYUNDAI,2026,Automobile and Auto Components,-0.1869684161205618,0.0319018633157638,0.0036525417805859,0.0925463264242899,0.0115083802164681,-0.10952177795985546,0
UNOMINDA,2025,Automobile and Auto Components,-0.0677597361356558,0.2108118568455798,0.0381694721298737,0.110305576258554,0.0007651488285642,-0.10955513705744402,0
THERMAX,2026,Capital Goods,-0.038990451564572,0.177657235031672,0.0267476888602881,0.0297994120022755,0.0340689613365737,-0.10959889422031399,0
GALLANTT,2025,Capital Goods,-0.1348204094860991,0.1064325672495667,-0.0408822407733193,0.1431285977756664,0.0246824897315207,-0.10966055413129411,0
RELIANCE,2025,Oil Gas & Consumable Fuels,-0.0820931080625712,0.1919836406691651,-0.0078507798139213,0.1737151054151488,0.0061869757615992,-0.10975601580526212,0
CEATLTD,2025,Automobile and Auto Components,-0.0834960253790672,0.1905374322512863,0.0112888455285888,0.1355167727114179,0.0227763421138574,-0.1098633053612928,0
OLECTRA,2021,Automobile and Auto Components,-0.2147520979619797,0.0086701489981161,-0.021680751439108,,0.0091703331938402,-0.10990141431473421,0
EMMVEE,2025,Capital Goods,-0.0894522896423799,0.5276691202959686,-0.1380803459486017,0.3587589498806682,0.0166389863896875,-0.10999656923714418,0
PPLPHARMA,2026,Healthcare,-0.0978022202709625,0.3222942648490418,0.0075367006397871,0.0859942200606188,0.0373355487648295,-0.11006704833560332,0
DMART,2026,Consumer Services,-0.0882908642485572,0.0821541760749113,0.0484426877136462,0.0797753388884957,0.0024279820595362,-0.11010980492033529,0
APLAPOLLO,2021,Capital Goods,-0.1815119375101134,0.1531267008929228,-0.1023669718535002,,0.0147344734730676,-0.11016424518249246,0
JSWENERGY,2018,Power,-0.1443003667911259,0.4447173058722133,-0.0607284001568806,,0.02714301304713805,-0.11027882752519247,0
WAAREEENER,2023,Capital Goods,-0.145492968206707,0.0432467102820144,-0.1255025641717944,,0.0147344734730676,-0.1102805105967613,0
RHIM,2024,Capital Goods,-0.0437595636991407,0.0954702397300584,-0.1747935961356343,0.1238151775996833,0.0147344734730676,-0.11042797887164596,0
VOLTAS,2025,Consumer Durables,0.0236579402104877,0.0680495741036722,0.0060516300579777,0.0472617617079755,0.0041484476318007,-0.11046876429860641,0
LT,2026,Construction,-0.0278925742463622,0.2774124001230197,-0.0718463678642107,0.1199430570956822,0.0045148425250507,-0.11049238213461138,0
JWL,2026,Capital Goods,0.0039894237829074,0.2114521926976568,0.0860192838754439,0.0968035304290783,0.021535857232697,-0.11065956009601752,0
SJVN,2025,Power,-0.0490321098806245,0.5866995867406174,0.0681348560928324,0.7148442193406472,0.0159900436658069,-0.11074844515017396,0
FORTIS,2018,Healthcare,-0.1771666684358329,0.231429356601408,0.0001697744109844,,0.018909635366554302,-0.11084296797240534,0
TITAN,2025,Consumer Durables,0.0547422807233362,0.5111821872309017,0.0189642267275257,0.1067437834435001,0.0087545207827071,-0.11087271864700388,0
PAYTM,2020,Financial Services,-0.0451951077460687,0.0415550378567268,-0.0648257558628924,,0.0213614188746349,-0.11088290496711356,0
ABB,2026,Capital Goods,-0.0229246244293869,,-0.0021900725510935,0.1256129052199153,0.0350650939961208,-0.11107047146578575,0
LICI,2021,Financial Services,-0.0202708993971864,9.58343595378393e-07,-0.0724063598913307,,0.0213614188746349,-0.11118055293313145,0
AFFLE,2025,Information Technology,-0.0849141499586048,0.022732747616661,-0.0330709875027502,0.2272568887897751,0.0062918274635438,-0.1111842802474804,0
MRPL,2020,Oil Gas & Consumable Fuels,-0.1191593629745819,0.6044592040910706,0.1278201247454266,,0.02732774499087675,-0.11124571298147934,0
AIAENG,2026,Capital Goods,-0.03403388034757,0.001203650095284,-0.061423853051602,0.2636427458433931,0.0044144885412328,-0.11133183551776593,0
AAVAS,2022,Financial Services,0.1127507263451112,0.7272055613392887,0.0153468678102544,0.7154143471813695,0.0009563897711476,-0.11147894582197365,0
PTCIL,2024,Capital Goods,0.1233922829581993,0.2030859235441229,-0.1163816305324161,0.2278840406455469,0.0147344734730676,-0.11151165628925419,0
ABFRL,2025,Consumer Services,-0.1118435619926106,0.3060137355381277,-0.1277279276445872,0.1270695887363818,0.0042097707532086,-0.11158608533439168,0
BAJAJHFL,2022,Financial Services,0.2718100903660389,0.8550343437107693,0.0203287910695838,,0.0213614188746349,-0.11167274375634373,0
LTTS,2026,Information Technology,-0.1047307604301731,0.0551540691022805,-0.0048432301882638,0.1864902554334886,0.0044028136128472,-0.11170635535801399,0
ABBOTINDIA,2018,Healthcare,0.1028561495577748,,-0.0036016930944258,,0.018909635366554302,-0.1119633647004385,0
CHALET,2019,Consumer Services,-0.1056845635112821,0.4378708447684512,-0.308298797110861,,0.0123079908665588,-0.11197501079709565,0
ASHOKLEY,2025,Capital Goods,0.0084003801030359,0.6126838847766379,0.0090576757209829,0.1903158681181154,0.0031485416756861,-0.11202927400131657,0
DEEPAKNTR,2025,Chemicals,-0.0680965502210598,0.1643691491790688,0.1174313915858102,0.1067864321989701,0.0128973598573895,-0.11211238174167504,0
DEVYANI,2019,Consumer Services,-0.1975059336427864,0.2701038456644297,-0.2392642862037022,,0.0123079908665588,-0.11215147722681773,0
CGPOWER,2018,Capital Goods,-0.1015967395507077,0.2813164267518162,0.1334993764796117,,0.0147344734730676,-0.11219494480907488,0
SHRIRAMFIN,2025,Financial Services,0.1570814003666765,0.7965958698230057,0.0091496337424543,0.720885959463501,0.0031125193659023,-0.11220338459783247,0
AUBANK,2016,Financial Services,0.247818868723693,0.785608126250345,0.0416933725734856,,0.0213614188746349,-0.11241314472783498,0
CHENNPETRO,2026,Oil Gas & Consumable Fuels,-0.0952770018969663,0.0977938430745791,-0.0844140814385041,0.0568126223315419,0.0377615191717917,-0.11248036926726923,0
SOLARINDS,2026,Chemicals,0.0029517242150398,0.1419976874433391,0.0222587930277562,0.2767542663976882,0.0060550025274385,-0.11285999093308147,0
ZYDUSWELL,2021,Fast Moving Consumer Goods,-0.0296482970759367,0.0971334685154497,-0.1746513205959126,,0.01419611487274645,-0.11295091303493487,0
TATACONSUM,2026,Fast Moving Consumer Goods,-0.0581955462773719,0.0822524398504729,0.0070833102513636,0.1353816125992731,0.0069868282874265,-0.11296552551989403,0
BBTC,2023,Fast Moving Consumer Goods,-0.264758958330011,0.4172803674230947,0.0317111575148517,,0.01419611487274645,-0.11308593231851322,0
LLOYDSME,2023,Metals & Mining,0.1124810590168951,0.0021569275874493,-0.1144589538300054,,0.02556926581353005,-0.11309852033632756,0
POLYCAB,2026,Capital Goods,-0.147881291538213,0.0115086595920074,-0.0032149142731579,0.1383955379774974,0.0066835929031883,-0.11312671901186577,0
CCL,2025,Fast Moving Consumer Goods,-0.0446642049714924,0.4279152460044613,-0.0309029931475532,0.1760680018275967,0.0084673925414536,-0.11326234394762164,0
ETERNAL,2026,Consumer Services,-0.0132606453514071,0.1127645989882618,0.0553578673822769,0.0293899361733709,0.0041240048341955,-0.11328261679925244,0
ANANTRAJ,2026,Realty,0.0850850093031246,0.0990804611088625,0.0070758455949281,0.2904497941083306,0.020576917895127,-0.1135045640279706,0
CEATLTD,2024,Automobile and Auto Components,-0.1623042673470408,0.1792485867226974,-0.0592031551248576,0.1033061607927512,0.0091703331938402,-0.11378263616817452,0
PPLPHARMA,2025,Healthcare,-0.0666585003538735,0.3147575642092546,0.0024672010564092,0.0914681733002472,0.0436681546214651,-0.11380639545587523,0
GMRAIRPORT,2025,Services,-0.0683851734820232,0.7925435772122322,0.0520592316393007,0.4257704624151546,0.0367676182341998,-0.11395764575338163,0
CEMPRO,2016,Construction,-0.1462911467111874,0.1893958325579416,-0.0014410977528105,,0.00811929390513665,-0.11409083912391127,0
ZENTEC,2020,Capital Goods,-0.0170980099037652,0.0117724002616088,-0.1795582172144747,,0.0147344734730676,-0.11443344791746723,0
NUVAMA,2026,Financial Services,0.0962365259383026,0.3346794710661568,0.0585432775587917,0.5262385374431414,0.0183908832173566,-0.11490289514707691,0
INDUSINDBK,2025,Financial Services,-0.0327550564591193,0.838404350407914,-0.0006601798951685,0.4640759420656861,0.0626492399488136,-0.11492773018913144,0
POLYMED,2025,Healthcare,-0.0507874052748478,0.0564669985244961,-0.0371009136698384,0.2252157355264757,0.0314393947272987,-0.1150328080673576,0
BAJAJHFL,2026,Financial Services,0.1620968791647151,0.8156224623378994,0.0173254302273057,0.923941077759858,0.0073027385912381,-0.11506799364046233,0
ABFRL,2020,Consumer Services,-0.0827038698299193,0.5415722599507496,0.2843842223677004,,0.0123079908665588,-0.11507338486925867,0
GLAND,2025,Healthcare,-0.0584675723136242,0.0280796501522439,-0.0069949246685522,0.2565118912797282,0.0025211312922565,-0.11528843360998997,0
WOCKPHARMA,2025,Healthcare,0.01,0.2495061728395061,-0.0599238245337535,0.1993243243243243,0.0154100612854642,-0.11530402952022095,0
POLYCAB,2019,Capital Goods,-0.1297478812430041,0.0484018264840182,-0.1315176897139089,,0.0147344734730676,-0.1154727461072309,0
SIEMENS,2025,Capital Goods,-0.0229246244293869,,-0.0021900725510935,0.1101365285718014,0.0034786619785988,-0.11562185798901731,0
POWERGRID,2026,Power,-0.1267060480796216,0.5024900423756854,0.0099311728887656,0.8202609091984496,0.0187679852882925,-0.11595291018999809,0
NH,2018,Healthcare,-0.0517659991775015,0.3169545411407421,0.1854222331496278,,0.018909635366554302,-0.11613401205493795,0
NYKAA,2018,Consumer Services,0.1449849917879594,0.2351758509373053,-0.0014446844736112998,,0.0123079908665588,-0.11619215339691241,0
ANGELONE,2025,Financial Services,0.1260316864442958,0.2021326799541229,0.0104041565335638,0.3964641546183234,0.0025215314322353,-0.11635301456458419,0
TIINDIA,2025,Automobile and Auto Components,-0.064185634101015,0.0442887991430412,-0.0241067631918988,0.1007862451064387,0.000851430430303,-0.11642648252574411,0
TRENT,2024,Consumer Services,-0.1189276364017174,0.2447711802282961,-0.3076167958108945,0.1819733880804714,0.0123079908665588,-0.11646706794987982,0
HYUNDAI,2025,Automobile and Auto Components,-0.1033485993455904,0.0282493215351778,-0.0033736019343415,0.1122959425242398,0.0002559969862818,-0.1165929175413849,0
INDIGO,2025,Services,-0.2037360749632046,0.5767246328020131,-0.0469349820329813,0.2286734350436053,0.0039166360778813,-0.11661435333679976,0
EXIDEIND,2025,Automobile and Auto Components,-0.0504397447741153,0.0942842529668513,0.032415171638986,0.1076467829519186,0.0013673067784547,-0.1167166177822001,0
GPIL,2022,Capital Goods,0.0278797446998219,0.0876208861885548,-0.1704609033351313,,0.0147344734730676,-0.11675625429248748,0
POWERINDIA,2026,Capital Goods,-0.0789357441056417,0.0071489539776746,-0.0031200247668744,0.1457719283471482,0.0320880129836521,-0.11678585779725681,0
IREDA,2025,Financial Services,0.1886856391080699,0.8119439467887043,0.018229524608033,0.9158807430323116,0.0101218340036565,-0.11681626840041459,0
LGEINDIA,2024,Consumer Durables,-0.1685026899054414,0.0435326954123344,0.0081309531730367,0.0774332105570886,0.006957110708254,-0.11685836807377237,0
WELCORP,2026,Capital Goods,-0.1057748492145036,0.1154641408952227,0.0416233084878024,0.1696446073626847,0.0252586809288935,-0.1169937853211554,0
IFCI,2024,Financial Services,-0.0022481745805618,0.2837034566278861,-0.0716834520873379,0.5409050306106887,0.0213614188746349,-0.11702351824980867,0
TATACONSUM,2025,Fast Moving Consumer Goods,-0.0525292941199386,0.0751691295991092,-0.0495572304760589,0.1409761345852895,0.0098193046199928,-0.11715205007426654,0
ONGC,2025,Oil Gas & Consumable Fuels,-0.1074057453478825,0.2495385887838564,-0.0100186116041477,0.1513253889416461,0.0040139429157919,-0.1172067274649582,0
KPITTECH,2024,Information Technology,-0.1988131722266685,0.0802182357648988,-0.0055548082756213,0.2069271157541476,0.0142750165362883,-0.11722176502989629,0
GAIL,2026,Oil Gas & Consumable Fuels,-0.0468330034134014,0.1766492522629026,0.0144923138401561,0.1722881497251903,0.0506301720252579,-0.11741530660603289,0
ENDURANCE,2026,Automobile and Auto Components,-0.1383331467302839,0.1142579083807735,0.0108525568166042,0.1241792954165691,0.0042043659015941,-0.11782856696241412,0
RAINBOW,2026,Healthcare,-0.1294092632367992,0.3210923873088178,-0.000145817311311,0.2864954573501564,0.0275370217028369,-0.11783314232804715,0
CEMPRO,2020,Construction,-0.1292015630150445,0.1724276977530858,-0.0325120473668463,,0.00811929390513665,-0.11785020044812228,0
BALKRISIND,2025,Automobile and Auto Components,-0.0883927120896777,0.2089875955089525,-0.0175044897200723,0.2349613963804311,0.0002454426882396,-0.11791458443594255,0
PREMIERENE,2026,Capital Goods,-0.0735823237921005,0.341834749365137,0.0562630973412213,0.2900848293869462,0.0081509280522992,-0.11802556549743987,0
GODREJPROP,2023,Realty,0.1485386469771004,0.2783240208956387,-0.0135406398800713,,0.03750103869543505,-0.11841247723882242,0
M&M,2025,Automobile and Auto Components,0.0054302845559972,0.4674580733759217,0.0045812644361106,0.1950178263811246,0.0024439400081522,-0.11848286640451977,0
COALINDIA,2025,Oil Gas & Consumable Fuels,-0.0893938003069983,0.0354242220365616,0.0078391493532108,0.2671861537805171,0.0473684719590613,-0.11851899289293305,0
ADANIENT,2026,Metals & Mining,-0.0134824312551793,0.4087187186120448,-0.0536310005186108,0.1524508883798374,0.0092336844431804,-0.11853254350342812,0
ASIANPAINT,2024,Consumer Durables,-0.166989679529992,0.0827530528478029,0.0077852394872539,0.1914429483100647,0.006957110708254,-0.11853336373222478,0
MEDANTA,2026,Healthcare,-0.0940999153259949,0.2015325994919559,0.0509460772301263,0.2198995437291515,0.0291329016970572,-0.1186146609322038,0
ABSLAMC,2026,Financial Services,-0.1137918617212819,0.014433475335358,-0.0021083056646832,0.5564843614999136,0.0319787509191172,-0.11884745757284015,0
APTUS,2023,Financial Services,0.2160060644233502,0.5289397849582235,0.0489238104049128,,0.0213614188746349,-0.11888648019820225,0
VTL,2025,Textiles,-0.1188313594595138,0.0995926246154464,-0.0499005664697905,0.113498928276341,0.0094482901139742,-0.11909464805300918,0
HOMEFIRST,2023,Financial Services,0.2517925614634899,0.7142749029523844,0.0367558776126252,,0.0213614188746349,-0.11925323355287332,0
KIMS,2024,Healthcare,-0.1131881364362189,0.3547891416455067,0.1210234450673004,0.2423614707405489,0.018909635366554302,-0.11930233473667673,0
LATENTVIEW,2022,Information Technology,0.0382552410043818,0.023664066619393,-0.0762203709769089,,0.0142750165362883,-0.11939551397341269,0
GRASIM,2026,Construction Materials,0.0350629485201651,0.4003503849031294,0.02772939503637,0.2289088639918548,0.0192649099843197,-0.11946308833697289,0
TECHM,2026,Information Technology,-0.0957315473369712,0.0444641502449779,-0.0012859186557282,0.1742755491060915,0.0197731223621563,-0.11953485852194151,0
SIGNATURE,2026,Realty,-0.0082438916964161,0.172619268394455,-0.0134606093647645,-0.0810340767042881,0.1199880957803757,-0.11970990691840905,0
ESCORTS,2019,Capital Goods,0.1515284779805267,0.059690204101577,0.0468293824086004,,0.0147344734730676,-0.11977451761420654,0
CHAMBLFERT,2026,Chemicals,0.0267899050438675,0.0741193853263752,0.0654613235364288,0.1642344768869031,0.0130895987453194,-0.11993209012086553,0
JBMA,2020,Automobile and Auto Components,-0.1496224471002842,0.3122763179508111,-0.0770792428115285,,0.0091703331938402,-0.11994371121703029,0
APLAPOLLO,2025,Capital Goods,-0.1196631491369414,0.0835189514812591,-0.0756967762636728,0.0788632617787569,0.0107851583937419,-0.11998200056024938,0
BAJAJFINSV,2019,Financial Services,0.1453517945606011,0.4786029892886845,0.0718604515090482,,0.0213614188746349,-0.1200383049694832,0
ACMESOLAR,2024,Power,-0.1001071405585695,0.6463528672403545,-0.1030937916770425,0.880204005615885,0.02714301304713805,-0.12004197700386471,0
ADANIENSOL,2026,Power,-0.1061660741671091,0.5301655135610077,-0.0100885382439102,0.3097956149058601,0.0124824613381495,-0.12005923802436874,0
TARIL,2019,Capital Goods,-0.1982720400159154,0.2993008582959131,-0.0677023849671953,,0.0147344734730676,-0.12014447889006191,0
INDIAMART,2025,Consumer Services,-0.1053061046596093,0.0080000774825906,-0.0037931481545538,0.297808764940239,0.037293954389945,-0.12019927202352765,0
LTFOODS,2018,Fast Moving Consumer Goods,0.0228660221842793,0.4753037133486469,-0.1134514007052667,,0.01419611487274645,-0.12031855149123033,0
PFOCUS,2019,Media Entertainment & Publication,-0.0371892768838381,0.628892407449295,0.1528326295810622,,0.035357351082854704,-0.12033194764260424,0
PTCIL,2016,Capital Goods,-0.0375092661230541,0.2953792933036818,0.1412246373317555,,0.0147344734730676,-0.1203612765158365,0
HDFCAMC,2026,Financial Services,-0.169212846196344,,-0.0006671917563533,0.7733059324191612,0.0248129323752311,-0.12055346325198812,0
ADANIPOWER,2017,Power,-0.1524142073148135,0.7339337067488172,-0.00866163884820365,,0.02714301304713805,-0.1206295214096394,0
BAJFINANCE,2019,Financial Services,0.2660859061770546,0.8177235572234676,0.0328346673911632,,0.0213614188746349,-0.12063564023990125,0
ABBOTINDIA,2026,Healthcare,-0.1369931697203753,0.0264521457474934,-0.0067842403806627,0.2880883066472586,0.0107599159172561,-0.12070240550182365,0
IRCON,2019,Construction,0.1227957286352926,0.2309974276305219,-0.0195728154304442,,0.00811929390513665,-0.12079610970583615,0
PIRAMALFIN,2024,Financial Services,0.029856887915349,0.6936149303875282,0.0314199038170567,0.5135913049635347,0.0387128415967037,-0.1208680817099545,0
RRKABEL,2023,Capital Goods,-0.1001966874492144,0.3780461873770703,0.1183272703560427,,0.0147344734730676,-0.12090518597262079,0
PAGEIND,2026,Textiles,-0.2106127335998711,0.096912875737822,-0.0021446382329915,0.2034566510612833,0.0152669142427227,-0.12104783264260677,0
TARIL,2026,Capital Goods,0.0625705277443493,0.1711973127289222,0.0418742726747728,0.1630848796170108,0.0091185353737323,-0.12117148532781896,0
TATAPOWER,2021,Power,-0.0731615397683479,0.4734481349318492,-0.105718648361084,,0.02714301304713805,-0.12121573848641676,0
MOTILALOFS,2021,Financial Services,0.0996424148287102,0.4054642660530531,-0.0533922347437845,,0.0213614188746349,-0.12151979539865143,0
LINDEINDIA,2026,Chemicals,-0.1172309186196257,0.0135874992252439,0.0053487164728255,0.2888559248804654,0.0392429194633025,-0.12161536041208576,0
EMAMILTD,2025,Fast Moving Consumer Goods,-0.1635018523666608,0.0254707507616545,-0.0032705075517429,0.3335619590036551,0.010697159422235,-0.1216646543440662,0
HONASA,2023,Fast Moving Consumer Goods,-0.0925088697415104,1.9109275215408008,0.1232502080215496,,0.01419611487274645,-0.12175080567367441,0
HCLTECH,2024,Information Technology,-0.180362806294568,0.0581378906328909,0.0067277029653306,0.2295081967213114,0.0142750165362883,-0.12176506344122151,0
CHOICEIN,2021,Financial Services,0.0938922667970301,0.2312016865776528,-0.0535848629552064,,0.0213614188746349,-0.12177661339051421,0
RADICO,2023,Fast Moving Consumer Goods,-0.0049143612136055,0.2023857478153918,0.129972066202798,,0.01419611487274645,-0.12184425023319251,0
BIOCON,2025,Healthcare,-0.0669188036816103,0.3136680127640093,0.0217270728392693,0.1997364006709801,0.0021228897535125,-0.12184610921077998,0
HOMEFIRST,2024,Financial Services,0.2103071546345904,0.7659041993043815,0.051629296351997,0.8007636408424683,0.0213614188746349,-0.12202519435074727,0
IDEA,2025,Telecommunication,-0.0736701119506709,1.1787874958934574,-0.1391182248927378,0.4254172922370396,0.0011044552376156,-0.12205498720230246,0
KPITTECH,2020,Information Technology,-0.1472984693565922,0.1244060053016699,0.0453600758713525,,0.0142750165362883,-0.122072276813188,0
CIEINDIA,2025,Automobile and Auto Components,-0.0981481084736542,0.0396702159468902,-0.0187968269735281,0.1398161303802758,0.001362287136481,-0.12234513974676337,0
TECHM,2025,Information Technology,-0.1053548273416074,0.0457500689007061,-0.0130391063080467,0.1643553900452991,0.0199354108762876,-0.12240541995576687,0
NAVA,2023,Power,-0.0001574586356164,0.2766278298690933,-0.0585688911666287,,0.02714301304713805,-0.12244077467002806,0
TATAPOWER,2025,Power,-0.076240210047422,0.4024871745458993,0.0163832468744268,0.2190149271494026,0.0134080028062883,-0.12247509037418425,0
INOXWIND,2022,Capital Goods,-0.0009120492774859,0.4421913325140537,0.1555400746472391,,0.0147344734730676,-0.12248620700020763,0
CHOICEIN,2020,Financial Services,-0.0274507460307974,0.2847865495328592,-0.0662790796958281,,0.0213614188746349,-0.12248976556568747,0
BAJAJHFL,2023,Financial Services,0.2411225329112722,0.831275305804083,-0.0237590379066862,,0.0213614188746349,-0.12258428499130619,0
EMMVEE,2022,Capital Goods,-0.1369531138663246,0.572894399315947,-0.1168376669641998,,0.0147344734730676,-0.12269156112124874,0
DLF,2026,Realty,-0.0755939286701641,0.0041637724167398,-0.0557542383438001,0.117390693097146,0.0721583420330761,-0.12277142442907546,0
IEX,2025,Financial Services,-0.1402944845609594,0.0028000619200684,-0.0030411649631069,0.837028900940482,0.0138172768502006,-0.12277187756370878,0
JKCEMENT,2025,Construction Materials,-0.1057911285222296,0.3613710956116188,-0.0137135207603824,0.1609814413222949,0.0049225619606365,-0.12279757839068578,0
BLS,2026,Consumer Services,-0.1890825177051006,0.1142091721704994,-0.0138381296568117,0.2834267234119008,0.0199312556283553,-0.12286949118708096,0
ABDL,2026,Fast Moving Consumer Goods,-0.0751269572068934,0.2763823561912357,0.0202509800693665,0.1179541136331133,0.0095113717557119,-0.12302247296908442,0
RKFORGE,2018,Automobile and Auto Components,-0.0156535020941058,0.4110576572281919,-0.1038756287406013,,0.0091703331938402,-0.12310444628345324,0
BAJFINANCE,2025,Financial Services,0.1539698755379517,0.7750007653496367,-0.0057108044785872,0.6317865333174071,0.0372315963539814,-0.12312066324084825,0
HEROMOTOCO,2025,Automobile and Auto Components,-0.1067208823289064,0.0246538256701579,0.0014666246105387,0.1402807119827145,0.001604768757619,-0.12312538268324108,0
ITCHOTELS,2026,Consumer Services,-0.0689603500242206,0.0055036234598719,-0.0003733576159283,0.3123010192089913,0.0375232234710032,-0.12321209831591717,0
GABRIEL,2026,Automobile and Auto Components,-0.0979832548791888,0.0610006712874304,0.0268366006747617,0.0870952808484372,0.0018996136549602,-0.12325255234174853,0
POONAWALLA,2017,Financial Services,-0.2149574629117259,0.7396226609006015,-0.0006671917563533,,0.0213614188746349,-0.12327032001195554,0
GABRIEL,2025,Automobile and Auto Components,-0.0737526578648073,0.0341640706126687,-0.0079659778843725,0.0906792459233366,0.0004951152738688,-0.12340284998002687,0
VIJAYA,2026,Healthcare,-0.1443150525861783,0.2804087455625228,0.029484208223777,0.4266170231188848,0.0152823782706424,-0.12343419077015066,0
JUBLPHARMA,2025,Healthcare,-0.0807520541631569,0.217018165636274,-0.1061514366640161,0.1363486454652532,0.0150270079535305,-0.12348140867205493,0
ERIS,2026,Healthcare,-0.0555415157386347,0.3311459298570746,-0.0360964179021263,0.3387575150300601,0.0050072120162223,-0.12377789959025726,0
ZYDUSLIFE,2021,Healthcare,-0.0487860298758678,0.1928676625289291,-0.1473164348953255,,0.018909635366554302,-0.12388870560234871,0
HDBFS,2025,Financial Services,0.1302853061047572,0.804298949534843,0.0012147580500949,0.564567169077143,0.0008772318310569,-0.124064991315737,0
LODHA,2018,Realty,0.0024463769671384,0.5618719466870188,0.0849330139539663,,0.03750103869543505,-0.12409129510040046,0
TRIDENT,2025,Textiles,-0.1257918198170016,0.2283611145247963,-0.0527166718324454,0.0862390914980374,0.0296746866511756,-0.12419243729090124,0
DEVYANI,2026,Consumer Services,-0.1350924522627508,0.5678765979700651,-0.0292121355297297,0.1608141624275554,0.0024265620706222,-0.1242707833391356,0
LLOYDSME,2025,Metals & Mining,-0.0179055600944488,0.1204470161514773,0.112033047897509,0.3471890519722899,0.0190712394390471,-0.12428669938953751,0
AFCONS,2025,Construction,0.0133937177044281,0.136881236411472,-0.0185515562339236,0.1378735587763839,0.017236877731636,-0.1244135254245528,0
NUVAMA,2021,Financial Services,0.0849127252327819,0.1915964988095845,-0.0554604281116175,,0.0213614188746349,-0.12444028433283078,0
OLAELEC,2024,Automobile and Auto Components,0.0089316532672476,0.7347664829659967,0.1057743653740337,-0.4401913875598086,0.0091703331938402,-0.12454821944375621,0
PRESTIGE,2021,Realty,0.0375663357184975,0.1951226314363575,-0.1194203372738856,,0.03750103869543505,-0.12472873648643334,0
ABCAPITAL,2025,Financial Services,0.1036437983615611,0.502467276263237,0.0269566313708343,0.3603905258410872,0.0093742490234162,-0.12499679959323534,0
TIMKEN,2026,Capital Goods,-0.0881034762393901,0.0039357733686543,-0.0011201631267184,0.1883030148836025,0.0295820228105571,-0.1250094100080959,0
BAJFINANCE,2018,Financial Services,0.2719626237657914,0.7848888898323043,0.0121108279589566,,0.0213614188746349,-0.12504224395187413,0
360ONE,2023,Financial Services,0.1769717917808611,0.6061876324201056,0.0651549566393105,,0.0213614188746349,-0.12514930690642445,0
LATENTVIEW,2014,Information Technology,-0.03182915106626155,0.2531380753138075,-0.0853422172501908,,0.0142750165362883,-0.12516038192663265,0
ERIS,2024,Healthcare,-0.0597385316127844,0.4130490635641738,0.155923049175769,0.3440923774829885,0.018909635366554302,-0.12528285263304767,0
CHOICEIN,2024,Financial Services,0.1010443502590099,0.252339399983379,0.0665898899625153,0.2845132320626731,0.0213614188746349,-0.1253296849702359,0
CHAMBLFERT,2022,Chemicals,0.1196636315749868,0.3263496124614342,-0.0577900462966622,,0.02157821562095625,-0.12538901722315482,0
MSUMI,2026,Automobile and Auto Components,-0.1297975008955475,0.0491392207682744,-0.0230555872128454,0.0757940397856342,0.0137656867708957,-0.12556436739591914,0
POONAWALLA,2018,Financial Services,-0.0102475099618311,0.8141778593896343,0.0745551984890328,,0.0213614188746349,-0.12568922594429077,0
OBEROIRLTY,2018,Realty,0.0648832707741114,0.1662851601149624,0.0636019974395071,,0.03750103869543505,-0.12586890324253608,0
ALKEM,2025,Healthcare,-0.0721730135491857,0.0780561977491507,-0.0130140498928887,0.2215787755364186,0.0024562627533654,-0.12592816302531312,0
IRCTC,2026,Consumer Services,-0.1243931014101156,0.0106510702524698,-0.0025558414627079,0.2823523398538184,0.0294547806356776,-0.12602154952916267,0
SUPREMEIND,2025,Capital Goods,-0.1186343965110731,0.010575042342023,0.0021762571608604,0.1167871258755312,0.0044226793874458,-0.12619941700096116,0
ANGELONE,2022,Financial Services,0.0093158668908605,0.174203663742358,-0.0691509138921292,,0.0213614188746349,-0.1264195840247534,0
BALKRISIND,2018,Automobile and Auto Components,-0.0024071953877115,0.1475738362528729,-0.0926836830766233,,0.0091703331938402,-0.1264237831582125,0
ABSLAMC,2025,Financial Services,-0.1066879251804016,0.0165417810000413,-0.0060434239630496,0.6059655287817939,0.0073214067170663,-0.12651530159519836,0
SONATSOFTW,2023,Information Technology,0.0421127045041405,0.135532766566901,0.0731460164622122,,0.0142750165362883,-0.1266547005032339,0
ANANDRATHI,2022,Financial Services,-0.0389245251582805,0.0817435854715094,-0.0582122644181152,,0.0213614188746349,-0.12682314538142508,0
TVSMOTOR,2019,Automobile and Auto Components,0.0971827012743397,0.5568865072838661,0.0316869288057419,,0.0091703331938402,-0.1268467814285269,0
BSE,2022,Financial Services,-0.1919714165615805,3.2334206356904973e-06,-0.0006671917563533,,0.0213614188746349,-0.12688754651996997,0
CENTRALBK,2017,Financial Services,-0.1922049787908343,0.917051654085458,-0.0006671917563533,,0.0213614188746349,-0.12688754651996997,0
RVNL,2025,Construction,-0.0760848492957629,0.2646395994958539,-0.0435088241124513,0.0471174905965682,0.0037320916569863,-0.1268906975947171,0
OLECTRA,2017,Automobile and Auto Components,0.1045927740355174,0.3958971218616044,-0.0008662445049587,,0.0091703331938402,-0.12696646284283664,0
NLCINDIA,2022,Power,-0.1335570297357235,0.4433394115162698,-0.0616791050826543,,0.02714301304713805,-0.12697452979673218,0
BRITANNIA,2017,Fast Moving Consumer Goods,0.1078636098130841,0.0303154205607476,-0.0020996335843381,,0.01419611487274645,-0.12714057659216155,0
JSL,2022,Metals & Mining,0.0903941013256602,0.1775010719385965,-0.1233761921377329,,0.02556926581353005,-0.12714314707715918,0
DCMSHRIRAM,2018,Diversified,-0.0278766174365543,0.1336892150843376,-0.0589683232910848,,0.01061696811920515,-0.12719043292018756,0
NAVINFLUOR,2024,Chemicals,-0.1522252684487091,0.312647932373772,0.0687461844301346,0.2430056087099966,0.02157821562095625,-0.12749788893611524,0
SOBHA,2025,Realty,-0.0107232949327505,0.068787998558525,-0.0729890661746374,0.0408329887287803,0.0099627410033333,-0.1276189428481207,0
GRAVITA,2022,Metals & Mining,0.1301052631578947,0.3925012531328321,0.0330365470075171,,0.02556926581353005,-0.1276261507282589,0
ZFCVINDIA,2025,Automobile and Auto Components,-0.038547602630251,0.0174575120403467,-0.0008662445049587,0.1852248095189364,0.0008685985708375,-0.1277310940825626,0
PAYTM,2022,Financial Services,-0.0642862701068288,0.0123114376868948,-0.0545686917021136,,0.0213614188746349,-0.12787155326914557,0
JSWCEMENT,2024,Construction Materials,-0.1316417098711222,0.5575750821367594,0.0010227415500144,0.0808660329159512,0.02233657876759495,-0.12787931074685932,0
JSWSTEEL,2025,Metals & Mining,-0.0780220008733806,0.4107051508661024,0.0246376996379213,0.138701050205475,0.0027371730516565,-0.12789550432904706,0
NTPC,2026,Power,-0.0791142550458241,0.4852864790172567,0.0077596463122789,0.3198715593871302,0.0132227740678419,-0.12793580825910855,0
INOXWIND,2020,Capital Goods,-0.1913700633837153,0.2117911852414591,-0.0634980439377312,,0.0147344734730676,-0.12797993385529316,0
KEI,2025,Capital Goods,0.0369156553230309,0.0300237746385425,-0.0056751713373531,0.1083324872237452,0.0062909526420466,-0.12803215229120296,0
INDUSINDBK,2026,Financial Services,8.126701159998251e-05,0.814731143844966,-0.0236732065629479,0.5506519044309696,0.0505788923549503,-0.12823361938302613,0
SIEMENS,2026,Capital Goods,0.1262616025003418,0.0144533330819163,-0.0021900725510935,0.0914356026051721,0.0124623077375706,-0.12823841257128954,0
ONGC,2026,Oil Gas & Consumable Fuels,-0.1283352110226692,0.2218890481821401,-0.0276495406017162,0.0755429542359565,0.0422098582473553,-0.12833857864034243,0
GODREJCP,2024,Fast Moving Consumer Goods,-0.085451998903876,0.1751949752284679,0.110415302275263,0.200598127071486,0.01419611487274645,-0.12840170656019534,0
GRAPHITE,2022,Capital Goods,0.1576472568586474,0.0691661002737742,0.0283817113430731,,0.0147344734730676,-0.1286000389043686,0
AADHARHFC,2019,Financial Services,0.286436714195147,0.8644546953405773,-0.0006671917563533,,0.0213614188746349,-0.12872265699719804,0
CGCL,2017,Financial Services,0.2867486015517614,0.3664714797118013,-0.0006671917563533,,0.0213614188746349,-0.12872265699719804,0
NLCINDIA,2020,Power,-0.0039026650001311,0.5173979167798823,0.0625371867423666,,0.02714301304713805,-0.12872715951608737,0
ANANTRAJ,2024,Realty,0.0279031360216257,0.1287418323141485,-0.1190327982446843,0.2497942540775101,0.03750103869543505,-0.12875064292788863,0
EMAMILTD,2022,Fast Moving Consumer Goods,0.0639815865230135,0.0923132914090113,0.0523321826218192,,0.01419611487274645,-0.1288274124546705,0
ABDL,2020,Fast Moving Consumer Goods,-0.2410358400662937,0.4383136523720737,-0.0020996335843381,,0.01419611487274645,-0.12886493966201545,0
CHOLAHLDNG,2023,Financial Services,0.2336739578928425,0.7417303739833749,0.0336602753445175,,0.0213614188746349,-0.12889399746216101,0
NESTLEIND,2025,Fast Moving Consumer Goods,-0.1589337440500208,0.0956958400173209,0.0629553633878994,0.2084527372314294,0.0151738833514093,-0.12899660356149995,0
BLUEJET,2021,Healthcare,0.017043971207996,0.0990377801812553,-0.1116231324695877,,0.018909635366554302,-0.12903200657597996,0
BELRISE,2025,Automobile and Auto Components,-0.0806062979811749,0.4101714900996334,-0.0043109055254245,0.1225966879155059,0.0012491099926308,-0.12904622138302946,0
AFFLE,2018,Information Technology,-0.1845425867507886,,-0.0050342367827565,,0.0142750165362883,-0.12907638677822175,0
ANGELONE,2023,Financial Services,0.0114674758313752,0.105360359577248,-0.0688433041651099,,0.0213614188746349,-0.1290809605422802,0
360ONE,2026,Financial Services,0.1195465189083423,0.5857234928603126,0.0211711783637693,0.6301168755964082,0.031647777129786,-0.12922996758156802,0
SAIL,2025,Metals & Mining,-0.0697807760719274,0.2701473854087992,0.0125805099499619,0.0838213728041877,0.0006672027726718,-0.12928549821729884,0
PTCIL,2017,Capital Goods,-0.0186213070725156,0.4359892569382274,0.1406099636345456,,0.0147344734730676,-0.12936873394513748,0
OBEROIRLTY,2024,Realty,-0.1119560046411701,0.1270932889454377,-0.0846640203806911,0.6067267624798027,0.03750103869543505,-0.1293893247843067,0
ZENTEC,2017,Capital Goods,-0.0229246244293869,0.077454197429587,-0.1655443033200381,,0.0147344734730676,-0.12943134740114198,0
TVSMOTOR,2022,Automobile and Auto Components,0.0866303108201983,0.5879546493010539,0.0309401965689107,,0.0091703331938402,-0.12943748940241978,0
JSWDULUX,2018,Consumer Durables,0.097420048374093,0.0012989339783212,-0.0002399357483967,,0.006957110708254,-0.12944616110386808,0
CHALET,2025,Consumer Services,-0.1167571936448365,0.3679540149327123,-0.1521460179500691,0.455748865355522,0.0060815493740823,-0.1295904316811436,0
PVRINOX,2025,Media Entertainment & Publication,-0.1151083560868816,0.4781073967480875,-0.0156283697360333,0.337946694058496,0.0217224857227557,-0.12971613250378783,0
HOMEFIRST,2018,Financial Services,0.0131749745698052,0.7446769750936357,0.0733213988929651,,0.0213614188746349,-0.12995199779218614,0
FSL,2020,Services,-0.0156661607825325,0.3003511648259131,0.1469574772281083,,0.01447484218491725,-0.1301525862352742,0
KEC,2025,Construction,-0.013156701498847,0.1785514318701591,-0.0295769996172666,0.0716488790022245,0.0011654840954736,-0.1301816223182275,0
GRAPHITE,2019,Capital Goods,0.155481240418805,0.0521028639984699,-0.0208508249633244,,0.0147344734730676,-0.13025611299135065,0
CHENNPETRO,2022,Oil Gas & Consumable Fuels,0.0186129218737784,0.5272023379144694,-0.1154130557601542,,0.02732774499087675,-0.13041079929126675,0
JUBLFOOD,2026,Consumer Services,-0.1917774143129233,0.5233701732958671,0.0031625100311559,0.1960811783705952,0.0064452217871634,-0.1305323858465401,0
RADICO,2019,Fast Moving Consumer Goods,-0.0508389581918797,0.1495613275997497,-0.1139069031290878,,0.01419611487274645,-0.13055090364934474,0
BDL,2023,Capital Goods,-0.2030803319037639,0.0010587570169778,-0.0004648475511232,,0.0147344734730676,-0.13062621432059113,0
BAJAJHLDNG,2026,Financial Services,-0.0243449120004939,0.0001129274854112,-0.0002988144540327,0.8656962442624199,0.0603370048865928,-0.13077122237370759,0
TRAVELFOOD,2025,Consumer Services,-0.2008219768437981,0.1750589941820436,-0.0702031150709169,0.3973299427844882,0.0096908644324308,-0.13091529027326387,0
BATAINDIA,2023,Consumer Durables,-0.0934754833937512,0.3809839653264704,0.0705829894814709,,0.006957110708254,-0.13102670694226837,0
CEATLTD,2021,Automobile and Auto Components,-0.1138080231939084,0.1884296037092548,-0.0878631767054341,,0.0091703331938402,-0.13107394991174753,0
PATANJALI,2017,Fast Moving Consumer Goods,-0.1296335871427547,0.4379702542358468,0.098032615667771,,0.01419611487274645,-0.13112585379953817,0
ABCAPITAL,2021,Financial Services,0.0085358328976035,0.4261066607178734,-0.0669021134953389,,0.0213614188746349,-0.13126769885911743,0
SUNDARMFIN,2018,Financial Services,0.1846833447056597,0.6199200788795154,-0.0375360015643306,,0.0213614188746349,-0.131471375572967,0
CLEAN,2026,Chemicals,-0.113638674544982,0.0012088619750771,-0.0001228041705934,0.3592370450396752,0.0405520653275347,-0.13150041516292904,0
IEX,2026,Financial Services,-0.1223488549681,0.0045817698112278,0.0017817078911593,0.829300734735242,0.0140543194361455,-0.13152235059184625,0
SAMMAANCAP,2019,Financial Services,-0.1315523775148358,0.8128594434356782,-0.0246525868587185,,0.0213614188746349,-0.1316642632289723,0
TATAELXSI,2012,Information Technology,-0.1602414679337756,0.1020859482397943,0.0177885371614637,0.1051825376563696,0.0142750165362883,-0.13167015588619202,0
NEWGEN,2021,Information Technology,-0.0969171609202893,0.0218231984183884,-0.0658332489349242,,0.0142750165362883,-0.13174813580790934,0
HINDCOPPER,2021,Metals & Mining,-0.2368051269255518,0.3734323085610727,-0.0967314405293772,,0.02556926581353005,-0.13192501916611998,0
DEVYANI,2022,Consumer Services,-0.1300535241521659,0.5543484506282789,-0.2462701023652898,,0.0123079908665588,-0.13193444837342017,0
GILLETTE,2019,Fast Moving Consumer Goods,0.0980989912508984,,-0.0020996335843381,,0.01419611487274645,-0.13203185037048648,0
BEL,2025,Capital Goods,0.0248589234111568,0.0014998688257788,-8.168265826346156e-05,0.2973559691634574,0.0056928300026281,-0.1322574819368002,0
PVRINOX,2019,Media Entertainment & Publication,-0.166609377685421,0.333940075725617,-0.0197318075917469,,0.035357351082854704,-0.13267245543364958,0
FORCEMOT,2019,Automobile and Auto Components,-0.0601908335037623,0.1008117123534016,0.100760185779562,,0.0091703331938402,-0.13272639448511003,0
KALYANKJIL,2022,Consumer Durables,-0.0023241644913724,0.4504474491763693,0.0694073516256283,,0.006957110708254,-0.1327771205594251,0
ETERNAL,2025,Consumer Services,-0.0057827807876933,0.0574067316059849,0.0253378842006072,0.0225559301256512,0.0052441286028242,-0.13282094419445434,0
PERSISTENT,2024,Information Technology,-0.1254643539555327,0.0609186477526686,-0.0380925545920433,0.1756338414514675,0.0142750165362883,-0.13282883760824354,0
CONCORDBIO,2025,Healthcare,-0.0885039277181874,0.0014599903650467,-0.0042670295266455,0.3538179069013932,0.0334432113045755,-0.13283239817546544,0
INTELLECT,2018,Information Technology,-0.0020057748683021,0.1170916999125687,-0.0791284693184602,,0.0142750165362883,-0.13284201525076694,0
CYIENT,2024,Information Technology,-0.0871485480053114,0.1136770394319034,-0.0736796891331513,0.1444144518272425,0.0142750165362883,-0.1329008429637989,0
PRESTIGE,2025,Realty,0.0015780372925069,0.2263152743363743,-0.0542116777626792,0.2220730258740897,0.0921782513872212,-0.13297049265547167,0
LTM,2022,Information Technology,0.0339103339992903,0.0125170742614926,-0.0620513758954346,,0.0142750165362883,-0.13312018869311915,0
HAVELLS,2026,Consumer Durables,-0.0869109095532762,0.0179842332796473,-0.0050826464784306,0.0715167861016632,0.010862213065462,-0.13322563080081995,0
CCL,2024,Fast Moving Consumer Goods,0.0021663447316249,0.4588182391520146,0.1047091723272131,0.1640933004575361,0.01419611487274645,-0.13332119181086455,0
HCLTECH,2026,Information Technology,-0.1333570783237195,0.0453037042185002,-0.0147652084920663,0.1986754966887417,0.0156565534128082,-0.13339119166252394,0
CCL,2018,Fast Moving Consumer Goods,0.0026289091791275,0.2743240262890918,0.1069067327900703,,0.01419611487274645,-0.13355530868292237,0
ANURAS,2026,Chemicals,-0.0369031275740708,0.23306916606345,-0.0275896456764263,0.2478854316162325,0.0405774070477121,-0.13358649162002761,0
SUNDARMFIN,2025,Financial Services,0.1264538238815174,0.8108087336485671,-0.0034013514780212,0.7976451401181408,0.0059046768384055,-0.1337534668146803,0
NTPC,2025,Power,-0.0859201995890494,0.4775268327049777,-0.0172405435043733,0.3177961369533618,0.0154108042907182,-0.13401082774671869,0
BRITANNIA,2026,Fast Moving Consumer Goods,-0.2076242096868345,0.1418535053317876,0.0007937265669702,0.1676650059900359,0.0145154450302518,-0.13405059336033204,0
MRPL,2026,Oil Gas & Consumable Fuels,-0.035639425721338,0.344836709201914,-0.03677665183432,0.0344435472297283,0.0419868086476858,-0.13405469988328678,0
CHOLAFIN,2023,Financial Services,0.2619969391050886,0.8568173557493869,0.0181273433909442,,0.0213614188746349,-0.13406206079927896,0
REDINGTON,2021,Services,-0.1881027149992581,0.0427161806482809,-0.1466666262368278,,0.01447484218491725,-0.13428223809334056,0
PNBHOUSING,2026,Financial Services,0.1020284333348625,0.7613840651800351,0.0063024101799842,0.9152042908139824,0.0034042265643464,-0.13430131422361113,0
AUROPHARMA,2026,Healthcare,-0.0772183383265044,0.1387177674124491,-0.0282706343603275,0.2054041648680105,0.0043196005145763,-0.1343053384394049,0
BAJFINANCE,2026,Financial Services,0.1281815295858383,0.777052694268491,0.0020519289188543,0.7067663265768633,0.0384985270154846,-0.13434596989878161,0
NLCINDIA,2026,Power,-0.0722526760250379,0.4304446460980036,0.0431026041840086,0.3119520856521969,0.0422211099707861,-0.13441063461457126,0
M&MFIN,2026,Financial Services,0.0863456240433766,0.8091732971331902,-0.017258992708277,0.6443420760382728,0.0445353523586531,-0.1344795038676136,0
NHPC,2020,Power,-0.0015097508777768,0.3258626316104037,0.0401629669133571,,0.02714301304713805,-0.13449416472747144,0
BLS,2018,Consumer Services,0.08693430967687,0.2295542594405892,-0.0915942140859515,,0.0123079908665588,-0.13453716845915709,0
TBOTEK,2025,Consumer Services,-0.0378841223777519,0.0345115959800387,-0.0088360107978907,0.1279818443767291,0.002105870016993,-0.13461944830447636,0
CYIENT,2020,Information Technology,-0.0579202781332238,0.1717569231512108,0.0763115632880054,,0.0142750165362883,-0.13466196408348152,0
AFFLE,2022,Information Technology,0.0043309978838415,0.0814885475258489,-0.0762796038507855,,0.0142750165362883,-0.13474507214240306,0
CROMPTON,2024,Consumer Durables,-0.1206192347534406,0.1123353667560057,-0.065420835018532,0.106262116990069,0.006957110708254,-0.13476804137486775,0
DALBHARAT,2025,Construction Materials,-0.066123098339465,0.1889894269331477,0.015598838018598,0.1717056474614945,0.0078236696288461,-0.13496120957324298,0
ACUTAAS,2021,Healthcare,0.0630096547051564,0.3306071091538219,0.0743649253597816,,0.018909635366554302,-0.13503097635935257,0
APOLLOHOSP,2026,Healthcare,-0.1025569360044719,0.3828596930955515,0.0019167693829528,0.1550507560161851,0.0087655501486625,-0.13515337862008275,0
BLUEDART,2022,Services,-0.1688301587974943,0.3768223532572576,-0.1485225213385049,,0.01447484218491725,-0.13515749567994934,0
AUROPHARMA,2025,Healthcare,-0.0609180767839423,0.1669884017727766,0.0183290159750554,0.2051076232665193,0.0051824477533359,-0.13517111533280324,0
NETWEB,2020,Information Technology,0.0197628458498023,0.3009881422924901,0.079400590588728,,0.0142750165362883,-0.13524801817074028,0
ABBOTINDIA,2024,Healthcare,-0.1640573102095123,0.0160258323401027,-0.0088166112062839,0.2701452040538196,0.018909635366554302,-0.13526234456967073,0
GODREJCP,2021,Fast Moving Consumer Goods,-0.0216803252505126,0.1308619405368936,-0.1093868988666659,,0.01419611487274645,-0.1353032372888754,0
TRAVELFOOD,2026,Consumer Services,-0.1167796126938175,0.1073710989758098,-0.0676878952062338,0.357967361018973,0.0199814602397236,-0.1354643200013717,0
POONAWALLA,2021,Financial Services,-0.1667597625827077,0.7928199585533954,0.0023067470245745,,0.0213614188746349,-0.13548359875017035,0
THELEELA,2025,Consumer Services,-0.0489949383994502,0.5010222400727786,-0.12956002779678,0.5145049515772905,0.0073361982330388,-0.13557848233956138,0
NAVA,2018,Power,0.0045186798019022,0.4869336158672608,-0.0329962962385392,,0.02714301304713805,-0.13564841735334432,0
SCHAEFFLER,2025,Automobile and Auto Components,-0.1178263368352352,0.0066567795165524,-0.0014110172906165,0.1777108876000293,0.0030491860720118,-0.1356545197046769,0
AUBANK,2017,Financial Services,-0.0124779599865466,0.7206681818645087,-0.0649399443858363,,0.0213614188746349,-0.1358250693159455,0
KEI,2020,Capital Goods,0.0823921343089987,0.1121637992217517,-0.1046880238239772,,0.0147344734730676,-0.13582961055912063,0
VIJAYA,2025,Healthcare,-0.142343417529699,0.2509245373387457,-0.0128021100624508,0.4193265435407631,0.0155991962563068,-0.13583283002018315,0
MGL,2024,Oil Gas & Consumable Fuels,-0.1856550031709267,0.019498442109907,0.0004990869706652,0.1758082937734449,0.02732774499087675,-0.13585422433097882,0
TIINDIA,2021,Automobile and Auto Components,0.0020953093563844,0.2284570577408882,0.0939753402291116,,0.0091703331938402,-0.1359578179298327,0
PHOENIXLTD,2025,Realty,-0.0843675270635805,0.218749708316299,-0.0241432012949353,0.5853512785522524,0.0130333893589065,-0.13596005954034812,0
SUMICHEM,2024,Chemicals,-0.2023287336265633,0.0091319927668579,-0.0009519859668412,0.1653321286141575,0.02157821562095625,-0.13596099769857167,0
CYIENT,2021,Information Technology,-0.109953962365351,0.1290394672149465,-0.0427174559362642,,0.0142750165362883,-0.136076022882765,0
CYIENT,2026,Information Technology,-0.0828212307431244,0.0522526453583506,-0.0151120741084,0.1265115382762441,0.0101772179264539,-0.13608312832885616,0
AUBANK,2015,Financial Services,0.2670727990163248,0.7439147536768594,0.010044789037664,,0.0213614188746349,-0.13620182674006676,0
ASHOKLEY,2019,Capital Goods,0.1488588034432698,0.489907119635226,0.0168787451939708,,0.0147344734730676,-0.13622089299140377,0
RVNL,2019,Construction,0.1143895199743227,0.2501712368428889,-0.0225277242177056,,0.00811929390513665,-0.13630359368026063,0
LTM,2026,Information Technology,-0.0897075252029018,0.0621828606807811,-0.0093019700766841,0.1775155065472088,0.0104950071398829,-0.13641744263720762,0
CESC,2026,Power,-0.0786631510063337,0.466332918515254,0.0279589603886778,0.1631722880583409,0.0162607309335183,-0.13643666242324365,0
UTIAMC,2026,Financial Services,-0.0223401766275791,0.0279435616590461,0.002773946873267,0.6556357217528406,0.0506825527672951,-0.13644749331134276,0
MOTILALOFS,2017,Financial Services,0.2773418336513052,0.6004135610091362,-0.0006671917563533,,0.0213614188746349,-0.13646739077836334,0
AAVAS,2020,Financial Services,0.1856176611558267,0.7029056958115615,0.0536583304771854,,0.0213614188746349,-0.13647912929709244,0
PFOCUS,2026,Media Entertainment & Publication,-0.1002930497412633,0.538158126364404,-0.0374997334424059,0.2376046921006307,0.0451634363430573,-0.13650359114003963,0
AIAENG,2025,Capital Goods,-0.1107972026543633,0.0626275031468861,0.0011050950915685,0.272043040988293,0.0046341956539354,-0.1365479432260479,0
FORCEMOT,2021,Automobile and Auto Components,-0.040454054054054,0.198430888030888,0.0984563884359893,,0.0091703331938402,-0.13657815455892763,0
KALYANKJIL,2025,Consumer Durables,-0.0524330703195501,0.3278709766989842,-0.0228112423834898,0.0725562724901435,0.0095242628653067,-0.1366489602581079,0
PERSISTENT,2022,Information Technology,-0.0285287224815928,0.1067003746009485,0.0798447766383073,,0.0142750165362883,-0.13665264610207706,0
USHAMART,2026,Capital Goods,-0.1221558596073765,0.0543890541344437,-0.0572857326782247,0.2013649564375605,0.0184110127595138,-0.13671172019661726,0
LTF,2025,Financial Services,0.1439237079945488,0.7673163278308756,0.0213762597605804,0.6068187328401339,0.011166512934546,-0.13680837408421032,0
PFC,2018,Financial Services,0.1221672807157953,0.8442579574344496,0.0621252959013254,,0.0213614188746349,-0.13686224959973942,0
ADANIENSOL,2018,Power,-0.0611260864176222,0.604000125105268,-0.0965515856821297,,0.02714301304713805,-0.1368898471766724,0
SAREGAMA,2018,Media Entertainment & Publication,0.0820899393143035,0.0274555230899566,0.0212855143352144,,0.035357351082854704,-0.1369285911764258,0
REDINGTON,2026,Services,0.0075251809702143,0.0839795183151254,-0.01787986922,0.0202663213684484,0.0013268589863519,-0.1370881961793176,0
PARADEEP,2026,Chemicals,0.0783013129482263,0.3850513799922725,0.0276369446471579,0.1175931746744499,0.019027275207383,-0.1371133908827143,0
UNITDSPR,2023,Fast Moving Consumer Goods,0.0537258130918073,0.0188349114862083,-0.0494715310276131,,0.01419611487274645,-0.13714384822653608,0
VMM,2025,Consumer Services,-0.108690539925248,0.1730582755014735,-0.0013334537086914,0.1648698646745186,0.0027062692562184,-0.1371543876416817,0
AWL,2022,Fast Moving Consumer Goods,-0.018488765212431,0.1267099398750402,-0.1021973066322602,,0.01419611487274645,-0.13723423631754794,0
CESC,2025,Power,-0.0559967188698632,0.4383739581265761,0.0470772489876391,0.1945068664169787,0.0164095936147304,-0.13731605948827597,0
GILLETTE,2024,Fast Moving Consumer Goods,-0.2092421138877509,2.731121125221904e-05,1.217220698243618e-06,0.266515936109693,0.01419611487274645,-0.13734194153595464,0
INDIAMART,2018,Consumer Services,-0.2290357649573437,,-0.0014446844736112998,,0.0123079908665588,-0.13735872271959199,0
JBMA,2026,Automobile and Auto Components,0.0138488781540256,0.4109871023332496,-0.0171723385943892,0.1077680335540226,0.0073477214651977,-0.13746233762573629,0
APOLLOHOSP,2025,Healthcare,-0.0791550209985322,0.3809429237125986,0.0624304223686892,0.1490258437027202,0.0079515366646697,-0.13747078508486393,0
PERSISTENT,2026,Information Technology,-0.1131963201433014,0.0420886254486985,0.0064412921191871,0.1619457942057477,0.0160959651753686,-0.13749334596093654,0
INDGN,2026,Healthcare,-0.1157067722875137,0.0312533818150336,0.0007052595022762,0.1638604082400526,0.0098364751608985,-0.13763914358562185,0
HEG,2021,Capital Goods,-0.1728799102767096,0.0702282666063485,-0.0636638329351477,,0.0147344734730676,-0.1378769330577932,0
RHIM,2025,Capital Goods,-0.0604329944905718,0.0736672615814386,-0.0218029781486198,0.1308321352368568,0.004961738328544,-0.13788980606817086,0
RADICO,2018,Fast Moving Consumer Goods,-0.0853618377137161,0.2634682307288375,-0.0940424739212534,,0.01419611487274645,-0.13795596131458265,0
TRAVELFOOD,2023,Consumer Services,-0.0587921820583643,0.2874384532244506,0.2343959860299431,,0.0123079908665588,-0.13821051308962712,0
FACT,2024,Chemicals,-0.0464945734393403,0.3094447283984594,-0.0257638988027054,0.0332097491099829,0.0042451963376153,-0.13829740131540808,0
NATCOPHARM,2024,Healthcare,-0.1561807677270818,0.0537495837013654,0.0242837513402101,0.0817186183656276,0.018909635366554302,-0.13834565945445,0
SOLARINDS,2024,Chemicals,-0.195648587781332,0.2040222053275572,-0.0393579696256894,0.2668619620086362,0.02157821562095625,-0.1384306030331125,0
CGPOWER,2026,Capital Goods,-0.0308005257854751,0.0093633788202095,0.0038362958438139,0.1210920473907358,0.0052959703841447,-0.13849836636658014,0
ADANIGREEN,2026,Power,-0.0649704870338769,0.7241516770638096,0.0015342201283431,0.8993455201986008,0.0480373030776783,-0.13857205134580408,0
HEXT,2020,Information Technology,-0.1588720288376945,0.0458452387440343,0.0115255162379533,,0.0142750165362883,-0.13858716046053698,0
INDIAMART,2026,Consumer Services,-0.1128804162143694,0.0049950914036855,-0.003004986078905,0.3182915057915058,0.0265890195779715,-0.13863211970919742,0
WELCORP,2025,Capital Goods,-0.0691444957342211,0.0738408324074202,-0.0927059137397451,0.1358483655746964,0.0110443037110523,-0.1386404555081801,0
ABCAPITAL,2023,Financial Services,0.1598223390403604,0.4698437521052521,0.0549345381979621,,0.0213614188746349,-0.1387755992549476,0
MFSL,2026,Financial Services,-0.0571900799027624,0.0093429756521647,0.0039463414696956,0.0111459894144831,0.0029926197743621,-0.13883562947693778,0
COALINDIA,2026,Oil Gas & Consumable Fuels,-0.1210134060882518,0.0495575970451202,0.0141333750085585,0.2609136781479976,0.0406081926952912,-0.13891216716799248,0
COROMANDEL,2025,Chemicals,-0.1034888699761593,0.0412521871514433,0.0101945539485792,0.0910808763646925,0.0083226091655357,-0.1391963204668067,0
HSCL,2025,Chemicals,-0.0546948997102669,0.0673194430424333,-0.0686635995376839,0.2049728798093983,0.0080243440890521,-0.13920705005701123,0
CHALET,2026,Consumer Services,-0.1345870140706289,0.3249268198292531,-0.0430271951034592,0.4568294063677358,0.0053050719714311,-0.1392181030600913,0
INDUSTOWER,2020,Telecommunication,0.0497926991632032,0.234242352143121,0.2339093031673927,,0.0271052256093291,-0.13926302469542373,0
ZENSARTECH,2021,Information Technology,-0.1625211160948331,0.1018232655676588,0.0096092788340576,,0.0142750165362883,-0.13926518346516742,0
AADHARHFC,2026,Financial Services,0.1127881211578827,0.6841137677321821,-0.0187256787949192,0.7501636636485411,0.0119154356922474,-0.1393710594250177,0
MSUMI,2023,Automobile and Auto Components,0.0908996790558028,0.1285847396210788,0.0181892990933042,,0.0091703331938402,-0.13941624818335435,0
PATANJALI,2025,Fast Moving Consumer Goods,0.0255420121439591,0.0507611563441295,-0.0020996335843381,0.0414290360950465,0.0158941554970868,-0.13964154135580997,0
REDINGTON,2025,Services,0.0051928514332386,0.1018593875351255,-0.0194441515867943,0.0202414289239314,0.001633793051778,-0.13985152851709565,0
SJVN,2024,Power,-0.0296112014799221,0.518564730647785,0.0834392315917359,0.692230882725525,0.02714301304713805,-0.1398792255525202,0
NEWGEN,2018,Information Technology,0.0207748271501535,0.1078320277216665,-0.0594041061421293,,0.0142750165362883,-0.1399041200721633,0
EMMVEE,2020,Capital Goods,-0.1916762079230593,0.6525417907029998,-0.0021900725510935,,0.0147344734730676,-0.13991174845041626,0
JSWENERGY,2021,Power,-0.1108264072711537,0.3194328750385876,-0.0752708128141565,,0.02714301304713805,-0.1400670912671632,0
BATAINDIA,2026,Consumer Durables,-0.1405073508978549,0.3669679365877542,-0.0114016044614629,0.2083558915164206,0.0080669217823878,-0.1400716439613176,0
MARICO,2025,Fast Moving Consumer Goods,-0.1106948640483383,0.0669486404833836,-0.0048587850572119,0.1673734803505795,0.0165409576447326,-0.14010113181733946,0
NMDC,2026,Metals & Mining,-0.0624980856867314,0.1325907177536517,0.0283199222188536,0.3632581582723225,0.0464758958046559,-0.14013210626169237,0
APTUS,2024,Financial Services,0.1717096334992481,0.5774391367986655,0.048499351840442,0.8505277191423174,0.0213614188746349,-0.14030260557172303,0
AMBUJACEM,2025,Construction Materials,-0.0246324412015044,0.0097223261722677,-0.0010206432772543,0.1316645015642256,0.0355162592777988,-0.1403488671599325,0
SBIN,2026,Financial Services,-0.0016805785664924,0.8196436761333822,-0.0076708887646186,0.5234126800336669,0.0566550971912139,-0.14042012135867787,0
COHANCE,2022,Healthcare,0.067665433239141,0.0530829311485086,-0.0439281982742669,,0.018909635366554302,-0.14044832334006874,0
POLICYBZR,2020,Financial Services,0.0380520304568528,0.069486040609137,-0.0496835648203658,,0.0213614188746349,-0.14048519203115561,0
MAPMYINDIA,2021,Information Technology,-0.0514054723461924,0.3485057363833913,-0.0723720345697607,,0.0142750165362883,-0.14065768582453048,0
PRESTIGE,2026,Realty,-0.0410316916352927,0.2425585161397547,0.0162432418033803,0.3174834585622967,0.0674762480857206,-0.14078412849880712,0
LALPATHLAB,2022,Healthcare,-0.0434795599967559,0.2273307408940927,0.1367052327854312,,0.018909635366554302,-0.14081458355949916,0
WIPRO,2026,Information Technology,-0.0821927337126065,0.144026802286996,-0.006083688602098,0.1892551044585883,0.0107159008181425,-0.14084104129162006,0
ASAHIINDIA,2022,Automobile and Auto Components,-0.0638868000466017,0.3279096984653187,-0.086973628021755,,0.0091703331938402,-0.140906492085014,0
MEDANTA,2018,Healthcare,-0.0150618503694891,0.2298091560726275,0.1186523901404047,,0.018909635366554302,-0.1409162442170273,0
ANGELONE,2018,Financial Services,0.1763185239627949,0.4751924035447871,0.0470052956410146,,0.0213614188746349,-0.1411074652682664,0
SWIGGY,2024,Consumer Services,0.0487909115601809,1.5610973823819356,0.1283648423842049,-0.1818637274549098,0.0123079908665588,-0.14126568130363476,0
INTELLECT,2020,Information Technology,-0.0147530022199042,0.1603466260129984,0.0786465383480135,,0.0142750165362883,-0.14128011668190532,0
JSWINFRA,2024,Services,-0.1076014397977447,0.3474968945324053,-0.1430031511068938,0.4959088870649755,0.01447484218491725,-0.1413757250365527,0
POLICYBZR,2025,Financial Services,0.0494811793045385,0.0427884321708669,0.0051381945996958,0.0896479688338085,0.0483027638490313,-0.14140328336023134,0
MARICO,2018,Fast Moving Consumer Goods,0.0731827111984282,0.0766208251473477,0.0107124179614545,,0.01419611487274645,-0.1414973724642018,0
SYRMA,2022,Capital Goods,0.0776275885971752,0.1891517199549432,0.0819046787814143,,0.0147344734730676,-0.14150872355542965,0
ZYDUSWELL,2018,Fast Moving Consumer Goods,0.0782496409736553,0.0301702810663384,-0.0064602922753955,,0.01419611487274645,-0.14152099168963195,0
SWANCORP,2023,Chemicals,0.0420370902845831,0.4875390961957127,-0.1559704414068108,,0.02157821562095625,-0.14155008737771851,0
EMAMILTD,2021,Fast Moving Consumer Goods,-0.1852727914941917,0.039981108787192,-0.038511170415938,,0.01419611487274645,-0.14155691918068752,0
GODIGIT,2023,Financial Services,-0.1641417511023339,,-0.0006671917563533,,0.0213614188746349,-0.14161234173332093,0
UNOMINDA,2020,Automobile and Auto Components,-0.1600777659317128,0.2359318025032029,-0.0199638915187276,,0.0091703331938402,-0.14170621597359034,0
FORCEMOT,2022,Automobile and Auto Components,-0.0299102691924227,0.2919515426323768,0.0935206546014888,,0.0091703331938402,-0.14174042910477824,0
TATACAP,2026,Financial Services,0.1360132134706516,0.8136765562306058,-0.02738099341437,0.7571245747812554,0.015734463772494,-0.14175201985712377,0
BAYERCROP,2006,Chemicals,-0.0223875697559908,0.1224860488018382,-0.0198376859998301,0.0723920306892711,0.0399481816918427,-0.14177249292424388,0
ASTERDM,2020,Healthcare,-0.0763091963770382,0.4517964873135074,0.139475066542482,,0.018909635366554302,-0.1418080236015865,0
OBEROIRLTY,2025,Realty,-0.06779310323575,0.1452942049166002,0.0182009159711624,0.5743246864615714,0.0229117276770133,-0.14193043215541395,0
UNOMINDA,2026,Automobile and Auto Components,-0.1039912515713445,0.2000312443880553,-0.0107806124575245,0.102878429325967,0.0040123401844076,-0.14202350836828997,0
NUVOCO,2026,Construction Materials,-0.0652942851428295,0.2421841054395729,0.0178273057673688,0.1816211793358924,0.0372423610350131,-0.14202880694597253,0
EXIDEIND,2026,Automobile and Auto Components,-0.0972160821356629,0.0742497495001786,-0.0200345034666726,0.1124162955513188,0.0034501178674617,-0.14216841897689209,0
RAINBOW,2023,Healthcare,-0.066611321948134,0.3220836721785489,-0.1346823456954073,,0.018909635366554302,-0.14230103768141233,0
LTFOODS,2023,Fast Moving Consumer Goods,0.0271258584935635,0.229509429563576,-0.0732239641804737,,0.01419611487274645,-0.1424581347342873,0
ANTHEM,2021,Healthcare,-0.0061422684800061,0.0967383103441605,-0.1048061696639683,,0.018909635366554302,-0.14267492758833727,0
NAUKRI,2019,Consumer Services,0.1028410159924741,0.0002602696770147,-3.245683938565006e-05,,0.0123079908665588,-0.1427947645589268,0
PNBHOUSING,2025,Financial Services,0.1039462261192268,0.7550816550000509,-0.0047650955974573,0.9135449405857424,0.0046302559900193,-0.1428009851796278,0
IREDA,2019,Financial Services,0.214854676132234,0.7648523513418934,0.0291194051569234,,0.0213614188746349,-0.14285720417926795,0
SAMMAANCAP,2023,Financial Services,-0.0383115930039548,0.6992238328805581,-0.0493075128064364,,0.0213614188746349,-0.14288461721544554,0
RHIM,2026,Capital Goods,-0.0712604256305024,0.0927653571192162,0.0190980955377775,0.1358028344033847,0.006022865601596,-0.14291291947761559,0
BELRISE,2023,Automobile and Auto Components,-0.0837854256358786,0.4143648257221591,-0.0816585872636,,0.0091703331938402,-0.14299385646199192,0
BLUESTARCO,2024,Consumer Durables,-0.0236943885214187,0.0367448311746457,-0.084775424955064,0.074326057221019,0.006957110708254,-0.1430132565176192,0
APARINDS,2025,Capital Goods,-0.0960984769455455,0.0519108096470473,0.0024493006243595,0.0824949404441459,0.0049566210570384,-0.1430273184562295,0
PWL,2024,Consumer Services,-0.0484554326925014,0.6802304253354995,0.2205628147994169,0.227015611105622,0.0123079908665588,-0.14304979816352753,0
BAJAJ-AUTO,2019,Automobile and Auto Components,0.0846471282055016,0.0043184514612922,-0.0004852556307088,,0.0091703331938402,-0.14317295828279963,0
NCC,2026,Construction,0.0259930175370353,0.1331405100317542,0.0572569405830836,0.0937948976484171,0.0057123981798334,-0.14319614406382125,0
TVSMOTOR,2026,Automobile and Auto Components,-0.0150886213385834,0.5840350502853117,-0.01634639064895,0.1437916678939978,0.0049555137225215,-0.1432732015333939,0
BPCL,2024,Oil Gas & Consumable Fuels,-0.1587309413329611,0.2697344970982041,-0.0990158879246347,0.0658833798564885,0.02732774499087675,-0.14327672618989995,0
JMFINANCIL,2019,Financial Services,-0.0088820318293787,0.617979433827339,-0.0569451033195684,,0.0213614188746349,-0.14339727808758573,0
COFORGE,2022,Information Technology,-0.0213005863299028,0.1003731190290704,0.0766640573453252,,0.0142750165362883,-0.1434369639013675,0
M&M,2023,Automobile and Auto Components,0.0849581656595921,0.4535217861602179,0.003345501188988,,0.0091703331938402,-0.14350327556219888,0
AAVAS,2023,Financial Services,0.1514749496816089,0.7373279312373738,0.0101223698980851,0.7358238038065621,0.0114130143346204,-0.1435162895856104,0
TENNIND,2024,Automobile and Auto Components,-0.169755297974476,0.007071771455333,-0.0057922282812121,0.1584616888715081,0.0091703331938402,-0.14373994117266414,0
RADICO,2020,Fast Moving Consumer Goods,0.0682495569518285,0.1612212018688577,0.011659874269108,,0.01419611487274645,-0.14376372400211723,0
RAMCOCEM,2025,Construction Materials,-0.0620481226766937,0.2862748100017759,-0.0171442088051016,0.1328691919000038,0.0055331480227196,-0.1438905444531059,0
JYOTICNC,2022,Capital Goods,-0.0675223908446324,0.6158726209727577,0.09300130157107,,0.0147344734730676,-0.1440677102505718,0
DLF,2020,Realty,-0.0167985765009943,0.1449712786352588,-0.1140803967474571,,0.03750103869543505,-0.14414580877595934,0
SUZLON,2025,Capital Goods,-0.0498997267660473,0.0249367456840841,0.0040090981778785,0.1743329343805254,0.0045402042272111,-0.14423336497572758,0
ABCAPITAL,2026,Financial Services,0.112605001776898,0.5359883649003409,0.0335210886371039,0.4071450974338932,0.024096395376373,-0.14426098876031296,0
NATCOPHARM,2018,Healthcare,0.0626093510268902,0.0466205485720438,-0.0490819022391401,,0.018909635366554302,-0.14428743466643046,0
ASIANPAINT,2022,Consumer Durables,0.0890339626882151,0.0691197089696464,0.0154178302488783,,0.006957110708254,-0.1443030158383281,0
BHARATFORG,2026,Automobile and Auto Components,-0.0708849500616725,0.3286482004350127,-0.0067932876294328,0.1504760837424622,0.0149100511473616,-0.14440761924070566,0
CANFINHOME,2025,Financial Services,0.0622066622879669,0.8710194003057192,0.0004841360887667,0.9205100480966408,0.0002049638552014,-0.14446719239446515,0
YESBANK,2020,Financial Services,0.1601376647505881,0.84978409985783,-0.0323835051554713,,0.0213614188746349,-0.14456256993421995,0
SUPREMEIND,2024,Capital Goods,-0.1870018655492692,0.0083987851811626,-0.0005875202302896,0.1230417390472851,0.0147344734730676,-0.1446487224013414,0
AWL,2025,Fast Moving Consumer Goods,-0.0839207672521299,0.0864394566412864,-0.0464201834064267,0.029726915544919,0.0122207842925999,-0.14466293632262045,0
CENTRALBK,2026,Financial Services,-0.0026871820987453,0.9078518196134224,0.0022749107697479,0.6782590814217708,0.0530374514605455,-0.14468541158621645,0
FACT,2022,Chemicals,0.0406110610851674,0.3848093313509098,-0.151412318072957,,0.02157821562095625,-0.1447162575922345,0
COROMANDEL,2026,Chemicals,-0.0481058072660732,0.0615749590778493,0.0203227719264059,0.0925500657091381,0.0064134723724205,-0.14473006592687965,0
NAUKRI,2018,Consumer Services,0.0995770872170952,0.0002927265164003,-0.0001798586707336,,0.0123079908665588,-0.1447554655043647,0
IGIL,2022,Services,0.1163455896733815,0.0652992372384118,-0.0050481660415734,,0.01447484218491725,-0.14476459871063102,0
FORTIS,2025,Healthcare,-0.0919639559900665,0.1850275622748931,0.095983768134413,0.223244047487649,0.0202981835892551,-0.14486274819590328,0
OIL,2021,Oil Gas & Consumable Fuels,-0.0307449053198159,0.35506050377255,0.1312409184523192,,0.02732774499087675,-0.14487635863721438,0
GODFRYPHLP,2025,Fast Moving Consumer Goods,0.033869801292574,0.0256807250352989,-0.033428402403836,0.2078135851821875,0.0137839668666121,-0.1449313864562079,0
RHIM,2022,Capital Goods,0.1443870389726743,0.0386501418545617,-0.0108798825968688,,0.0147344734730676,-0.1449896172203775,0
M&M,2026,Automobile and Auto Components,-0.0196258433061118,0.4332678866450788,-0.0341901867308429,0.1860730736822314,0.0063997295688085,-0.14503293948275708,0
KPIL,2019,Construction,-0.0402227411938911,0.1846281409203815,-0.0833619535567323,,0.00811929390513665,-0.1452748698859887,0
AMBER,2019,Consumer Durables,0.066105941604731,0.1060175303913546,0.0400630509612587,,0.006957110708254,-0.1453222090727016,0
RECLTD,2018,Financial Services,0.152495633118587,0.8432018499337541,0.0448394447921697,,0.0213614188746349,-0.1453395183863911,0
SUNDARMFIN,2020,Financial Services,0.0175032216473233,0.8036359278020058,0.060456445739936,,0.0213614188746349,-0.1454691766356167,0
ITCHOTELS,2025,Consumer Services,-0.0453746234683168,0.0058769810758002,-0.0013462014236623,0.3795137647479442,0.0033205444227552,-0.1454971534233141,0
SYRMA,2025,Capital Goods,-0.0175303336402985,0.1581489757116715,-0.0126366942239879,0.1260817288677245,0.0244672439584433,-0.14551292437094904,0
CHOICEIN,2026,Financial Services,0.0903956545026766,0.2545295976713339,-0.0052572873865329,0.3382936828173924,0.0425144504558271,-0.14551755166749408,0
ABFRL,2021,Consumer Services,-0.1767706572113523,0.3582344728207813,-0.1833377871299683,,0.0123079908665588,-0.14559602695513074,0
BRITANNIA,2022,Fast Moving Consumer Goods,0.0299338346663832,0.3296574814657348,0.0662929443167777,,0.01419611487274645,-0.14560350932491495,0
IRFC,2020,Financial Services,0.2391714055248464,0.8507194429353927,0.0088528850373965,,0.0213614188746349,-0.14561049468174114,0
DMART,2025,Consumer Services,-0.0660989816878201,0.0337114883612651,0.0057431067640219,0.0808452406733816,0.0032788512476624,-0.14564822308348085,0
SONATSOFTW,2021,Information Technology,-0.1020432272512481,0.09502701703203,0.0418243395763553,,0.0142750165362883,-0.14573556853406333,0
AJANTPHARM,2026,Healthcare,-0.0322963772797296,0.0430966224386688,0.0334278128114542,0.260510713670693,0.0107024984707533,-0.14581659736506458,0
UBL,2023,Fast Moving Consumer Goods,0.067440079358129,0.0024871066924187,0.0008499420464346,,0.01419611487274645,-0.14585556511492287,0
JKTYRE,2024,Automobile and Auto Components,-0.1114478167344439,0.3289764608987708,-0.0667066716625953,0.0855327627882668,0.0091703331938402,-0.1458563078753926,0
PCBL,2025,Chemicals,-0.0647045826227681,0.4752928068767068,0.0341313085335744,0.1163023807717731,0.0294002386551735,-0.14589646598452977,0
SYRMA,2026,Capital Goods,-0.0328618795260952,0.0693481035487361,-0.0888008721629354,0.1017172136823154,0.0177751037062918,-0.14591478384239598,0
TVSMOTOR,2025,Automobile and Auto Components,-0.055856879063539,0.6003814409342617,-0.0184482754182987,0.1536652046149508,0.0040182231941368,-0.14600691721110604,0
GODFRYPHLP,2020,Fast Moving Consumer Goods,0.0029892417644113,0.1082317952141784,0.0935753833829644,,0.01419611487274645,-0.1460123053096547,0
PINELABS,2025,Financial Services,-0.0006851498216086,0.097752091669868,0.0219002188701192,0.177274376234431,0.0349479284438665,-0.14607540128741653,0
GLAND,2026,Healthcare,-0.0573907119957135,0.0227810030581924,-0.0052986470940515,0.2718258927827492,0.0080131148832814,-0.14612129099192106,0
DOMS,2024,Fast Moving Consumer Goods,-0.1108151260504201,0.144453781512605,-0.0740554168180972,0.1753507213984953,0.01419611487274645,-0.14616947711320954,0
LTFOODS,2024,Fast Moving Consumer Goods,-0.1015674136846635,0.1518554073289417,-0.0776540222346343,0.1098245567761703,0.01419611487274645,-0.14623835542041036,0
HINDPETRO,2023,Oil Gas & Consumable Fuels,-0.0217733178706623,0.4378991504370997,0.1243549715966502,,0.02732774499087675,-0.14626188073929342,0
ADANIGREEN,2023,Power,-0.0940232255750347,0.810399198911955,-0.0857571263585948,,0.02714301304713805,-0.1462708430844078,0
ZENSARTECH,2018,Information Technology,0.0155023906776634,0.0040715548549481,-0.0595943392980095,,0.0142750165362883,-0.1463257063981706,0
CANFINHOME,2026,Financial Services,0.0716105023178806,0.8620319118110293,-0.0089874884946898,0.9128586416092688,0.0045035504018233,-0.1465215930135566,0
BOSCHLTD,2019,Automobile and Auto Components,0.0791342550310206,,-0.0008662445049587,,0.0091703331938402,-0.14657704620616097,0
DEVYANI,2021,Consumer Services,-0.1766771956533465,0.8006185529935687,-0.1721512405368018,,0.0123079908665588,-0.14658392436524043,0
WIPRO,2019,Information Technology,-0.0318200091056154,0.1204399271550764,-0.0639486189274694,,0.0142750165362883,-0.14660902649604696,0
LTFOODS,2021,Fast Moving Consumer Goods,-0.0414851993161994,0.3817392171310041,-0.0802938067399382,,0.01419611487274645,-0.14674175540690904,0
BOSCHLTD,2025,Automobile and Auto Components,-0.0909436740098117,0.0058445440218169,0.0035792184893502,0.1253479613558211,0.0036155137478982,-0.14684154661096938,0
TENNIND,2025,Automobile and Auto Components,-0.1567025018718126,0.0069539604729682,-0.0001178109823648,0.1731245039914103,0.0103681760025674,-0.14686815420268923,0
INDGN,2024,Healthcare,-0.15634820867379,0.1923318667504714,-0.0356730336533581,0.1829539144919489,0.018909635366554302,-0.1468690025220879,0
BEL,2026,Capital Goods,-0.010937811256448,0.0014701129804059,-2.975584537292836e-05,0.250298360549344,0.025168632049712,-0.14702964358801457,0
BANDHANBNK,2026,Financial Services,-0.0030357553838216,0.8556464022305782,0.0077555745986035,0.494029890508032,0.0473741754653163,-0.14705963902252012,0
DELHIVERY,2020,Services,0.0837628806829917,0.1821816262364308,0.0714728349600157,,0.01447484218491725,-0.14706551070036777,0
DEEPAKFERT,2019,Chemicals,-0.1741230553514452,0.4260011436423181,-0.0791994868411573,,0.02157821562095625,-0.14711213574102122,0
JKTYRE,2021,Automobile and Auto Components,-0.1169148590001864,0.438803192558983,-0.0560323768214994,,0.0091703331938402,-0.14719489435105254,0
HCLTECH,2019,Information Technology,0.0196918541877324,0.0718949767776654,0.0602881502132444,,0.0142750165362883,-0.14719967420656432,0
M&M,2019,Automobile and Auto Components,0.059687627286556,0.4376359653603903,0.0277349399757197,,0.0091703331938402,-0.14722749437712757,0
HAVELLS,2025,Consumer Durables,-0.0885070397649139,0.023066879758078,-0.0013172237625599,0.0923622333295752,0.0036240797592057,-0.14725088113751622,0
MRF,2022,Automobile and Auto Components,0.0540882074125727,0.1400254296015479,0.0342666479954269,,0.0091703331938402,-0.14728094674319536,0
NMDC,2023,Metals & Mining,0.1256962593296413,0.0710404862030145,-0.0012104544954505,,0.02556926581353005,-0.14740725286008882,0
CIEINDIA,2022,Automobile and Auto Components,-0.1264559353370148,0.0992485690149137,-0.0521576587104798,,0.0091703331938402,-0.1474991201545492,0
BBTC,2020,Fast Moving Consumer Goods,-0.0715960265719032,0.1805122311607289,0.0790552999976767,,0.01419611487274645,-0.1476520631812014,0
POWERINDIA,2020,Capital Goods,-0.1455616707392267,0.0111529151156683,-0.089881200828551,,0.0147344734730676,-0.1477657296928363,0
GPIL,2026,Capital Goods,-0.1282402362890017,0.0607827415828896,0.010361645710717,0.1906516535559021,0.0118568069496261,-0.14781569588919763,0
SYNGENE,2024,Healthcare,-0.1480915534169971,0.0902529423239482,-0.0495515509019135,0.3005192328070361,0.018909635366554302,-0.1478191326879369,0
PTCIL,2023,Capital Goods,-0.0379440063662012,0.3194675540765391,-0.1411770619942606,,0.0147344734730676,-0.14826784009273175,0
LTM,2023,Information Technology,0.0559464086468438,0.0150757620925498,0.0025586878310572,,0.0142750165362883,-0.14837975408773857,0
DOMS,2021,Fast Moving Consumer Goods,-0.0353379532940953,0.2302544142775773,0.0846524929326358,,0.01419611487274645,-0.14843860010072996,0
LTFOODS,2022,Fast Moving Consumer Goods,-0.0516832796136772,0.3027333937440497,-0.0790058233869544,,0.01419611487274645,-0.14846618261758832,0
ELGIEQUIP,2020,Capital Goods,0.0045709496486364,0.2888917542389272,0.116001252526312,,0.0147344734730676,-0.14861136833398625,0
TECHNOE,2025,Construction,-0.0661720679960823,0.007750078313659,-0.0014410977528105,0.1445654666360926,0.0021624096617167,-0.14861521472341083,0
ABCAPITAL,2018,Financial Services,0.13453733377984,0.475818785968473,0.0507541914454743,,0.0213614188746349,-0.14864157932691047,0
SUNDARMFIN,2024,Financial Services,0.1391358272849416,0.8142100851265883,0.0528502484054329,0.7892946660518374,0.0213614188746349,-0.14883051043494577,0
MFSL,2025,Financial Services,-0.0437220280929111,0.005396634182469,0.0021861817351879,0.0054709574982134,0.0031710788490255,-0.14883183568192587,0
BSOFT,2024,Information Technology,-0.1531695388024913,0.023736196553437,-0.0082126752118299,0.1199236809275702,0.0142750165362883,-0.14888085858636285,0
CYIENT,2023,Information Technology,-0.0060770165694856,0.1873567285650548,0.0669577784338212,,0.0142750165362883,-0.1489236578053501,0
AIAENG,2022,Capital Goods,0.1286222128569533,0.0019179290268705,-0.0386327225073875,,0.0147344734730676,-0.14903357572492654,0
BALRAMCHIN,2017,Fast Moving Consumer Goods,0.0614154225088082,0.4425287213624366,-0.0020996335843381,,0.01419611487274645,-0.14905372943185435,0
NTPCGREEN,2023,Power,0.0083525939429451,0.3329643977125991,-0.00866163884820365,,0.02714301304713805,-0.14905776375034785,0
EMAMILTD,2019,Fast Moving Consumer Goods,-0.0888799795637426,0.038981451258107,-0.0775079959960344,,0.01419611487274645,-0.1491683782183948,0
PERSISTENT,2025,Information Technology,-0.0822640471017193,0.0356473333295113,-0.0252713144231572,0.1940230955928865,0.0130031663043601,-0.14949535535204744,0
CHOLAFIN,2025,Financial Services,0.1669407146857971,0.8670008870319182,0.0087587459298277,0.6766330598958498,0.0146277061671626,-0.14951632057946318,0
UNITDSPR,2018,Fast Moving Consumer Goods,-0.0326357301306325,0.3832821707858119,-0.0825054392367827,,0.01419611487274645,-0.1495720069906904,0
SONATSOFTW,2020,Information Technology,-0.0566855969216683,0.0532026774556747,0.0429806995487588,,0.0142750165362883,-0.14969463756462847,0
CGCL,2022,Financial Services,0.216102293237445,0.6722416630200607,0.0230866539715012,,0.0213614188746349,-0.14971001026866687,0
CCL,2020,Fast Moving Consumer Goods,0.0498751134579327,0.3106859153156615,0.017792646416315,,0.01419611487274645,-0.14973578014975214,0
LTTS,2024,Information Technology,-0.1379684313517464,0.0776602892810411,0.0118675754402357,0.186468149264983,0.0142750165362883,-0.1497637255442913,0
AUROPHARMA,2021,Healthcare,0.0600249821043382,0.1597765376503175,-0.0427777183885413,,0.018909635366554302,-0.14979320455662315,0
FORCEMOT,2018,Automobile and Auto Components,-0.0433457393468808,5.152657383956211e-05,-0.076261513965663,,0.0091703331938402,-0.14995249663557897,0
BBTC,2026,Fast Moving Consumer Goods,-0.1465621915018763,0.1094120520220278,-0.0143614076980827,0.1599724094020268,0.015190309430528,-0.14995283877382926,0
KOTAKBANK,2021,Financial Services,0.0106693640498772,0.6831104255487193,-0.0535705912792119,,0.0213614188746349,-0.1500831770479178,0
CARBORUNIV,2026,Capital Goods,-0.0551989998311551,0.0782624532593704,0.0310216597118566,0.0946986955272214,0.023246602059108,-0.1501001805821962,0
IRFC,2021,Financial Services,0.2479037089633157,0.8493060845635815,-0.0014133583718112,,0.0213614188746349,-0.15012965473167983,0
MINDACORP,2019,Automobile and Auto Components,-0.0164619164619164,0.2806306306306306,-0.0742348139871541,,0.0091703331938402,-0.15018028023862384,0
TCS,2020,Information Technology,-0.000241411173175,0.0680446527425141,0.0675003203837113,,0.0142750165362883,-0.15024874561786983,0
SCHNEIDER,2018,Capital Goods,-0.1720556520114293,0.3837326087464283,0.0072700525395398,,0.0147344734730676,-0.15038529924412952,0
RELIANCE,2021,Oil Gas & Consumable Fuels,0.0167946275372803,0.2113244423570051,-0.0940310345714953,,0.02732774499087675,-0.15039603475404018,0
TATAELXSI,2011,Information Technology,-0.1271919647296714,0.0842974110783306,-0.0302774877070944,,0.0142750165362883,-0.15041961662526543,0
ANTHEM,2022,Healthcare,0.044864904933101,0.0219228345873021,-0.0748154757568583,,0.018909635366554302,-0.15046609618537338,0
SAPPHIRE,2025,Consumer Services,-0.1686764821978369,0.4250447356648509,0.0147107748772196,0.1649115908727867,0.0089519612331274,-0.15059596690740357,0
SUMICHEM,2025,Chemicals,-0.0948383531780575,0.0130927239375566,0.0039607311706986,0.1751470122187401,0.0069401707533569,-0.15063406910409305,0
AAVAS,2018,Financial Services,0.2539442483527472,0.6819329415899764,-0.0006671917563533,,0.0213614188746349,-0.15065178301250365,0
RVNL,2021,Construction,0.0402323865965644,0.4170336675074343,0.0736050532029445,,0.00811929390513665,-0.15066054630542303,0
ANANDRATHI,2021,Financial Services,0.1840176600441501,0.1399558498896247,0.0379439692823937,,0.0213614188746349,-0.15068486669838743,0
VEDL,2023,Metals & Mining,-0.1187142065398115,0.4240004222638621,0.147723913733181,,0.02556926581353005,-0.1507257590097018,0
CHAMBLFERT,2023,Chemicals,-0.1726725068852402,0.2629899444560601,-0.063359668005374,,0.02157821562095625,-0.15072737415844184,0
BAJAJFINSV,2026,Financial Services,0.0770391103832836,0.5667988679789658,0.0206066688554097,0.4077515230666391,0.0296057801355618,-0.1508273107571504,0
IREDA,2018,Financial Services,0.1105400552737099,0.73573294618497,0.0559880730887392,,0.0213614188746349,-0.15085891754810205,0
CCL,2023,Fast Moving Consumer Goods,0.0426193905134504,0.3541090668248015,0.0376490899173698,,0.01419611487274645,-0.1508662270581314,0
PNBHOUSING,2018,Financial Services,0.2619193655044627,0.8534024010675643,-0.0006671917563533,,0.0213614188746349,-0.15086672566150372,0
SCHAEFFLER,2026,Automobile and Auto Components,-0.0514496648847717,,-0.0008662445049587,0.1807538352864465,0.003695781466466,-0.15087147493037645,0
TBOTEK,2020,Consumer Services,0.0960277427490542,0.0208322824716267,-0.005128383186467,,0.0123079908665588,-0.15102065264580844,0
UNOMINDA,2019,Automobile and Auto Components,-0.0303382711321954,0.2558956940219305,0.0735123543985601,,0.0091703331938402,-0.1510834467153545,0
IDFCFIRSTB,2025,Financial Services,-0.0406690449332575,0.8461373211974782,-0.002943151432426,0.3274080829413459,0.0018019817971071,-0.15113363286901937,0
FIRSTCRY,2025,Consumer Services,0.0063113895668301,0.181075289156682,-0.0142068173258112,0.0398947033994462,0.0069061117724802,-0.15118983149351728,0
JUBLFOOD,2025,Consumer Services,-0.1888341133199825,0.5202076632647111,-0.0031937754839607,0.1991733870137782,0.0087565282975111,-0.15137204634984125,0
M&M,2020,Automobile and Auto Components,0.0095583332775149,0.4953789350499555,0.0577429696895652,,0.0091703331938402,-0.15137297662539773,0
SAIL,2026,Metals & Mining,-0.127695636703904,0.2343760082176228,-0.0357713771911764,0.1582245757109649,0.0432316679624478,-0.15138191205759155,0
ICICIBANK,2025,Financial Services,-0.0417324774271855,0.7041449138441895,0.0057676133947286,0.2317876330746276,0.0394519882607569,-0.15140147204214327,0
SHYAMMETL,2025,Capital Goods,-0.0929027743566553,0.048371402766391,0.006899677963394,0.1101694915254237,0.0078938851787017,-0.1514035742086025,0
CHAMBLFERT,2019,Chemicals,0.1235235315745932,0.6495613682323742,0.0070563877579477,,0.02157821562095625,-0.15151519175220735,0
BAJFINANCE,2020,Financial Services,0.1805173429977639,0.7896194277635296,-0.028104129459938,,0.0213614188746349,-0.15163569642847285,0
WIPRO,2025,Information Technology,-0.1080567282971583,0.150110490889094,0.0064488729868193,0.1823924468708343,0.0148595282182294,-0.15179704510436415,0
LICHSGFIN,2018,Financial Services,0.122555542265945,0.8813543870354035,0.0446686588459152,,0.0213614188746349,-0.1519181198873108,0
CGPOWER,2025,Capital Goods,-0.0851618665001032,0.0055270829763955,0.0024267377429985,0.1251263640228636,0.0045709498964915,-0.15198262888496156,0
DIVISLAB,2022,Healthcare,0.0784903564606623,0.0002761926432459,-0.0001722403480527,,0.018909635366554302,-0.15208065394346626,0
ADANIGREEN,2018,Power,-0.0500471716730602,0.6279460014845389,-0.0776751754138622,,0.02714301304713805,-0.152108372687964,0
MANKIND,2022,Healthcare,0.0563981797122452,0.0958527521147945,0.0580107494731189,,0.018909635366554302,-0.15211834989234624,0
IKS,2022,Information Technology,-0.0001015847216578,0.0827788500609508,-0.0470493661884942,,0.0142750165362883,-0.15220105672673673,0
HEXT,2022,Information Technology,0.0097635861221983,0.0700798280626343,0.0612834248768241,,0.0142750165362883,-0.1522231918820397,0
M&M,2018,Automobile and Auto Components,0.0500738032626255,0.4099010253846705,-0.0184532100435106,,0.0091703331938402,-0.15226274629009612,0
INOXWIND,2024,Capital Goods,0.0715168743106294,0.3077276125755994,-0.0895024373058622,0.2238085309513097,0.0147344734730676,-0.15226441289601145,0
EMAMILTD,2018,Fast Moving Consumer Goods,-0.1003163143127758,0.1164894472541415,-0.0651974256234379,,0.01419611487274645,-0.15227591864456164,0
COFORGE,2024,Information Technology,-0.1134942502186071,0.1197802379106102,0.0198353480419857,0.13354409011387,0.0142750165362883,-0.15228555187655574,0
AJANTPHARM,2018,Healthcare,0.0772965976636246,0.0007419681942967,3.992513931250642e-05,,0.018909635366554302,-0.1523408251780296,0
MAXHEALTH,2026,Healthcare,-0.0762526586536083,0.2024132282383201,0.0041909984069705,0.2529192746083333,0.0071210403005628,-0.1523741713532752,0
CAPLIPOINT,2017,Healthcare,0.0781293598973157,0.0020369440258943,-0.0036016930944258,,0.018909635366554302,-0.15245890119441013,0
HEXT,2024,Information Technology,-0.1366501751070098,0.0638390127300016,0.0091882858586724,0.1554653816890692,0.0142750165362883,-0.1525133326620513,0
PNBHOUSING,2024,Financial Services,0.071055737288317,0.7598467505975082,-0.0419838644275315,0.920093111404087,0.0213614188746349,-0.15257655221278543,0
MARICO,2021,Fast Moving Consumer Goods,-0.1538886841135274,0.0941761887209731,0.0260859389224235,,0.01419611487274645,-0.15259805647847052,0
PATANJALI,2019,Fast Moving Consumer Goods,-0.0209390687664332,1.1131031157474955,0.0764174631981307,0.0307091640659255,0.01419611487274645,-0.15272010049987422,0
PRESTIGE,2018,Realty,-0.0370480095225499,0.3923026054754662,0.0512846734247478,,0.03750103869543505,-0.15274291509509297,0
PCBL,2026,Chemicals,-0.1258192011361241,0.4417231688939965,-0.0335696379827102,0.159915419043653,0.0246136333290968,-0.15287390826806202,0
BALRAMCHIN,2023,Fast Moving Consumer Goods,-0.0310852481846215,0.3462408494239788,0.0767174257679116,,0.01419611487274645,-0.15295344699291702,0
CIEINDIA,2026,Automobile and Auto Components,-0.0514496648847717,,-0.0008662445049587,0.1486939764553242,0.0046699056517232,-0.1529600977380109,0
TVSMOTOR,2024,Automobile and Auto Components,0.0432776508661717,0.6188297163525605,-0.0200246411921781,0.1479825788771604,0.0091703331938402,-0.15296196941783397,0
GPIL,2024,Capital Goods,-0.1622400473198635,0.0093088847371799,-0.052070702305424,0.1704300246609124,0.0147344734730676,-0.15300757215823485,0
ABDL,2023,Fast Moving Consumer Goods,-0.0913116701802951,0.3170866352773633,-0.065613971944541,,0.01419611487274645,-0.15301396857475508,0
HEG,2022,Capital Goods,0.1076969451483152,0.1252234855264273,0.0549952189200788,,0.0147344734730676,-0.15301429259764238,0
NAUKRI,2020,Consumer Services,-0.2031478428566984,0.0267089696931993,0.0264487000161846,,0.0123079908665588,-0.15309214167878316,0
SUNPHARMA,2023,Healthcare,0.0435406674852159,0.0853141853927363,0.0668221298967923,,0.018909635366554302,-0.15327125670363334,0
TMPV,2020,Automobile and Auto Components,-0.1208815782927189,0.3897428875731195,0.0424281087984316,,0.0091703331938402,-0.15333873461541092,0
CHOLAFIN,2024,Financial Services,0.2346793190296465,0.8582421411020905,0.0014247853527036,0.6973197603438597,0.0213614188746349,-0.15335056715411494,0
CUMMINSIND,2025,Capital Goods,-0.117670371903793,0.0029168539281643,-0.0112384170653466,0.2076879263614104,0.0103829519388164,-0.15339505393161124,0
CROMPTON,2023,Consumer Durables,-0.0158070751605378,0.1777562017745378,-0.0836544321780006,,0.006957110708254,-0.1535726569119959,0
INDIANB,2025,Financial Services,-0.0162473122619688,0.8878179592095491,-0.0058455671040086,0.678842675888087,0.0016593575791409,-0.15360141400553468,0
INDGN,2019,Healthcare,-0.153497704678807,0.4472684157723527,-0.0036016930944258,,0.018909635366554302,-0.15363167815546208,0
OLECTRA,2023,Automobile and Auto Components,0.0487250305093454,0.0858757787911876,0.0295100652734966,,0.0091703331938402,-0.1536373223980223,0
APOLLOTYRE,2024,Automobile and Auto Components,-0.1154338177510001,0.1825161637931034,-0.0528308454205945,0.1366941158640001,0.0091703331938402,-0.1537264676588097,0
CHOICEIN,2023,Financial Services,-0.0707647287276799,0.1857495100208636,-0.038456595285426,,0.0213614188746349,-0.15381881579812828,0
INDIGO,2021,Services,-0.0973790479464544,0.6935854210630843,0.1539515209351066,,0.01447484218491725,-0.1539596171704643,0
TRENT,2026,Consumer Services,-0.1831943849980133,0.2183768197002535,-0.0191258874095723,0.1944772195297417,0.0102325851373472,-0.15408892814305142,0
LICHSGFIN,2019,Financial Services,0.11943958026066,0.8502781810458229,-0.0310762059895806,,0.0213614188746349,-0.15415331799922305,0
VBL,2019,Fast Moving Consumer Goods,-0.1001267971889707,0.4079932374832549,-0.0601403601599634,,0.01419611487274645,-0.154187297871968,0
CHOLAFIN,2026,Financial Services,0.1290578465365181,0.8599353517440317,-0.0070655352878865,0.7005314866608929,0.0129704122474021,-0.15452013269664616,0
ADANIGREEN,2025,Power,-0.0758820555415116,0.7226174569354664,-0.0136857013416717,0.8559969442322384,0.037178359911361,-0.15457878606597825,0
PRESTIGE,2022,Realty,-0.0328096516522488,0.2456729972490139,0.0505503658126564,,0.03750103869543505,-0.15465909027254626,0
BALRAMCHIN,2020,Fast Moving Consumer Goods,-0.0686921126578934,0.3083490888820944,-0.060342891369397,,0.01419611487274645,-0.15467463319243846,0
ACUTAAS,2017,Healthcare,-0.1513677253534055,0.2435285478244905,-0.0036016930944258,,0.018909635366554302,-0.1547177413367194,0
M&MFIN,2021,Financial Services,-0.0590259528540499,0.7605163211313326,-0.041931040230786,,0.0213614188746349,-0.15474180385375957,0
KIMS,2023,Healthcare,-0.033011502493873,0.2337656965782062,0.0990427522414225,,0.018909635366554302,-0.1547564837019595,0
ZYDUSLIFE,2023,Healthcare,-0.0284993349503168,0.0467451686096549,-0.1059558327795555,,0.018909635366554302,-0.15486665324835341,0
BSOFT,2018,Information Technology,-0.056559587539839,0.1134375217262438,-0.0396824232193939,,0.0142750165362883,-0.15488656263530381,0
BRIGADE,2025,Realty,-0.0366369508692776,0.247505866152076,-0.0587688474196572,0.260692903987658,0.015495754865766,-0.1549119319294101,0
TIMKEN,2025,Capital Goods,-0.0986868330565903,0.0050559364953728,-0.0021900725510935,0.129259815049957,0.0231894035364418,-0.155089046476301,0
UNOMINDA,2022,Automobile and Auto Components,-0.0039836007455276,0.1394804549071988,-0.0544540621009467,,0.0091703331938402,-0.15510383860182747,0
CEMPRO,2025,Construction,-0.0125420189249649,0.1696188860007553,0.0193598974503307,0.095790073764403,0.0032189282734365,-0.15511822035688005,0
ARE&M,2026,Automobile and Auto Components,-0.0812090769215949,0.0355678855690677,0.0099013730851831,0.0963141884998125,0.0138456793322191,-0.15514732723647173,0
ZENSARTECH,2025,Information Technology,-0.0705986970558101,0.0242030582458582,-0.0159234532219329,0.1746697420842944,0.0130914025286079,-0.15522346149880478,0
PATANJALI,2016,Fast Moving Consumer Goods,-0.0499633577305911,0.3399376385680757,0.0580591348950859,,0.01419611487274645,-0.15524993010552435,0
AEGISLOG,2025,Oil Gas & Consumable Fuels,-0.0344192074629101,0.415712833916674,0.0795582756899721,0.1721919554885823,0.0252811608400601,-0.155305695166498,0
JYOTICNC,2025,Capital Goods,0.0694634971006135,0.1779675283043872,0.0385127140880573,0.2683972911963883,0.0127060350617969,-0.15533645509150018,0
AMBER,2026,Consumer Durables,-0.0158357195807956,0.1963450441152957,-0.0479805952367483,0.080126655211795,0.0059100242573642,-0.15534909676320668,0
INDIGO,2022,Services,-0.1795466313916097,0.8023445148881917,0.1087590938251074,,0.01447484218491725,-0.15546467965995564,0
UBL,2018,Fast Moving Consumer Goods,-0.0358003311160133,0.0660665365349683,-0.0665657004980993,,0.01419611487274645,-0.15548181667095418,0
UNITDSPR,2019,Fast Moving Consumer Goods,-0.0272370977834864,0.3165255958458211,-0.0667565749399908,,0.01419611487274645,-0.15554692105536982,0
JSL,2025,Metals & Mining,-0.1082932269993446,0.1782405667285315,-0.0184858922010586,0.1338657767255682,0.0095081042176366,-0.1555564912796512,0
MOTILALOFS,2020,Financial Services,-0.0761979092805057,0.4588565007968376,-0.0389847716796518,,0.0213614188746349,-0.15578536452951325,0
HOMEFIRST,2021,Financial Services,0.0716317639102912,0.677070607407736,-0.0394982203354175,,0.0213614188746349,-0.15580921599352393,0
NAUKRI,2025,Consumer Services,-0.0141248598046933,0.00625054213528,-0.0005763913058596,0.3592462869625706,0.0061866775933752,-0.1558126450201162,0
BHARATFORG,2022,Automobile and Auto Components,0.0371750787350493,0.385468985910638,-0.0172474432442141,,0.0091703331938402,-0.1558563752441347,0
CHENNPETRO,2024,Oil Gas & Consumable Fuels,-0.1454969455366739,0.1516156682403842,-0.1132978443015877,0.0187159197113271,0.02732774499087675,-0.15592009226315634,0
BIKAJI,2022,Fast Moving Consumer Goods,0.0185823685261133,0.1449479185569629,0.0379540985728718,,0.01419611487274645,-0.15593062413665043,0
MOTHERSON,2026,Automobile and Auto Components,-0.0936886855647256,0.1751846229907599,-0.0122734697842167,0.0878515550407916,0.0052723184610221,-0.15594803021584452,0
AXISBANK,2025,Financial Services,-0.0225551438363476,0.8398545818725504,-0.0133064494180993,0.6219826830503392,0.005389529692702,-0.156080720380188,0
SAMMAANCAP,2018,Financial Services,0.218087273309737,0.8375120302943967,0.0149153272352825,,0.0213614188746349,-0.15610208868184205,0
ADANIENSOL,2017,Power,-0.1383429630335038,0.7005517107873978,-0.00866163884820365,,0.02714301304713805,-0.1562022295621232,0
TITAGARH,2019,Capital Goods,0.0356730890878375,0.3335826393695162,0.1015180162262786,,0.0147344734730676,-0.156211568407025,0
GRASIM,2022,Construction Materials,0.0017711988350357,0.2584973293507471,-0.0372879102821115,,0.02233657876759495,-0.15623292467603367,0
IDBI,2019,Financial Services,0.0598796554715902,0.8485461120346397,-0.0376158707046395,,0.0213614188746349,-0.15623498084317355,0
DATAPATTNS,2022,Capital Goods,0.0618676326998457,0.0130188065150636,-0.1000974442457398,,0.0147344734730676,-0.15632472163188016,0
TRIDENT,2024,Textiles,-0.0274484086269449,0.2810777863572418,0.0698774419205101,0.1282054358193019,0.0200266138250189,-0.15636488224840234,0
NEWGEN,2025,Information Technology,-0.0744033211577109,0.0261506941082701,-0.0026135293881454,0.2654391925652044,0.0132631815809581,-0.15637109586717107,0
CDSL,2024,Financial Services,-0.1436165733884956,0.000763440196249,-0.0008632903499068,0.5776435479811599,0.0213614188746349,-0.15638325073102743,0
IRB,2022,Construction,-6.379284978667145e-05,0.3930501103427982,-0.073744542136615,,0.00811929390513665,-0.156459968334338,0
MINDACORP,2024,Automobile and Auto Components,-0.0647834714602544,0.1575522353215828,-0.06612418485853,0.1146132720189052,0.0091703331938402,-0.15646117675784044,0
BRITANNIA,2021,Fast Moving Consumer Goods,0.0016037319580154,0.2633645371489571,0.0669813524407877,,0.01419611487274645,-0.15654925452316698,0
HINDUNILVR,2024,Fast Moving Consumer Goods,-0.1590668756131432,0.0189071080023952,0.0022260729298005,0.2371432244793005,0.01419611487274645,-0.15657071598061068,0
SBIN,2025,Financial Services,-0.0033043194553848,0.8273145648980008,-0.0052293127451733,0.4109866132048737,0.0483997654899453,-0.15671196603365312,0
WHIRLPOOL,2022,Consumer Durables,0.0831775750701577,0.0237125314844694,0.0136440547501183,,0.006957110708254,-0.1567156666875718,0
IEX,2023,Financial Services,0.2260301777224282,0.0097014565945823,0.0037999950837845,,0.0213614188746349,-0.15671756853740604,0
M&MFIN,2023,Financial Services,0.1852572927551728,0.774884505147606,0.0336050548760648,,0.0213614188746349,-0.15672615883292912,0
DEEPAKFERT,2018,Chemicals,0.0420770482846215,0.5052006304834755,0.1064787275213886,,0.02157821562095625,-0.15676819978175177,0
AARTIIND,2025,Chemicals,-0.0993942513263124,0.3462269379998416,-0.0119153374142146,0.1384814495254529,0.0092930296220802,-0.15683112521916215,0
SAGILITY,2024,Information Technology,-0.0718360919494378,0.2404550173191133,-0.0345783427656046,0.2699319372088062,0.0142750165362883,-0.1568409134461235,0
GRANULES,2025,Healthcare,-0.115148017829329,0.2338371474359489,-0.0053564341016954,0.221976454313587,0.0138305114666664,-0.1568440883926147,0
PIRAMALFIN,2019,Financial Services,0.0728811040845582,0.9081641823163136,0.0432453012499074,,0.0213614188746349,-0.15689872681073735,0
ADANIPOWER,2019,Power,-0.0970040273826719,0.6910344401526227,-0.0688717387474961,,0.02714301304713805,-0.15700179538139486,0
BSOFT,2022,Information Technology,0.0540737850762855,0.0363043619618483,-0.0064782618342537,,0.0142750165362883,-0.15700435058708828,0
SAIL,2023,Metals & Mining,0.0570923654441123,0.2353024251111349,0.0917238839607618,,0.02556926581353005,-0.15705806221891122,0
IRCON,2022,Construction,-0.0568807644278558,0.0968527712171093,0.0674471742638537,,0.00811929390513665,-0.157136039362201,0
CYIENT,2018,Information Technology,0.0320835171298338,0.0832818703131892,0.0156620001791649,,0.0142750165362883,-0.15719696855730753,0
NTPC,2019,Power,-0.0142653272992948,0.4988375950524352,0.0384760970064356,,0.02714301304713805,-0.15720038706123213,0
HCLTECH,2020,Information Technology,-0.0277955541602772,0.0964271483596759,0.0245321715820104,,0.0142750165362883,-0.15722755942493605,0
COFORGE,2020,Information Technology,0.0432634334284285,0.0103526366871562,0.0055535964951946,,0.0142750165362883,-0.15732383687979656,0
LINDEINDIA,2025,Chemicals,-0.0758874143211316,0.0082387827524184,0.0039330664926686,0.366403720240218,0.0348258877446559,-0.157340391672959,0
ACUTAAS,2018,Healthcare,0.0645866838211643,0.2819556127372145,0.0384270649127239,,0.018909635366554302,-0.1573662628024679,0
BLUEDART,2020,Services,-0.1537305124602865,0.2006975185455867,-0.1154801699143803,,0.01447484218491725,-0.1573980872509647,0
WAAREEENER,2021,Capital Goods,-0.0141113445214091,0.2654369675056421,0.0980331285253912,,0.0147344734730676,-0.15740988762036484,0
LTF,2021,Financial Services,-0.0412436312929361,0.8131638793113262,-0.0444578222795649,,0.0213614188746349,-0.1574447567656121,0
PARADEEP,2022,Chemicals,0.0557921237913367,0.3726328110613028,0.0897649066671593,,0.02157821562095625,-0.15747833083336732,0
ABSLAMC,2024,Financial Services,-0.1314647971786341,0.0225852049630909,0.005358543269907,0.6163195614567185,0.0213614188746349,-0.15751474587303466,0
CPPLUS,2024,Capital Goods,0.1341702246712647,0.2653419941855514,0.0155292644868225,0.0834358047016274,0.0147344734730676,-0.1575364354164131,0
BSOFT,2020,Information Technology,-0.0318382930269077,0.053968064956667,0.0387052905910811,,0.0142750165362883,-0.15755204877610463,0
IGIL,2026,Services,-0.2473183260311225,0.0770293311462672,-0.0050481660415734,0.603538486434004,0.0155612446582645,-0.15758123797502505,0
AAVAS,2024,Financial Services,0.128882620184086,0.7505274086001652,0.0131994773627913,0.7458334859528956,0.015503030133964,-0.15759747711082045,0
TATACONSUM,2024,Fast Moving Consumer Goods,-0.0594645606929138,0.1247263600751682,0.0544335230437187,0.1270895408186229,0.01419611487274645,-0.15766201378492084,0
GODREJPROP,2021,Realty,0.0296541498144538,0.2795902904171511,-0.0880046422833965,,0.03750103869543505,-0.15770000883995006,0
DCMSHRIRAM,2020,Diversified,0.0270939351476264,0.2643053814194754,0.0386944291185954,,0.01061696811920515,-0.15776042388568512,0
BBTC,2021,Fast Moving Consumer Goods,-0.1065025572306693,0.215012727769085,0.034500496608356,,0.01419611487274645,-0.1578205944928801,0
ALKEM,2020,Healthcare,0.0544957840398811,0.1624366298863611,0.0474168135876533,,0.018909635366554302,-0.1578282165644173,0
CHOLAHLDNG,2026,Financial Services,0.1149281533434271,0.7841077408603293,0.00781442501714,0.5751608169112176,0.0135926865154845,-0.1578704196191031,0
FACT,2025,Chemicals,-0.03444082331909,0.2990007571778639,-0.0104439712205954,-0.0273497295642412,0.0368196939578637,-0.1579063042600921,0
ABCAPITAL,2019,Financial Services,0.1016420766544819,0.5145173212878935,0.0386985353194205,,0.0213614188746349,-0.15790683185731375,0
BIOCON,2023,Healthcare,-0.0268602947713454,0.3482445527600508,0.0952371836611062,,0.018909635366554302,-0.15791107138390043,0
EMAMILTD,2024,Fast Moving Consumer Goods,-0.1529665139102183,0.0287412583133974,-0.0004893668299136,0.3184338910698631,0.01419611487274645,-0.15794254268840568,0
DEVYANI,2024,Consumer Services,-0.1554721173613166,0.5890934746556484,0.0649427688923053,0.1647172435105068,0.0123079908665588,-0.158000168568115,0
MANKIND,2024,Healthcare,-0.1491400218465924,0.0174343550290081,-0.000155530244922,0.2550933321662254,0.018909635366554302,-0.1580866729130499,0
CREDITACC,2019,Financial Services,0.2310476625427815,0.6614757908643847,-0.0006671917563533,,0.0213614188746349,-0.15809713263954456,0
APARINDS,2026,Capital Goods,-0.0364757801782326,0.0696878266012898,0.0177770169542425,0.1149405406717584,0.0210498436653153,-0.15813165394675982,0
NCC,2022,Construction,-0.0645414749906453,0.0900837529974775,-0.0622100634912949,,0.00811929390513665,-0.15819014265386183,0
IIFL,2023,Financial Services,0.1268955352402486,0.7550146050596409,-0.030997901028299,,0.0213614188746349,-0.15826712543770066,0
IRFC,2019,Financial Services,0.2129824353020743,0.8418665578979961,0.0119481565670106,,0.0213614188746349,-0.1582764852239315,0
PRESTIGE,2019,Realty,-0.0121865009443219,0.2984866229851827,-0.0938159824902834,,0.03750103869543505,-0.15829423196643688,0
EMAMILTD,2023,Fast Moving Consumer Goods,-0.0353021725159135,0.0292306251433111,-0.0630826662657002,,0.01419611487274645,-0.15842568566615617,0
ATUL,2026,Chemicals,-0.0987928383547022,0.023256286770779,-0.0056465985031199,0.2129603073676235,0.0319838800802137,-0.15848556363906474,0
VBL,2016,Fast Moving Consumer Goods,-0.1623822138205214,0.4592054588945407,-0.0020996335843381,,0.01419611487274645,-0.15851086835593642,0
MEDANTA,2024,Healthcare,-0.1096214640027477,0.1873567434829237,-0.0864799478757036,0.2520245060629186,0.018909635366554302,-0.15853184981238588,0
IRFC,2026,Financial Services,0.0560382001518629,0.8447668258481594,0.0016746581648027,0.9949232003931674,0.0058461172880551,-0.1585755549986857,0
VBL,2017,Fast Moving Consumer Goods,-0.0776422063041051,0.5030129217284826,0.0438074628339418,,0.01419611487274645,-0.15858888993764508,0
WIPRO,2022,Information Technology,0.0107191197252683,0.1639972183795756,0.0374145412905145,,0.0142750165362883,-0.15863922251362328,0
ZYDUSWELL,2017,Fast Moving Consumer Goods,0.0469310905654295,0.0366305733417339,-0.0020996335843381,,0.01419611487274645,-0.15866424300736132,0
NAVA,2017,Power,0.0056984917360022,0.5199299121058001,-0.00866163884820365,,0.02714301304713805,-0.158668039311453,0
ZYDUSWELL,2023,Fast Moving Consumer Goods,0.0374929282885601,0.0509677529958341,-0.0170799896967722,,0.01419611487274645,-0.15880601661985755,0
GODREJCP,2019,Fast Moving Consumer Goods,0.0434723685657623,0.2399714763136328,-0.0130311340874341,,0.01419611487274645,-0.158808805329972,0
RADICO,2021,Fast Moving Consumer Goods,-0.0354492898328144,0.1098310613826823,-0.0513901404861753,,0.01419611487274645,-0.15881318645355597,0
ICICIBANK,2026,Financial Services,-0.0178025033319803,0.7034777220878362,-0.0006671917563533,0.3239319421487208,0.0464127695982615,-0.15881878484703682,0
UNITDSPR,2022,Fast Moving Consumer Goods,-0.0167888976644477,0.0683064425138215,-0.0535138115133671,,0.01419611487274645,-0.15883849049411353,0
GODFRYPHLP,2018,Fast Moving Consumer Goods,-0.1446961644257998,0.011185400962342,-0.0220579426684706,,0.01419611487274645,-0.15889392753708875,0
LTM,2025,Information Technology,-0.1168438563178759,0.0714848307574653,-0.003688617106521,0.1857619886837955,0.0147357276806893,-0.15901667668967218,0
RADICO,2022,Fast Moving Consumer Goods,0.0148010303241497,0.0724136816125938,-0.0374173797700885,,0.01419611487274645,-0.15906497377286044,0
PIIND,2025,Chemicals,-0.0899309353927539,0.0150293075579212,-0.0027111567098425,0.2197426764556226,0.0350849364090292,-0.1590864818189328,0
DIXON,2026,Consumer Durables,-0.0584208660346315,0.0519123700063022,0.0118735819828504,0.0297871190905898,0.0048543968657236,-0.15909245429977958,0
UCOBANK,2023,Financial Services,-0.0082396478881412,0.8973623968194178,0.0097374366368333,0.6267937585218727,0.0041197513989318,-0.15912290159247278,0
ABREL,2020,Realty,0.0575117562234253,0.2074415819808551,0.0422300208154103,,0.03750103869543505,-0.15919670392526336,0
MARICO,2022,Fast Moving Consumer Goods,0.0368152193059714,0.0843755504667958,-0.0098006382541772,,0.01419611487274645,-0.1592684097902391,0
ICICIBANK,2021,Financial Services,-0.0760135016105002,0.7013796976100548,-0.0353094507778657,,0.0213614188746349,-0.15930794791399655,0
GODREJCP,2025,Fast Moving Consumer Goods,-0.1077258712268428,0.2077574815390594,0.0325625063105915,0.2202228642179117,0.0138767847152411,-0.1593536699104267,0
GODREJCP,2026,Fast Moving Consumer Goods,-0.0947352788935557,0.2110835429595206,0.0033260614204612,0.1896451755662683,0.0154924309369596,-0.1593562148680447,0
IFCI,2019,Financial Services,-0.0357981333331285,0.629527757703476,-0.0414613265037895,,0.0213614188746349,-0.15936063858066368,0
GODREJCP,2018,Fast Moving Consumer Goods,-0.0064318724271969,0.253002610401067,-0.0561822971548148,,0.01419611487274645,-0.15936294529340733,0
APTUS,2025,Financial Services,0.1459610562987563,0.6112985295386364,0.0338593927399708,0.8213872832369943,0.0206053998353859,-0.15943150268562878,0
VIJAYA,2024,Healthcare,-0.1507387358052831,0.2637266474011966,-0.0263566654261665,0.3972659486329743,0.018909635366554302,-0.15946332768739596,0
EMAMILTD,2017,Fast Moving Consumer Goods,-0.1495144363004963,0.1816868728775795,-0.0020996335843381,,0.01419611487274645,-0.1594645826810258,0
KIMS,2021,Healthcare,-0.1079744071001458,0.2207422499145275,-0.0879527470716086,,0.018909635366554302,-0.1595161841172026,0
SBFC,2023,Financial Services,0.2276974961889448,0.6506741565212549,-0.0004643741197375,0.657292298362644,0.0213614188746349,-0.15952979254220057,0
LENSKART,2024,Consumer Services,-0.0511807745054324,0.2469596492726033,0.1482039635153196,0.1256141990843939,0.0123079908665588,-0.15954853096958194,0
UBL,2022,Fast Moving Consumer Goods,-0.0897852019814062,0.0016371646459841,-0.0431275034423798,,0.01419611487274645,-0.15966375869215232,0
MARUTI,2025,Automobile and Auto Components,-0.0938887476844378,0.0006640425536786,-0.0003645418591912,0.1116761949418985,0.0136343826787349,-0.15967244681444442,0
NAVINFLUOR,2022,Chemicals,0.0789400875295538,0.0506480875966262,0.0374414452774007,,0.02157821562095625,-0.15971328777976207,0
BALKRISIND,2024,Automobile and Auto Components,-0.1192959354132473,0.2264920852290248,-0.0445333560286709,0.2346142880019373,0.0091703331938402,-0.1597961295868361,0
ASHOKLEY,2020,Capital Goods,-0.0012197754155064,0.5879152278378399,0.0980081082026138,,0.0147344734730676,-0.15980363995846197,0
COFORGE,2021,Information Technology,-0.0880335256465455,0.0237090616837452,0.0133564249965889,,0.0142750165362883,-0.15980389053719324,0
KIMS,2022,Healthcare,0.00454800880192,0.1347229443367837,-0.0860193055777438,,0.018909635366554302,-0.15981372689137008,0
COHANCE,2019,Healthcare,0.0751832647952798,0.1057316543638732,-0.0036016930944258,,0.018909635366554302,-0.1598257070705304,0
BIKAJI,2024,Fast Moving Consumer Goods,-0.1412649854231217,0.1087382829352472,-0.0246197011571458,0.0775923568660912,0.01419611487274645,-0.1598528936733679,0
CANHLIFE,2025,Financial Services,-0.0275006361518823,,-0.0006671917563533,-0.0167053364269141,0.0012461663285497,-0.1598744464455476,0
ZENTEC,2022,Capital Goods,0.1253557392600623,0.0399783168451009,0.0312012804383121,,0.0147344734730676,-0.15990300885869174,0
EIDPARRY,2023,Fast Moving Consumer Goods,0.0313614307441283,0.0861539379119076,0.0071613745723353,,0.01419611487274645,-0.1599610865028001,0
BOSCHLTD,2022,Automobile and Auto Components,0.0616141745064048,0.0047330593482791,0.001089134475444,,0.0091703331938402,-0.15999801254208773,0
TECHM,2020,Information Technology,-0.0087116370428132,0.0983576246251798,0.0386939299310777,,0.0142750165362883,-0.16001431642783215,0
INFY,2024,Information Technology,-0.1353036318188501,0.0614541979120717,-0.005153076799797,0.2421942342687482,0.0142750165362883,-0.16007474055707982,0
WELCORP,2022,Capital Goods,0.0240313670743877,0.2243378395327658,0.091597007880903,,0.0147344734730676,-0.16013344302495564,0
CCL,2022,Fast Moving Consumer Goods,0.0425569946809795,0.3164599769074316,0.003756557788551,,0.01419611487274645,-0.16013398406335044,0
CCL,2017,Fast Moving Consumer Goods,0.0386474569077318,0.1674172934990214,-0.0020996335843381,,0.01419611487274645,-0.16026870578310165,0
IGL,2025,Oil Gas & Consumable Fuels,-0.1148116503160436,0.0059969389888913,0.0002906394225757,0.1157615242778119,0.0137667538309377,-0.16030305393062622,0
VBL,2018,Fast Moving Consumer Goods,-0.1178624243707496,0.4681335976432183,-0.0348793240852642,,0.01419611487274645,-0.16036008709760086,0
INDUSINDBK,2021,Financial Services,-0.1158590180910452,0.8464869567182222,-0.0088388169890433,,0.0213614188746349,-0.16036606113720314,0
POWERGRID,2024,Power,-0.1332693987504649,0.4924313467366054,-0.0136009315524624,0.8486481385699138,0.02714301304713805,-0.16038059643821845,0
ADANIGREEN,2020,Power,-0.10790273556231,0.8069366044290056,0.0467478140939355,,0.02714301304713805,-0.16038698027665488,0
TRAVELFOOD,2020,Consumer Services,-0.0004247486903582,0.0291519184482514,-0.1791362816985041,,0.0123079908665588,-0.1604030152955433,0
ADANIGREEN,2024,Power,-0.0819767045841563,0.7363031582771382,-0.0740960406348167,0.8034188034188035,0.02714301304713805,-0.16041179988065907,0
BALKRISIND,2026,Automobile and Auto Components,-0.1012335686472284,0.2313824907099605,0.0223948952010079,0.2154390250255407,0.0111723928931886,-0.1604375931558586,0
MSUMI,2022,Automobile and Auto Components,-0.0351329195456142,0.1103954405277745,0.0565785186545209,,0.0091703331938402,-0.16051338729410397,0
PIDILITIND,2026,Chemicals,-0.1270249875640144,0.0270935640690284,-0.0053828423730479,0.2623040502685898,0.0136492125905702,-0.16052608425235637,0
CRAFTSMAN,2024,Automobile and Auto Components,-0.1063339666024897,0.3729105305435489,0.0471103666229033,0.1262491355189107,0.0091703331938402,-0.16055777184181258,0
KALYANKJIL,2021,Consumer Durables,-0.0716526435596545,0.381040097550741,-0.0763764218903371,,0.006957110708254,-0.1605913442794108,0
TATACONSUM,2018,Fast Moving Consumer Goods,0.0133814369128055,0.1020556823787181,0.0197055372169043,,0.01419611487274645,-0.16059738804232987,0
DMART,2018,Consumer Services,0.0135033692030409,0.0777678631498064,-0.1795354458506197,,0.0123079908665588,-0.16064541971113705,0
MARICO,2017,Fast Moving Consumer Goods,0.0413611134877636,0.0659084071858931,-0.0020996335843381,,0.01419611487274645,-0.1606683200922681,0
FLUOROCHEM,2025,Chemicals,-0.0418064143725406,0.1962104949426735,-0.0307949117272855,0.2420774647887324,0.0099137050866286,-0.1606994926905838,0
AUBANK,2014,Financial Services,0.2267978037208806,0.7338699646391954,-0.0006671917563533,,0.0213614188746349,-0.16071174662354398,0
SAMMAANCAP,2021,Financial Services,-0.0631386152429265,0.7379558327533651,-0.0365451662062161,,0.0213614188746349,-0.16075618433473615,0
ICICIGI,2026,Financial Services,-0.0291521823275339,,-0.0006671917563533,0.0736574203396621,0.0415689288542137,-0.16080671225939136,0
UNIONBANK,2026,Financial Services,0.0037792061946049,0.8740498953107286,-0.0124419134274893,0.6941820316402392,0.0039154499484587,-0.1608296596538048,0
CEATLTD,2022,Automobile and Auto Components,-0.0597944874960969,0.2433386392766448,0.05490903556739,,0.0091703331938402,-0.16083823018393706,0
WELSPUNLIV,2025,Textiles,-0.0669863216496612,0.269008855280638,-0.008506637570194,0.0708646450358058,0.0295454108579252,-0.16084996727770412,0
GMRAIRPORT,2026,Services,-0.0878423222900747,0.798237174581779,0.0056935973695467,0.3655290807889323,0.0326616621104883,-0.16085406290137844,0
HEXT,2021,Information Technology,-0.040698565891951,0.0087964031858101,-0.0370488355582241,,0.0142750165362883,-0.16085890938915492,0
CEATLTD,2019,Automobile and Auto Components,-0.0482767127865053,0.2339073720436017,0.0645339799512039,,0.0091703331938402,-0.1609193720310499,0
MARICO,2024,Fast Moving Consumer Goods,-0.1343669250645995,0.0718074255405956,-0.0176043391652866,0.1907659269863994,0.01419611487274645,-0.16100986056300476,0
JWL,2025,Capital Goods,-0.0103022922600278,0.1254329088222129,0.0067246182896242,0.1265780133878431,0.0085321122543085,-0.16105569430518218,0
LLOYDSME,2020,Metals & Mining,-0.0307423961626512,0.1925993988568936,0.1352347187038045,,0.02556926581353005,-0.16108083607192425,0
NEULANDLAB,2018,Healthcare,0.0007373529960798,0.2979279447451932,0.0809966680677614,,0.018909635366554302,-0.1611367198386921,0
PIDILITIND,2024,Chemicals,-0.1798343934592124,0.0316729341209263,-0.0055107721029488,0.2368510883342089,0.02157821562095625,-0.16117577633735036,0
SHREECEM,2020,Construction Materials,-0.1222088068680373,0.1577252885331814,-0.0231761624634105,,0.02233657876759495,-0.16124375528151091,0
SHREECEM,2024,Construction Materials,-0.1129502707112261,0.0592864568468149,-0.0441796405165116,0.2109922408740607,0.02233657876759495,-0.1612512619992597,0
COLPAL,2010,Fast Moving Consumer Goods,0.0340337511727006,0.0051881407466853,-0.0006843424747911,,0.01419611487274645,-0.16134341491604215,0
EIDPARRY,2020,Fast Moving Consumer Goods,-0.1016421014291893,0.2910455056127115,-0.0312357482392281,,0.01419611487274645,-0.16135147030051028,0
TVSMOTOR,2020,Automobile and Auto Components,0.0130338202703691,0.6014605516659516,0.0445740443820854,,0.0091703331938402,-0.16135521896606975,0
INDHOTEL,2020,Consumer Services,-0.0409945672693711,0.3933643075890422,0.1488928161950172,,0.0123079908665588,-0.16140999074288032,0
LTM,2018,Information Technology,0.0502567177603717,,-0.0050342367827565,,0.0142750165362883,-0.1614152033941854,0
ABDL,2022,Fast Moving Consumer Goods,-0.0786327970796574,0.3827006072219043,-0.0424950149997402,,0.01419611487274645,-0.16152874484638602,0
ARE&M,2025,Automobile and Auto Components,-0.1191957563649604,0.0256665124838846,0.0082100783691393,0.109599284488952,0.0101814866257819,-0.16169324957005704,0
HINDALCO,2025,Metals & Mining,-0.0846046159667045,0.2483617101778282,0.0041034437717915,0.1201274785406112,0.006887679359524,-0.16176654452052752,0
INDHOTEL,2022,Consumer Services,-0.0707081350311182,0.2990199999384711,-0.1835767716314749,,0.0123079908665588,-0.16176847256713178,0
CHOLAHLDNG,2024,Financial Services,0.2046864332068016,0.7574943551369625,0.0157639811535875,0.5557156302972404,0.0213614188746349,-0.16178297492953786,0
DABUR,2018,Fast Moving Consumer Goods,0.0302115810486081,0.1077487781024934,-0.0183466353869999,,0.01419611487274645,-0.16179943739204483,0
BAJAJ-AUTO,2024,Automobile and Auto Components,-0.110882075372188,0.0485907651265044,0.0450551205181276,0.2088886830163233,0.0091703331938402,-0.16181471994602992,0
MFSL,2018,Financial Services,-0.1297808375392717,,-0.0006671917563533,,0.0213614188746349,-0.16184840392084437,0
MFSL,2017,Financial Services,-0.1311597748619845,,-0.0006671917563533,,0.0213614188746349,-0.16184840392084437,0
HDFCAMC,2024,Financial Services,-0.1288521747188519,,-0.0006671917563533,0.8173073836705435,0.0213614188746349,-0.16184840392084437,0
ITC,2024,Fast Moving Consumer Goods,-0.133444471122067,0.0033069958716772,-0.0002586172823641,0.3385759681791064,0.01419611487274645,-0.16185767235044063,0
PATANJALI,2015,Fast Moving Consumer Goods,0.0236003980838681,0.2818785036729898,0.0082169142600891,,0.01419611487274645,-0.16188386719446335,0
HUDCO,2018,Financial Services,0.1807292242718214,0.7416386703484901,0.0248920788573381,,0.0213614188746349,-0.16195485357480532,0
DIXON,2019,Consumer Durables,0.0445517657712043,0.0947379011973035,0.0485150621642236,,0.006957110708254,-0.16197544177485645,0
CPPLUS,2023,Capital Goods,0.0307532947868629,0.2498127296987289,0.0934260982731922,,0.0147344734730676,-0.16200530468312713,0
UNIONBANK,2025,Financial Services,0.0034913367630245,0.886491808738218,-0.0062123860978425,0.7019211623919897,0.0034681919223444,-0.1620358952824773,0
GRASIM,2024,Construction Materials,0.0280004568611171,0.3328065081792771,0.0268932232787343,0.1923148457502528,0.02233657876759495,-0.1620797438944921,0
JSWDULUX,2025,Consumer Durables,-0.0819039746504098,0.0213887166769993,0.0005891023652117,0.1523926654740608,0.0045849227212407,-0.16209027122219893,0
PIIND,2026,Chemicals,-0.0171424734992875,0.0255346765831424,0.0105053690252212,0.2158256476531751,0.0298418173084128,-0.1621266020586487,0
FIRSTCRY,2021,Consumer Services,0.0691337233423593,0.0526021196000402,0.0401008959448826,,0.0123079908665588,-0.16214632254404338,0
MPHASIS,2019,Information Technology,0.0167787011062298,0.0736387238795538,0.017784951085275,,0.0142750165362883,-0.16221357112002255,0
OFSS,2024,Information Technology,-0.1281514759882659,0.0044105278273534,-0.0032001477352498,0.4162196828358209,0.0142750165362883,-0.16226982930881478,0
BAJAJFINSV,2023,Financial Services,0.1132133443627379,0.5235924219751227,0.0401707243165326,,0.0213614188746349,-0.16239759494779205,0
APOLLOTYRE,2025,Automobile and Auto Components,-0.0496799280411978,0.1619892098525381,-0.0205269539405653,0.1531599828492021,0.0116431262033519,-0.16241136757690305,0
CAPLIPOINT,2026,Healthcare,-0.0857781157198372,0.0547887187895509,-0.0142980527240796,0.3497444131332328,0.0117795927955567,-0.1624466869899262,0
EMAMILTD,2020,Fast Moving Consumer Goods,-0.0850631701562079,0.0784922792031301,0.039510827945023,,0.01419611487274645,-0.16248060874583176,0
MANAPPURAM,2021,Financial Services,0.0747854267962099,0.7443776347981144,-0.0351077163553779,,0.0213614188746349,-0.1624827509172303,0
PIIND,2020,Chemicals,-0.0571624692293126,0.1227513728460518,0.1071560894683417,,0.02157821562095625,-0.16252300618753046,0
TITAGARH,2018,Capital Goods,-0.0083865784991185,0.2320646231432375,0.0941632735920366,,0.0147344734730676,-0.16252758698672548,0
DIXON,2023,Consumer Durables,-0.1004887347390601,0.0968258954616267,-0.0590949587480492,,0.006957110708254,-0.1625332126941879,0
MANAPPURAM,2020,Financial Services,0.1722510410498156,0.7794853511534923,0.0312960025967311,,0.0213614188746349,-0.16255917440329565,0
BAJFINANCE,2024,Financial Services,0.2049458348532164,0.780711569828224,-0.0066059289966521,0.6844399618300082,0.0213614188746349,-0.16256274902449414,0
SRF,2026,Chemicals,-0.0744789721371479,0.2109339076882216,-0.0086629677924048,0.2457095401389954,0.0341353628154272,-0.16258054596526877,0
OBEROIRLTY,2022,Realty,-0.0013807120337703,0.1822737767485029,0.0546569367837477,,0.03750103869543505,-0.1626618230706381,0
CLEAN,2022,Chemicals,0.1094973396201929,0.0003568802180213,-0.0001431803953863,,0.02157821562095625,-0.16273302558725833,0
MFSL,2019,Financial Services,-0.1275162628465543,,-0.0006671917563533,,0.0213614188746349,-0.16282019600709952,0
MMTC,2018,Services,0.095246933271467,0.1003895639397191,0.0251166830736141,,0.01447484218491725,-0.1628549916836558,0
IPCALAB,2025,Healthcare,-0.0847310414241593,0.1160407812575839,-0.0135756483340643,0.2229258098223615,0.0118002581265838,-0.1628587666295686,0
DOMS,2023,Fast Moving Consumer Goods,-0.1210553462854999,0.2185091983307023,-0.0286262497455249,,0.01419611487274645,-0.16287284639883337,0
GODREJCP,2022,Fast Moving Consumer Goods,0.0206950327444391,0.1059773213979251,-0.0248846191389684,,0.01419611487274645,-0.16293923996800375,0
TARIL,2025,Capital Goods,-0.0378360331848491,0.1293230400541494,-0.0895121753190244,0.1696346164286877,0.0127384637440981,-0.1630517357798641,0
SAILIFE,2023,Healthcare,-0.0961218035518385,0.4283733974726773,0.0799304074942779,,0.018909635366554302,-0.16306308265290054,0
TATACONSUM,2019,Fast Moving Consumer Goods,0.0182268020013455,0.1048739600833771,0.0028182777046589,,0.01419611487274645,-0.16319526084445168,0
MPHASIS,2018,Information Technology,0.0163572991116516,0.0558537727942788,0.0202215180433799,,0.0142750165362883,-0.16322342807605567,0
CYIENT,2019,Information Technology,0.0280843567024198,0.0954453598632053,0.0121634895500161,,0.0142750165362883,-0.1632424568113826,0
BBTC,2018,Fast Moving Consumer Goods,-0.1123024370102934,0.1228515324934705,-0.0143075518048238,,0.01419611487274645,-0.16324515604674483,0
INFY,2023,Information Technology,0.0130662300555395,0.0666072747118687,0.0197123300108947,,0.0142750165362883,-0.16324852076289442,0
KEC,2018,Construction,-0.0189488884174919,0.168023941045366,-0.0736026692880778,,0.00811929390513665,-0.16326875750917968,0
IDFCFIRSTB,2019,Financial Services,-0.1153308402393719,0.8398436782330085,0.0064455809249981,,0.0213614188746349,-0.16332347141989523,0
DABUR,2022,Fast Moving Consumer Goods,-0.0051376358896959,0.0838580055454881,0.0368673601048896,,0.01419611487274645,-0.16337470755743727,0
CRAFTSMAN,2020,Automobile and Auto Components,-0.1154042855656877,0.4587349606463021,0.0350419344702729,,0.0091703331938402,-0.16343830821908084,0
360ONE,2022,Financial Services,-0.0327046603162773,0.5410326757807951,-0.0399007422318724,,0.0213614188746349,-0.1634443348856845,0
INDUSTOWER,2021,Telecommunication,-0.0823719453449538,0.4800672841799852,0.2458249320368641,,0.0271052256093291,-0.16347183119773834,0
TECHM,2018,Information Technology,0.0080936138330803,0.0787541815361764,0.0263229730317438,,0.0142750165362883,-0.16347525812307684,0
ABDL,2021,Fast Moving Consumer Goods,-0.1057659812306652,0.4251956222216445,-0.0131180301504291,,0.01419611487274645,-0.16348577642742174,0
POLYCAB,2025,Capital Goods,-0.0863237978863456,0.0147235738651654,0.001372847320102,0.1265117277992909,0.0079493963582226,-0.16361768978639962,0
FLUOROCHEM,2026,Chemicals,-0.0623601839227005,0.2294050338425526,0.0331945388998791,0.2682619647355164,0.0131032047822053,-0.16367843177995423,0
ZYDUSLIFE,2018,Healthcare,0.0481634351522785,0.3040341445859013,-0.0407153638322312,,0.018909635366554302,-0.16372266364580834,0
IDBI,2026,Financial Services,-0.0313116059158966,0.8020774985786913,0.0034835789352095,0.7680215861645084,0.037262765867839,-0.16376658278826778,0
DABUR,2023,Fast Moving Consumer Goods,0.0160207672271591,0.0859775803016053,0.0021195747561171,,0.01419611487274645,-0.16376807685704392,0
ZENSARTECH,2026,Information Technology,-0.0966732542819499,0.0130599472990777,-0.0111431109467804,0.1464562752768017,0.0143343890074263,-0.16381287973485803,0
ZENSARTECH,2024,Information Technology,-0.1037695253668402,0.0401265114677912,-0.0261195453145431,0.1561557030778515,0.0142750165362883,-0.16387536820297416,0
KAJARIACER,2024,Consumer Durables,-0.1480314649156019,0.067512813702609,-0.0075566756073057,0.1318253405098562,0.006957110708254,-0.1638939098125149,0
EIDPARRY,2019,Fast Moving Consumer Goods,0.012948805993052,0.3222812538519396,0.0145966767655933,,0.01419611487274645,-0.16391459359264804,0
HDFCLIFE,2026,Financial Services,-0.0563731887182893,0.0079359291136896,-0.0005068362920819,0.0149831849806167,0.0084783233761913,-0.1639370966080667,0
ZYDUSWELL,2022,Fast Moving Consumer Goods,0.0126524459873018,0.0680477426926063,-0.0290857258228434,,0.01419611487274645,-0.16398758133257874,0
BAJFINANCE,2022,Financial Services,0.2073211235707184,0.7775423641078983,0.0098673601421992,,0.0213614188746349,-0.16399887883004532,0
LTTS,2020,Information Technology,0.0419445541793507,0.0070411079868937,-0.0139034872931133,,0.0142750165362883,-0.16410544192554333,0
BALRAMCHIN,2021,Fast Moving Consumer Goods,-0.0365607594417697,0.2676734434918093,-0.0406756453902851,,0.01419611487274645,-0.164121216265117,0
ADANIPOWER,2021,Power,-0.0731436381548363,0.6673579466704662,-0.0683802739226694,,0.02714301304713805,-0.16413337191198774,0
SAPPHIRE,2022,Consumer Services,-0.1609651533980403,0.3646212054716048,-0.1133013344367948,,0.0123079908665588,-0.16415676375533284,0
JUBLINGREA,2025,Chemicals,-0.0919619071926494,0.152295458533395,-0.0045626330377922,0.1203242903769114,0.0074505928974897,-0.16422514283240658,0
AARTIIND,2022,Chemicals,0.0849632325311533,0.3295188066271882,-0.0443466261048812,,0.02157821562095625,-0.16423097057840197,0
LATENTVIEW,2023,Information Technology,0.045912671707375,0.0169906179486164,-0.0066734486707766,,0.0142750165362883,-0.16424824859906412,0
FORCEMOT,2023,Automobile and Auto Components,-0.0991927044401255,0.2378930582548462,-0.0540584843775305,,0.0091703331938402,-0.1642891226584111,0
AFFLE,2021,Information Technology,0.0440895078133305,0.1577681513766344,-0.0101673613864645,,0.0142750165362883,-0.16431632951409197,0
TECHM,2024,Information Technology,-0.1249898607386944,0.0587891752087529,-0.0010050081583303,0.136162461612573,0.0142750165362883,-0.16434680200093138,0
TMPV,2021,Automobile and Auto Components,-0.1242846596177046,0.4161097504168327,0.0263668628437132,,0.0091703331938402,-0.16439278105174243,0
JMFINANCIL,2026,Financial Services,-0.0109659539423099,0.4417603847367407,-0.0308727653322196,0.583109126802329,0.0174190277465704,-0.16445106789415742,0
GODFRYPHLP,2021,Fast Moving Consumer Goods,0.0178684360027011,0.10600741749113,-0.0022243777230483,,0.01419611487274645,-0.16446051822231306,0
GILLETTE,2022,Fast Moving Consumer Goods,-0.1063665507464806,7.412303187908063e-05,-4.055257948527246e-05,,0.01419611487274645,-0.16446763507740508,0
TATATECH,2023,Information Technology,0.0428070472250205,0.0490937194798403,-0.0128882625021416,,0.0142750165362883,-0.1644948095929506,0
JBMA,2023,Automobile and Auto Components,-0.1016267856083567,0.4811234679148388,0.0511450549489909,,0.0091703331938402,-0.16450311858108074,0
PNBHOUSING,2019,Financial Services,0.2123383147931077,0.8567988001286292,0.0033963990610649,,0.0213614188746349,-0.16459793693867397,0
PIRAMALFIN,2018,Financial Services,0.1824154090946148,0.8649188810664061,-0.0182858884174613,,0.0213614188746349,-0.16462659097891053,0
NSLNISP,2024,Metals & Mining,0.0703908156816597,0.2268400099154463,0.0765799799798348,-0.3095058361719995,0.02556926581353005,-0.16463009928327477,0
INDIANB,2026,Financial Services,-0.0155905466213251,0.8819102611773196,-0.0059076980322294,0.6714001660114263,0.003804937788932,-0.1646551005869637,0
CHOLAHLDNG,2019,Financial Services,0.1467666982497515,0.7425574291319881,0.02729072338152,,0.0213614188746349,-0.16468363740737768,0
GODREJCP,2023,Fast Moving Consumer Goods,-0.0257030060915533,0.0647796729532048,-0.0411976484447203,,0.01419611487274645,-0.1647117541136377,0
BANDHANBNK,2018,Financial Services,0.0890172570292164,0.7707956161648168,-0.0314774290602767,,0.0213614188746349,-0.16473925942096834,0
TATACAP,2024,Financial Services,0.2211400184658243,0.8405029984609549,0.0033389865193006,0.7519486570912537,0.0213614188746349,-0.16477053936477215,0
NYKAA,2023,Consumer Services,0.0540683464577605,0.2706807187869707,0.0467158505310109,,0.0123079908665588,-0.16479998823243108,0
GRANULES,2021,Healthcare,0.0315082366376849,0.2287323442903778,-0.0480531206797906,,0.018909635366554302,-0.16481175256668956,0
M&MFIN,2019,Financial Services,0.1864573803062836,0.7884794525636073,0.0224988163859989,,0.0213614188746349,-0.16485092714125282,0
ICICIPRULI,2024,Financial Services,0.0255516501385532,0.0040133692017057,-0.000676855159085,0.0531892849899921,0.0417536906548546,-0.16489767539740935,0
HDBFS,2024,Financial Services,0.1859225245204254,0.8030841914847481,0.0198578596970164,0.5633265759243169,0.0213614188746349,-0.16493071573803392,0
ENGINERSIN,2023,Construction,0.1046034639927073,0.0043026435733819,0.0034121439121069,,0.00811929390513665,-0.164935794516601,0
ADANIPOWER,2020,Power,-0.1049292902365878,0.7357382205931357,0.0447037804405129,,0.02714301304713805,-0.16493687788573425,0
AWL,2019,Fast Moving Consumer Goods,-0.1135517055336547,0.1576737379361224,-0.0020996335843381,,0.01419611487274645,-0.16494459791365096,0
EIDPARRY,2017,Fast Moving Consumer Goods,-0.1083541545536925,0.2935316905334348,-0.0020996335843381,,0.01419611487274645,-0.16494459791365096,0
TORNTPOWER,2022,Power,-0.1085819435095355,0.3658869726480114,0.0334685466912925,,0.02714301304713805,-0.16495709778513756,0
AWL,2020,Fast Moving Consumer Goods,-0.0271876869296656,0.1951730252803149,0.0374992873441925,,0.01419611487274645,-0.16497156660440232,0
AWL,2024,Fast Moving Consumer Goods,0.0061385957380751,0.1328596400477131,0.0186350357131967,0.04700971443435,0.01419611487274645,-0.16499213182852351,0
VBL,2021,Fast Moving Consumer Goods,-0.0560959467528509,0.3535431985869797,-0.0271824000312884,,0.01419611487274645,-0.16505377861849196,0
GODIGIT,2026,Financial Services,-0.0777204149043012,0.0140267855496856,-0.0022819129509391,0.04717307644766,0.0088278202562538,-0.1651400566989471,0
PAYTM,2023,Financial Services,-0.1219817653541729,0.0124291709804183,0.0001177332935235,,0.0213614188746349,-0.16514725161550636,0
DOMS,2022,Fast Moving Consumer Goods,-0.0735335504362159,0.2471354480762272,0.0168810337986498,,0.01419611487274645,-0.16515477663838857,0
JINDALSTEL,2025,Metals & Mining,-0.1239835673120377,0.2146090205821352,0.0052423303716607,0.1250515290600869,0.0429908895622178,-0.16517185312920185,0
YESBANK,2018,Financial Services,0.0833531418582161,0.8820050846592402,0.0382202266042509,,0.0213614188746349,-0.1652340107545916,0
PERSISTENT,2020,Information Technology,-0.0036544033943909,0.023080953120149,0.0224961373196167,,0.0142750165362883,-0.16526514877739779,0
AWL,2021,Fast Moving Consumer Goods,0.0001530635213613,0.2289072465073005,0.0337342212269855,,0.01419611487274645,-0.16528915879671718,0
JMFINANCIL,2024,Financial Services,-0.1157782616144743,0.5483791827365144,0.0027425240218985,0.5483483103404632,0.0213614188746349,-0.16530955179605894,0
WIPRO,2024,Information Technology,-0.1244912044352576,0.1436616179022746,-0.0057229807719034,0.2034069932075201,0.0142750165362883,-0.16537265909521165,0
POONAWALLA,2019,Financial Services,0.0730990250922016,0.7822318765307388,-0.0319459828588954,,0.0213614188746349,-0.16542897132301687,0
AMBUJACEM,2023,Construction Materials,0.0357391303339078,0.0101066365875982,-0.0004358769049475,,0.02233657876759495,-0.1654455401135222,0
GODIGIT,2025,Financial Services,-0.0682141602371564,0.0163086985006248,-0.0043299801522001,0.0631341425459072,0.0102650208937466,-0.16549459290076923,0
CEMPRO,2024,Construction,-0.1043221090878364,0.1502589885504246,-0.0024720825285881,0.0912378217438029,0.00811929390513665,-0.16560642572284,0
KARURVYSYA,2025,Financial Services,-0.0318103549528003,0.8653531256686289,-0.0031934702355661,0.6966444538290304,0.0350775450725637,-0.16562115500587826,0
FSL,2018,Services,0.0033905444449058,0.197879649020806,-0.0936710386928294,,0.01447484218491725,-0.1656410014114098,0
PFOCUS,2020,Media Entertainment & Publication,-0.1314459700675563,0.6784747614802412,0.0495823540309462,,0.035357351082854704,-0.16570860819382754,0
MINDACORP,2022,Automobile and Auto Components,0.0097775700206458,0.1989404386272447,-0.029743896238096,,0.0091703331938402,-0.16592495095152404,0
RRKABEL,2021,Capital Goods,0.1203771186687734,0.2956311840056906,0.037057130063567,,0.0147344734730676,-0.16594081402645533,0
GALLANTT,2026,Capital Goods,-0.1120916800753226,0.128275752231458,0.0218431849818913,0.1615561199996508,0.0174622195880139,-0.16601710907620143,0
TECHM,2021,Information Technology,-0.0925662657599761,0.0732490107797858,-0.025108613845394,,0.0142750165362883,-0.16608604920399106,0
ASTERDM,2026,Healthcare,-0.0792321713374345,0.3212131118309608,-0.041224522351189,0.195265053254799,0.0127626827962589,-0.16609164554452394,0
HINDPETRO,2020,Oil Gas & Consumable Fuels,-0.0242094494437405,0.3763462583083107,0.1137431137259302,,0.02732774499087675,-0.1661222551987382,0
DABUR,2024,Fast Moving Consumer Goods,-0.0986408103538153,0.0903054703645586,0.0043278900629533,0.2032307577676775,0.01419611487274645,-0.166260520395421,0
NAVA,2019,Power,-0.0657406585816824,0.4121999007163293,-0.0747337151509315,,0.02714301304713805,-0.16629245835648188,0
NAVA,2020,Power,-0.0141190107858641,0.3761823297983737,-0.0360175709179556,,0.02714301304713805,-0.16629329705703294,0
MARICO,2019,Fast Moving Consumer Goods,0.0106209150326797,0.0718954248366013,-0.0047254003107464,,0.01419611487274645,-0.16630200853688992,0
VBL,2020,Fast Moving Consumer Goods,-0.080852383641299,0.3807255986182681,-0.0272676388649867,,0.01419611487274645,-0.16638323844837255,0
LTFOODS,2020,Fast Moving Consumer Goods,-0.0766489020414042,0.4620330238709424,-0.0110310905331098,,0.01419611487274645,-0.16645081945813806,0
SONATSOFTW,2024,Information Technology,-0.034685062086518,0.1512563529011911,0.01572358633429,0.0575385448802057,0.0142750165362883,-0.16645623243599283,0
RBLBANK,2020,Financial Services,0.0637504992500853,0.840818282408888,-0.0322119339689502,,0.0213614188746349,-0.1665047117978662,0
SCHNEIDER,2019,Capital Goods,0.0237433453284423,0.4685672960468419,0.0848346873004136,,0.0147344734730676,-0.16655789559295042,0
OIL,2025,Oil Gas & Consumable Fuels,-0.0967050973241383,0.2923510516685058,0.0324356305391406,0.2745060377498922,0.0215103677455047,-0.16659847760524077,0
ASAHIINDIA,2024,Automobile and Auto Components,-0.0996325193968299,0.3577580955740498,0.0517967607415588,0.1555634617095081,0.0091703331938402,-0.1666010414024388,0
GALLANTT,2020,Capital Goods,-0.0413320509737917,0.1475835537388795,0.0761689141557203,,0.0147344734730676,-0.16661428233454667,0
WAAREEENER,2024,Capital Goods,-0.1607171994494814,0.0490740149548092,0.0058273046727948,0.2087559909640209,0.0147344734730676,-0.16665084113984746,0
PIIND,2024,Chemicals,-0.1548055622777788,0.0177404642677637,0.0122567797034513,0.2693602693602693,0.02157821562095625,-0.16667252756477346,0
IDFCFIRSTB,2017,Financial Services,-0.1169816688292642,0.8063229051247449,-0.0006671917563533,,0.0213614188746349,-0.16670997276928812,0
HAVELLS,2021,Consumer Durables,0.043376493686358,0.0588945647778081,0.0486633480448136,,0.006957110708254,-0.16672219050489462,0
HINDUNILVR,2019,Fast Moving Consumer Goods,0.0136346556444253,0.0053142949165279,-0.0020996335843381,,0.01419611487274645,-0.1667633362657836,0
SUNTV,2024,Media Entertainment & Publication,-0.1582950630201515,0.0033053292414378,-0.002889931339874,0.5367575198175698,0.035357351082854704,-0.16677491143562945,0
MUTHOOTFIN,2020,Financial Services,0.1477830133055471,0.7463917476919926,0.0244939364236094,,0.0213614188746349,-0.16685014244234309,0
VBL,2023,Fast Moving Consumer Goods,-0.0220488596302934,0.3576246544783166,0.0233390828254672,,0.01419611487274645,-0.1668562208509929,0
ITC,2021,Fast Moving Consumer Goods,0.0085983387372906,0.0036717354864564,8.297195745178608e-05,,0.01419611487274645,-0.16689606100388676,0
GODFRYPHLP,2024,Fast Moving Consumer Goods,0.004382827394297,0.059109127439135,-0.0123408658180209,0.2273070580682519,0.01419611487274645,-0.16693346866138498,0
TECHNOE,2017,Construction,-0.1073640885634804,0.2820608279299682,-0.0014410977528105,,0.00811929390513665,-0.16694940488293092,0
BAJAJFINSV,2020,Financial Services,0.1063976062472506,0.5062074382774817,0.0276044489887972,,0.0213614188746349,-0.16697431839569554,0
LTTS,2018,Information Technology,0.0358226630153208,0.0259788320627636,-0.019681426932621,,0.0142750165362883,-0.16698214877773127,0
ZENSARTECH,2023,Information Technology,-0.0938364474642077,0.0662460567823343,-0.021083022524867,,0.0142750165362883,-0.1670815684712273,0
INOXWIND,2021,Capital Goods,-0.0355024604669122,0.2866512578668145,0.0748600726253554,,0.0147344734730676,-0.1670896457016507,0
ALKEM,2026,Healthcare,-0.0691864214192738,0.0981481792226907,0.02009198147354,0.2048179885833455,0.0108199205910296,-0.16711252437908458,0
GLAXO,2020,Healthcare,-0.1267086371087595,5.740637976233758e-05,-9.088153400568386e-05,,0.018909635366554302,-0.16714678616542217,0
RVNL,2018,Construction,0.1125234023907556,0.2726989610605945,-0.0023569670985281,,0.00811929390513665,-0.1671628395756377,0
NEWGEN,2023,Information Technology,0.0302388017521548,0.0317633847229349,0.0065387476331073,,0.0142750165362883,-0.167189780944888,0
UNITDSPR,2024,Fast Moving Consumer Goods,-0.0700608446671438,0.0237115246957766,0.0048766132095683,0.164579085348092,0.01419611487274645,-0.1672424782384681,0
TIINDIA,2019,Automobile and Auto Components,-0.075527185547219,0.1825078596401135,-0.0519279585872743,,0.0091703331938402,-0.16726237459385956,0
APTUS,2021,Financial Services,0.1964306652183435,0.5564082766798594,0.0168337677080359,,0.0213614188746349,-0.1673053445878223,0
GILLETTE,2021,Fast Moving Consumer Goods,-0.0951664229809925,0.0001146756113643,-0.0020996335843381,,0.01419611487274645,-0.16731411704983462,0
BBTC,2019,Fast Moving Consumer Goods,-0.0512593676908144,0.1014569311630521,-0.0213946013304183,,0.01419611487274645,-0.16732837865241068,0
NIACL,2025,Financial Services,0.0343412253307326,,-0.0006671917563533,0.0171087823259791,0.0055980924328887,-0.16734347975323333,0
ITC,2020,Fast Moving Consumer Goods,0.007975216900625,0.0035887635290046,0.0034014178382901,,0.01419611487274645,-0.16746816805105658,0
DABUR,2020,Fast Moving Consumer Goods,-0.0180644304445524,0.0559080519847738,-0.0269886936390763,,0.01419611487274645,-0.16748366539237508,0
NAM-INDIA,2024,Financial Services,-0.1101978496196606,0.0179632643358689,-0.0006671917563533,0.6560581061082855,0.0213614188746349,-0.16749949915311463,0
CONCORDBIO,2021,Healthcare,0.0579430716931351,0.073020785766232,0.0176807838528243,,0.018909635366554302,-0.16750362412861358,0
LTF,2026,Financial Services,0.1061423131887171,0.775740374795344,0.0084240469644684,0.6212717632344252,0.0151273699754615,-0.16754768103018963,0
POLYMED,2026,Healthcare,-0.0415324042894886,0.0915842097083354,0.0351172111838393,0.2381133655639727,0.0228747697836874,-0.1676239247609279,0
CCL,2019,Fast Moving Consumer Goods,-0.0046988977286316,0.2928932688993465,0.0185692426102547,,0.01419611487274645,-0.16762878765125044,0
UBL,2024,Fast Moving Consumer Goods,-0.0044092398385452,0.0144654257468415,0.0119783190544227,0.0707308049953506,0.01419611487274645,-0.16762878765125044,0
EIDPARRY,2018,Fast Moving Consumer Goods,-0.0002374778612124,0.3076845770863462,0.0141528865529114,,0.01419611487274645,-0.16762878765125044,0
BIKAJI,2021,Fast Moving Consumer Goods,-0.0330171939056476,0.106993819984091,0.027261613788773,,0.01419611487274645,-0.16768811106291237,0
EIDPARRY,2022,Fast Moving Consumer Goods,-0.0860315480999383,0.0789925633395723,-0.0137534267498401,,0.01419611487274645,-0.1677158841410925,0
MAPMYINDIA,2023,Information Technology,0.0258105738654937,0.043671431543285,0.0068401915517742,,0.0142750165362883,-0.16778079418931235,0
CCL,2021,Fast Moving Consumer Goods,0.0063472357368944,0.3127034191188806,0.002017503803219,,0.01419611487274645,-0.16778379053495085,0
LATENTVIEW,2020,Information Technology,0.0248334799547568,0.0818901596078924,-0.0279096426659583,,0.0142750165362883,-0.1677968733313268,0
MEDANTA,2019,Healthcare,-0.0470230402607772,0.3238889391931381,0.0940797831205106,,0.018909635366554302,-0.1678664349795957,0
CANHLIFE,2026,Financial Services,-0.0729422159296513,0.0052021914959983,-0.0006671917563533,-0.0001126214127781,0.0091137617348584,-0.16788086833011096,0
EIDPARRY,2024,Fast Moving Consumer Goods,-0.0828128606852181,0.0809926801843729,-0.0051612577275347,0.0795403854203099,0.01419611487274645,-0.16789734570485104,0
GODFRYPHLP,2023,Fast Moving Consumer Goods,-0.0091481272002302,0.0714499932571559,-0.0106888845926534,,0.01419611487274645,-0.16791801850334404,0
BRITANNIA,2018,Fast Moving Consumer Goods,-0.0471364246171876,0.038686024456815,0.0083706038960673,,0.01419611487274645,-0.16798136537118374,0
GILLETTE,2023,Fast Moving Consumer Goods,-0.055799389400621,2.6093990553975415e-05,-4.8029041325105214e-05,,0.01419611487274645,-0.1680188064378017,0
BALRAMCHIN,2022,Fast Moving Consumer Goods,-0.0512039073561232,0.2695234236560672,0.0018499801642578,,0.01419611487274645,-0.1680188064378017,0
BLUESTARCO,2020,Consumer Durables,-0.091348138843821,0.1512418369067764,0.047522305787336,,0.006957110708254,-0.1680372770131353,0
BSE,2017,Financial Services,-0.1151242231830538,0.0006714245197288,-0.0006671917563533,,0.0213614188746349,-0.16804831151531424,0
LATENTVIEW,2021,Information Technology,0.0030238828967642,0.0998844375963019,0.0179942779884095,,0.0142750165362883,-0.16821549204976832,0
ZENSARTECH,2020,Information Technology,-0.1175897985009247,0.0922139867336012,-0.0049987056786561,,0.0142750165362883,-0.16822014646398142,0
COLPAL,2008,Fast Moving Consumer Goods,-0.0762290023997257,0.0064312649982859,0.000365419393898,,0.01419611487274645,-0.168255882043521,0
SAPPHIRE,2026,Consumer Services,-0.1514762318831673,0.4354277216345016,0.0103829859696507,0.1568981772470144,0.0104233666020668,-0.1682909925776685,0
BAJAJFINSV,2021,Financial Services,-0.0002749381969735,0.459043338714532,-0.0471640995629496,,0.0213614188746349,-0.16830662333850815,0
SONACOMS,2024,Automobile and Auto Components,-0.1401222796908595,0.1066337896613375,0.0101611098065743,0.2698090815868004,0.0091703331938402,-0.16834506634581964,0
PERSISTENT,2021,Information Technology,-0.0778195786148251,0.0268555979626411,0.0037746448424921,,0.0142750165362883,-0.1683532330413265,0
KIRLOSENG,2020,Capital Goods,0.1121292413198157,0.068343198483437,0.0337395358354342,,0.0147344734730676,-0.1683765045488218,0
HCLTECH,2021,Information Technology,-0.0984694411193882,0.0797703580601299,-0.0166567902995459,,0.0142750165362883,-0.16839156393164362,0
DEEPAKNTR,2022,Chemicals,0.0547801798630946,0.0710766065167657,-0.0942718296908801,,0.02157821562095625,-0.16840347971929254,0
KPITTECH,2022,Information Technology,-0.0859366305101577,0.0972672870632753,-0.0196203842809989,,0.0142750165362883,-0.16845077746902742,0
BAJAJFINSV,2018,Financial Services,0.1376375064344163,0.4067425377796362,0.0313388675940587,,0.0213614188746349,-0.1685009129781721,0
INTELLECT,2024,Information Technology,-0.100633473447398,0.0131134923923983,0.0037152175456875,0.1948066860226694,0.0142750165362883,-0.16853725024932448,0
COLPAL,2009,Fast Moving Consumer Goods,-0.0799859761594711,0.0058724832214765,-0.0005587817768094,,0.01419611487274645,-0.1685458278788785,0
UBL,2021,Fast Moving Consumer Goods,-0.0866449311023622,0.0447646680883639,-0.0006645740249776,,0.01419611487274645,-0.1685458278788785,0
RKFORGE,2022,Automobile and Auto Components,0.044515619389587,0.4648502692998205,0.0087077113375468,,0.0091703331938402,-0.16857575567312766,0
UNITDSPR,2017,Fast Moving Consumer Goods,-0.0614552771501478,0.4657876100225947,-0.0020996335843381,,0.01419611487274645,-0.16858177478232145,0
AWL,2023,Fast Moving Consumer Goods,-0.0038696613402813,0.1142246043345164,-0.0124853355405238,,0.01419611487274645,-0.1686710430330841,0
ADANIPOWER,2022,Power,-0.0649070967889884,0.5994677792493921,-0.0678901674210741,,0.02714301304713805,-0.16871440997212755,0
DABUR,2017,Fast Moving Consumer Goods,0.0064664314609996,0.1260954134894933,-0.0020996335843381,,0.01419611487274645,-0.16871631708072515,0
GILLETTE,2017,Fast Moving Consumer Goods,0.0051178815375678,,-0.0020996335843381,,0.01419611487274645,-0.16871631708072515,0
LTFOODS,2019,Fast Moving Consumer Goods,0.0067108834970475,0.4730641144040522,-0.0022395989445946,,0.01419611487274645,-0.16871631708072515,0
WELSPUNLIV,2021,Textiles,-0.0483191217124925,0.3432585082934847,-0.0864269609032918,,0.0200266138250189,-0.1687335633920523,0
CREDITACC,2021,Financial Services,0.0390890444568243,0.7265048408955241,-0.0312378655786342,,0.0213614188746349,-0.1687391493304764,0
GODFRYPHLP,2022,Fast Moving Consumer Goods,-0.0098815337466689,0.0821388778498094,-0.0238685396413206,,0.01419611487274645,-0.16874345826680331,0
DABUR,2019,Fast Moving Consumer Goods,-0.0067325380720286,0.0828967456238502,-0.0248520324786431,,0.01419611487274645,-0.16874345826680331,0
GODFRYPHLP,2017,Fast Moving Consumer Goods,-0.0489522843191433,0.0332433436308127,-0.0020996335843381,,0.01419611487274645,-0.16875216088090428,0
NEWGEN,2024,Information Technology,-0.1140903781270938,0.0287642234964155,-0.0029991612265193,0.2841961638372123,0.0142750165362883,-0.16875938902131304,0
VMM,2022,Consumer Services,-0.0552849426318178,0.2177569399742272,0.1203638382358734,,0.0123079908665588,-0.16884853760776547,0
SUNPHARMA,2025,Healthcare,-0.1164562790629861,0.0257016407904675,-0.0126641718011863,0.3188349116718876,0.0181589296674192,-0.1688692722969573,0
UBL,2020,Fast Moving Consumer Goods,-0.0144230682618635,0.0454292421133416,0.0061510296443802,,0.01419611487274645,-0.16890803935190496,0
IDBI,2021,Financial Services,-0.0291294400548811,0.8257576254757865,-0.0354446343516968,,0.0213614188746349,-0.16895887591247033,0
HINDUNILVR,2023,Fast Moving Consumer Goods,0.0017652612997249,0.0166810350725946,0.0018879678159072,,0.01419611487274645,-0.16896102340697705,0
IRB,2019,Construction,-0.0459662938064609,0.4102305815225369,0.0677727137563605,,0.00811929390513665,-0.1689880080796033,0
RADICO,2017,Fast Moving Consumer Goods,-0.0758385868519603,0.357510704650091,-0.0020996335843381,,0.01419611487274645,-0.1689886777761916,0
COLPAL,2006,Fast Moving Consumer Goods,-0.0748076531331776,0.006832035351082,-0.0020996335843381,,0.01419611487274645,-0.1689886777761916,0
ASTRAL,2024,Capital Goods,-0.1577694737310378,0.0265581209128519,0.0065906740409325,0.1570508231925554,0.0147344734730676,-0.16899273084260924,0
IEX,2024,Financial Services,-0.1077864230942715,0.0058412268831754,-0.0038602297114068,0.8565694812570995,0.0213614188746349,-0.16901480562503224,0
BIKAJI,2023,Fast Moving Consumer Goods,-0.0267250942104807,0.1333579840923931,-0.0115899344645698,,0.01419611487274645,-0.1690236429008029,0
BRITANNIA,2019,Fast Moving Consumer Goods,0.0005354323135004,0.0250114220216577,-0.0136746024351573,,0.01419611487274645,-0.1690279477682507,0
ANANTRAJ,2025,Realty,-0.0208404973139848,0.0920046155139344,-0.0367372168002141,0.2645926526286257,0.010464047966195,-0.169051970807243,0
UBL,2019,Fast Moving Consumer Goods,-0.0148762817096023,0.0392782124689613,-0.0267883240660069,,0.01419611487274645,-0.16909161482093654,0
UNITDSPR,2020,Fast Moving Consumer Goods,-0.0140552031389576,0.2906249646641111,-0.0259006311817099,,0.01419611487274645,-0.16909161482093654,0
NHPC,2022,Power,-0.0137931453870367,0.3376438556942381,0.0181657352427209,,0.02714301304713805,-0.16917914570221998,0
TATACONSUM,2023,Fast Moving Consumer Goods,-0.0113133492864796,0.0702928370314495,0.003293135491179,,0.01419611487274645,-0.16920276714866672,0
GODREJIND,2020,Diversified,0.0080072292710254,0.3600462024057319,-0.0354546846117994,,0.01061696811920515,-0.16920947502916017,0
UBL,2017,Fast Moving Consumer Goods,-0.0702168039832987,0.1326322370330676,-0.0020996335843381,,0.01419611487274645,-0.16925362691885637,0
BAJAJ-AUTO,2020,Automobile and Auto Components,0.0513568077277949,0.0047374539890954,0.0004190025278031,,0.0091703331938402,-0.16926131788396775,0
MARICO,2023,Fast Moving Consumer Goods,-0.0172058823529411,0.0894117647058823,0.0050362142390865,,0.01419611487274645,-0.169273476608504,0
IEX,2021,Financial Services,-0.1021329041720991,0.0119479302477183,-0.0088988288380815,,0.0213614188746349,-0.169274818082781,0
ITC,2023,Fast Moving Consumer Goods,0.0036596351712715,0.0035656131540413,0.0003343584857307,,0.01419611487274645,-0.16934640128728484,0
ABDL,2024,Fast Moving Consumer Goods,-0.0484765537865927,0.3155928755874314,-0.0014937596899319,0.1199047169230137,0.01419611487274645,-0.16936117693120983,0
GLENMARK,2022,Healthcare,-0.0097901745212672,0.2323521460210335,-0.0877617813861998,,0.018909635366554302,-0.16936984327972937,0
LICI,2026,Financial Services,0.0066899811187803,,-0.0006671917563533,0.0584146878857627,0.0035135592437018,-0.16942463888764742,0
BAJAJ-AUTO,2021,Automobile and Auto Components,0.0516979641809896,0.0036146969901234,-0.001122756998972,,0.0091703331938402,-0.16942896118113498,0
BAJAJ-AUTO,2022,Automobile and Auto Components,0.056069272463125,0.0034966040760201,-0.0001180929141032,,0.0091703331938402,-0.16956265319922065,0
ZENTEC,2023,Capital Goods,-0.155418100445439,0.014249825835462,-0.0257284910096389,,0.0147344734730676,-0.16956709168890338,0
RITES,2026,Construction,-0.0405185948427199,0.0011113228451888,-0.0003639720912656,0.215445321307779,0.0150383762743416,-0.16960504002473664,0
ERIS,2017,Healthcare,0.0673111660236123,0.0009392927847863,-0.0036016930944258,,0.018909635366554302,-0.16964143608472076,0
SUPREMEIND,2021,Capital Goods,-0.0626347118013959,0.0087966952261523,-0.1130121005865234,,0.0147344734730676,-0.16965209911109025,0
TATACONSUM,2021,Fast Moving Consumer Goods,-0.0395532258176202,0.0807975340565896,-0.0050746342492224,,0.01419611487274645,-0.16972965905142223,0
DABUR,2021,Fast Moving Consumer Goods,-0.0388960992207303,0.0469906454405984,-0.0089174065441754,,0.01419611487274645,-0.16972965905142223,0
MRF,2021,Automobile and Auto Components,-0.1349543394565372,0.105758781606121,0.0103926888415669,,0.0091703331938402,-0.169733811822035,0
BALRAMCHIN,2024,Fast Moving Consumer Goods,-0.0176333009223977,0.3299920505610596,-0.0162487988629191,0.1038208279159501,0.01419611487274645,-0.1697406716700498,0
RKFORGE,2020,Automobile and Auto Components,-0.1096510308515457,0.445344910324661,0.0310842525459139,,0.0091703331938402,-0.16974112435945515,0
AXISBANK,2026,Financial Services,0.0083600203363706,0.8295274116477226,-0.0103271702248277,0.6388257710041877,0.0084341876868794,-0.16977437560722297,0
GODREJCP,2020,Fast Moving Consumer Goods,-0.0061510939310281,0.2402488394035596,0.0002773630899267,,0.01419611487274645,-0.16979717904424269,0
ZYDUSWELL,2020,Fast Moving Consumer Goods,-0.0210262483719998,0.2717847891113624,-0.0157015625004298,,0.01419611487274645,-0.1698686533519797,0
NBCC,2026,Construction,-0.017454424592078,1.5944033987774606e-05,-1.392833631012761e-05,0.068558505529911,0.0155328476420429,-0.16988227218986152,0
BIKAJI,2020,Fast Moving Consumer Goods,0.0025271931898794,0.079732206195318,-0.0020996335843381,,0.01419611487274645,-0.16989002476951315,0
ITC,2022,Fast Moving Consumer Goods,-0.0069025579298,0.0032312546683106,-0.0004404808181458,,0.01419611487274645,-0.169936924275785,0
ITC,2019,Fast Moving Consumer Goods,0.0001243395506825,0.0001873456907145,-0.0003717998253493,,0.01419611487274645,-0.169936924275785,0
HINDUNILVR,2018,Fast Moving Consumer Goods,-0.0473071324599708,,-0.0020996335843381,,0.01419611487274645,-0.1699516923977778,0
ZYDUSWELL,2024,Fast Moving Consumer Goods,-0.0390345455728319,0.0534610630407911,0.0024933100449569,0.0320415674388395,0.01419611487274645,-0.16995462783493787,0
COROMANDEL,2023,Chemicals,0.099893219434063,0.0275788911681231,-0.0074205860019312,,0.02157821562095625,-0.16995631636507963,0
GILLETTE,2020,Fast Moving Consumer Goods,0.0036691275465668,,-0.0020996335843381,,0.01419611487274645,-0.16999413556580262,0
BRITANNIA,2023,Fast Moving Consumer Goods,-0.02186325307325,0.3205451910788858,-0.0091122903868489,,0.01419611487274645,-0.17004886077710957,0
TATACONSUM,2020,Fast Moving Consumer Goods,-0.0336961323095711,0.0858721683058121,-0.0190017917775649,,0.01419611487274645,-0.1700674588722274,0
ASHOKLEY,2024,Capital Goods,0.1038521869407417,0.603626209055655,0.0337424593105496,0.1947685784575676,0.0147344734730676,-0.1700973995383348,0
EICHERMOT,2019,Automobile and Auto Components,0.0550864463595223,0.0164014040782201,0.0005605768770288,,0.0091703331938402,-0.17010605503848042,0
BDL,2018,Capital Goods,0.1306357461101447,0.0005542987444908,0.0001284621182587,,0.0147344734730676,-0.1701187951101102,0
TATACONSUM,2022,Fast Moving Consumer Goods,-0.0275223524510471,0.0669997015402704,-0.0137978325163192,,0.01419611487274645,-0.17012962987850905,0
VBL,2022,Fast Moving Consumer Goods,-0.025184537417027,0.3342855716528493,-0.0192576269341303,,0.01419611487274645,-0.17012962987850905,0
BAJAJFINSV,2025,Financial Services,0.0982006053237733,0.5461921991235561,0.0085582575118627,0.3492074405045223,0.0261275218848546,-0.17014158478044844,0
SONACOMS,2021,Automobile and Auto Components,0.0329634331108472,0.2034678714585352,0.0057567598671202,,0.0091703331938402,-0.17015844227110255,0
GODFRYPHLP,2019,Fast Moving Consumer Goods,-0.0354510685222149,0.0146564118312139,0.0034710108688718,,0.01419611487274645,-0.1701592449588003,0
M&M,2017,Automobile and Auto Components,0.0308774557809217,0.4283542354281811,-0.0008662445049587,,0.0091703331938402,-0.17022540856445356,0
MOTILALOFS,2022,Financial Services,0.0177410065712484,0.3649204824965405,-0.0405437835565125,,0.0213614188746349,-0.17022805597790336,0
M&MFIN,2024,Financial Services,0.1565371728216746,0.7947177154993716,0.0198332103517656,0.7237241494329553,0.0213614188746349,-0.17023430307114623,0
COLPAL,2007,Fast Moving Consumer Goods,-0.0131521138338128,0.0060658456043878,-0.0007661897466941,,0.01419611487274645,-0.17028374243851352,0
EMCURE,2024,Healthcare,-0.1223862940633204,0.3028759845175215,-0.0490143078261876,0.1806810249512134,0.018909635366554302,-0.1702858376648841,0
HEROMOTOCO,2024,Automobile and Auto Components,-0.1458934209313805,0.0231872010596192,-0.0005423339202674,0.138011226241217,0.0091703331938402,-0.17034871659041284,0
RPOWER,2019,Power,-0.1235386994132069,0.5243980550428387,0.0145934648881854,,0.02714301304713805,-0.17034969858140458,0
MMTC,2024,Services,0.0967238816496143,0.0432068961775906,-0.0118624230825325,-122.24,0.01447484218491725,-0.17035144317502543,0
KPRMILL,2022,Textiles,0.0715548739694727,0.2439918072437962,0.0418007376056733,,0.0200266138250189,-0.17043942814852608,0
ANANTRAJ,2022,Realty,-0.0840226134033901,0.292578580208483,-0.0680991667945991,,0.03750103869543505,-0.17044115350683392,0
GILLETTE,2018,Fast Moving Consumer Goods,-0.0066749379652605,,-0.0020996335843381,,0.01419611487274645,-0.17044397099466946,0
BBTC,2017,Fast Moving Consumer Goods,0.0015125502435909,0.1371590842982943,-0.0020996335843381,,0.01419611487274645,-0.17044397099466946,0
ITC,2017,Fast Moving Consumer Goods,-0.0060443677019273,0.0008179136689617,-0.0020996335843381,,0.01419611487274645,-0.17044397099466946,0
DOMS,2020,Fast Moving Consumer Goods,-0.0024016811768237,0.1456019213449414,-0.0020996335843381,,0.01419611487274645,-0.17044397099466946,0
HINDUNILVR,2022,Fast Moving Consumer Goods,-0.0023969591240461,0.0147930672566873,-0.0020996335843381,,0.01419611487274645,-0.17044397099466946,0
BHARATFORG,2020,Automobile and Auto Components,-0.1020795267896488,0.3892341509890772,0.0412279289887266,,0.0091703331938402,-0.1705156240416869,0
WOCKPHARMA,2026,Healthcare,-0.0331079505712287,0.260317090230823,0.0108109173913168,0.2066738428417653,0.0151561244158636,-0.17053521246212816,0
RELIANCE,2026,Oil Gas & Consumable Fuels,-0.0786054577033045,0.1850532663833508,-0.0069303742858143,0.1535441467292256,0.0148314401545669,-0.17055129923822532,0
MPHASIS,2023,Information Technology,0.0153087385390866,0.0172493807847738,-0.0320976997968635,,0.0142750165362883,-0.1706039185012509,0
MARICO,2020,Fast Moving Consumer Goods,-0.0388799355358581,0.0680902497985495,-0.0038051750380517,,0.01419611487274645,-0.17060776715854592,0
SHRIRAMFIN,2023,Financial Services,0.1122476518678656,0.7797888700571759,-0.0274623096867667,,0.0213614188746349,-0.170676957911848,0
M&M,2024,Automobile and Auto Components,0.0375360629143257,0.462876808939811,0.0093550227795931,0.1984740794862798,0.0091703331938402,-0.17069518992793337,0
INTELLECT,2023,Information Technology,0.0321612914400526,0.0093982748467107,0.0015238036355769,,0.0142750165362883,-0.1707142109232248,0
BSOFT,2021,Information Technology,-0.0791500247124671,0.0427826237961021,-0.0111854411605649,,0.0142750165362883,-0.17072643611056226,0
RADICO,2024,Fast Moving Consumer Goods,-0.0171972690990073,0.1993962194272125,-0.0029895283881793,0.1417511435282482,0.01419611487274645,-0.1707985189716424,0
UCOBANK,2025,Financial Services,-0.003440821781344,0.8892501460766582,-0.0023047663329052,0.5471110920011446,0.0398416492128726,-0.17080358470892082,0
PAGEIND,2020,Textiles,-0.1146575541660608,0.1165809615715097,0.0538083955077894,,0.0200266138250189,-0.1708968058322436,0
HINDUNILVR,2017,Fast Moving Consumer Goods,-0.0451419839551763,0.0176365720106965,-0.0020996335843381,,0.01419611487274645,-0.1709221473906649,0
ITC,2018,Fast Moving Consumer Goods,-0.0295481631011281,0.0005591455160639,-0.0002587681528978,,0.01419611487274645,-0.17095314224483094,0
LTFOODS,2017,Fast Moving Consumer Goods,-0.0400386090504586,0.5887551140539137,-0.0020996335843381,,0.01419611487274645,-0.17096290882738535,0
PATANJALI,2012,Fast Moving Consumer Goods,-0.0429703291313796,0.4254938133533615,-0.0020996335843381,,0.01419611487274645,-0.17096290882738535,0
GODREJCP,2017,Fast Moving Consumer Goods,-0.042977531345994,0.3091849075558818,-0.0020996335843381,,0.01419611487274645,-0.17096290882738535,0
TATACONSUM,2017,Fast Moving Consumer Goods,-0.0368280704105467,0.0823501451618138,-0.0020996335843381,,0.01419611487274645,-0.17096290882738535,0
SOBHA,2026,Realty,-0.0194381591444789,0.0542285765864085,-0.0145594219721164,0.0606971012791925,0.0102179758863787,-0.17100436130602054,0
HINDUNILVR,2020,Fast Moving Consumer Goods,-0.0434178534213268,,-0.0020996335843381,,0.01419611487274645,-0.1710368755900829,0
IDFCFIRSTB,2026,Financial Services,-0.0141800390339917,0.827828398519726,-0.0183089226777521,0.3844797210048963,0.0322398589845297,-0.17104785756181679,0
HBLENGINE,2019,Capital Goods,-0.1200472124820153,0.1999638152510101,-0.0730697586055107,,0.0147344734730676,-0.1710819023535498,0
IGIL,2023,Services,0.0274405922820908,0.1461201835841605,0.0808209463457486,,0.01447484218491725,-0.17109200224010362,0
HINDUNILVR,2021,Fast Moving Consumer Goods,-0.0169915624090776,,-0.0020996335843381,,0.01419611487274645,-0.1711534411151533,0
NUVOCO,2021,Construction Materials,-0.0875700808293611,0.3913957494134082,0.0557305763142852,,0.02233657876759495,-0.17118802948983647,0
LUPIN,2024,Healthcare,-0.1176019343775143,0.1230151094823822,-0.0761719180453499,0.2350846349764464,0.018909635366554302,-0.17121652673233034,0
NHPC,2023,Power,-0.0092950082002496,0.3426466687058546,0.0050028130116164,,0.02714301304713805,-0.1712357148057867,0
YESBANK,2026,Financial Services,-0.0428432054439,0.8175600050088888,-0.0227561792947754,0.5847123778165968,0.0183854476924874,-0.171292555796887,0
UPL,2025,Chemicals,-0.1134144072920057,0.2918081197972376,-0.0576633389765467,0.1822479419675605,0.0200830969784701,-0.17130303792393087,0
LEMONTREE,2025,Consumer Services,-0.1175351751455967,0.5270811194200181,-0.0528566127189374,0.5041004802364241,0.0102599792988175,-0.17131341893132118,0
HEXT,2023,Information Technology,-0.0719234667666375,0.0546507268713291,-0.0154291011913051,,0.0142750165362883,-0.1714172633975875,0
NCC,2018,Construction,-0.0336208543104372,0.1660886965814204,-0.0654189887467857,,0.00811929390513665,-0.1714602873484965,0
IKS,2023,Information Technology,0.0174542143073965,0.0529697460285338,-0.0298091040324169,,0.0142750165362883,-0.17153773466150862,0
GRASIM,2019,Construction Materials,0.0138996059254754,0.3503858008755386,0.0277776128285354,,0.02233657876759495,-0.17153809504597545,0
CGPOWER,2019,Capital Goods,-0.1274770720504027,0.3198167703791064,0.0385003436272902,,0.0147344734730676,-0.17157562476946497,0
GAIL,2023,Oil Gas & Consumable Fuels,0.0223672697323109,0.1652625766323712,0.0698461519393494,,0.02732774499087675,-0.1715807653390421,0
LTF,2018,Financial Services,0.1924794827350094,0.857311214616163,0.0157246735025143,,0.0213614188746349,-0.17161673560049046,0
MAPMYINDIA,2020,Information Technology,-0.0098553799765481,0.420877770953152,-0.0316891933325622,,0.0142750165362883,-0.17165025286723934,0
IRFC,2025,Financial Services,-0.0131483715517074,0.8430921676833567,-0.0063274041613707,0.9844491448455798,0.0068852662535617,-0.17166690578870492,0
ENRIN,2026,Capital Goods,-0.0229246244293869,,-0.0021900725510935,0.2356372706791117,0.0103868292774969,-0.17167857233694844,0
CHOLAFIN,2019,Financial Services,0.1829079500964687,0.8795726987524116,0.011718170982898,,0.0213614188746349,-0.17170872567758744,0
TBOTEK,2026,Consumer Services,0.0111937169848234,0.0812831764227834,0.0467715804427446,0.1490742941087515,0.0114155498462977,-0.17174403679482042,0
GODREJIND,2024,Diversified,0.0729238054567301,0.4727951869818798,0.0237652140529343,0.1237017677306765,0.01061696811920515,-0.1717506604126231,0
NEWGEN,2022,Information Technology,0.0194398353416931,0.0252246370898276,0.0034014386714392,,0.0142750165362883,-0.17175270928191128,0
TECHNOE,2024,Construction,0.1043013725823833,,-0.0014410977528105,0.1415073575650861,0.00811929390513665,-0.17178662334305578,0
RECLTD,2019,Financial Services,0.1394091005633936,0.8183805515245021,-0.024821298409252,,0.0213614188746349,-0.17179799418084518,0
GPIL,2025,Capital Goods,-0.12258622845202,0.0504210958721726,0.0411122111349926,0.1912677168809513,0.0147344734730676,-0.1718080697460777,0
HAL,2026,Capital Goods,-0.0693230623461117,0.0004897489415373,1.6513166163904206e-05,0.2768309952367742,0.0198719138995852,-0.17180995943405675,0
SUNDARMFIN,2026,Financial Services,0.0760927653355814,0.811655308832955,0.0008465751843879,0.7806197123439468,0.0085132292136058,-0.1718216410121503,0
SHRIRAMFIN,2026,Financial Services,0.0520707117664462,0.7800617174006202,-0.0165341524223854,0.7458454691379306,0.0158347573954828,-0.17184912278674735,0
USHAMART,2018,Capital Goods,-0.1591592559611352,0.5470061018278621,-0.0173865882317519,,0.0147344734730676,-0.17188498552532583,0
FLUOROCHEM,2019,Chemicals,0.0948915942877589,0.1967649068019908,-0.0083298561164035,,0.02157821562095625,-0.17191069778184903,0
MARUTI,2022,Automobile and Auto Components,0.0273121203394257,0.0056995130968247,-0.0018786538245957,,0.0091703331938402,-0.17196319894030515,0
SONATSOFTW,2018,Information Technology,-0.078748143880689,0.0273691385172142,-0.0187362810821812,,0.0142750165362883,-0.17202420085066694,0
LICHSGFIN,2020,Financial Services,0.0790196871893724,0.882481465264526,0.0322032842187031,,0.0213614188746349,-0.1721233809649344,0
TITAGARH,2026,Capital Goods,-0.066808610722553,0.1542700815765693,-0.012462621178598,0.1232566954657743,0.010098111097952,-0.1721261622274866,0
TIINDIA,2020,Automobile and Auto Components,-0.0940566898356312,0.1344817175117765,-0.048026142128337,,0.0091703331938402,-0.17223837269632236,0
PNBHOUSING,2021,Financial Services,-0.0821070088889262,0.8319177725297723,-0.0262518930702495,,0.0213614188746349,-0.17224369341510642,0
OLECTRA,2022,Automobile and Auto Components,-0.0722925976949699,0.0563657135176909,0.0476955645195748,,0.0091703331938402,-0.17228260142158525,0
HDBFS,2018,Financial Services,0.2006439656985837,0.7867095214331042,-0.0006671917563533,,0.0213614188746349,-0.17235192767721436,0
SUZLON,2026,Capital Goods,-0.0475301634544959,0.029454879627068,0.0045181339429839,0.1554520786923263,0.0096000533830057,-0.17238535014752904,0
NMDC,2022,Metals & Mining,0.0998043539868193,0.0722509406984651,0.0182438640267591,,0.02556926581353005,-0.17245025910777023,0
SAPPHIRE,2024,Consumer Services,-0.1540118299810353,0.4103339607876313,0.0387114002639158,0.1775715758585137,0.0123079908665588,-0.17249340811722463,0
JUBLPHARMA,2026,Healthcare,-0.0766304347826087,0.2366880565741225,0.0196698909378485,0.1112406925630214,0.0232063952851726,-0.17251655827971912,0
CEATLTD,2020,Automobile and Auto Components,-0.098442472493456,0.2762927804146889,0.0423854083710872,,0.0091703331938402,-0.1725713377273319,0
SRF,2021,Chemicals,-0.0444371467717738,0.268648242969127,-0.1119740815418051,,0.02157821562095625,-0.17259151837480474,0
BPCL,2020,Oil Gas & Consumable Fuels,-0.0319876086421329,0.4340153034621905,0.1065459844258138,,0.02732774499087675,-0.1726436652899851,0
BAJAJHFL,2024,Financial Services,0.1851240218856616,0.8448219287768881,0.013546622972805,0.9142825641318816,0.0213614188746349,-0.17270383781222076,0
JSWINFRA,2020,Services,-0.0101370611430471,0.4606186754715188,0.1008682575425868,,0.01447484218491725,-0.1728400231662826,0
AIAENG,2023,Capital Goods,0.0283856197222821,0.0757940236514153,0.0738760946245448,,0.0147344734730676,-0.17286053581738392,0
PNBHOUSING,2020,Financial Services,-0.1049320705898778,0.8581696656000218,0.0013708654713926,,0.0213614188746349,-0.17292418048585978,0
TVSMOTOR,2021,Automobile and Auto Components,-0.025475793125748,0.5570144527321431,-0.0444460989338084,,0.0091703331938402,-0.17293188029995943,0
HDBFS,2019,Financial Services,0.1794135583243957,0.7977510562373895,0.0110415348042852,,0.0213614188746349,-0.1729364605636483,0
TATACAP,2023,Financial Services,0.1933167730989831,0.8371640119416542,-0.006232790967165,,0.0213614188746349,-0.17293834121771262,0
LAURUSLABS,2021,Healthcare,0.0435739015665946,0.2576542988754393,-0.0301664737519631,,0.018909635366554302,-0.17301663902691045,0
TMPV,2023,Automobile and Auto Components,-0.0985247662930209,0.4007280747441625,-0.0443225752118684,,0.0091703331938402,-0.1730951104350421,0
JSWENERGY,2024,Power,-0.1050048600538198,0.5465586231549756,0.029159042922637,0.3746514793675785,0.02714301304713805,-0.17310566668243782,0
IDFCFIRSTB,2018,Financial Services,0.0542619245036416,0.8333980973080104,0.0270751921832654,,0.0213614188746349,-0.17315275404577335,0
PNBHOUSING,2022,Financial Services,-0.0824252570492963,0.8057423435191536,-0.0261754290106186,,0.0213614188746349,-0.17317279601771096,0
MINDACORP,2018,Automobile and Auto Components,0.0354914196567862,0.3548654446177847,6.21627520311363e-05,,0.0091703331938402,-0.1732255328475294,0
ANTHEM,2023,Healthcare,0.0393159423167613,0.0626225520613567,0.0406997174740545,,0.018909635366554302,-0.17322772813369186,0
MAXHEALTH,2021,Healthcare,-0.0298953819646841,0.1289184943804969,-0.0912160918699623,,0.018909635366554302,-0.1732758422987437,0
INTELLECT,2022,Information Technology,-0.0400510568064816,0.0078744712111337,-0.0325122066210022,,0.0142750165362883,-0.17329703115821,0
COCHINSHIP,2023,Capital Goods,-0.1581034057785171,0.0586104455583375,-0.0072093513688279,,0.0147344734730676,-0.17337374572665815,0
OLECTRA,2025,Automobile and Auto Components,-0.0434143870314083,0.1173666758773141,0.0413549168739337,0.1404761904761904,0.0089632246320314,-0.17337695205787623,0
SUNTV,2026,Media Entertainment & Publication,-0.0854570189818591,0.0076532879227171,-0.002175292901037,0.5043624989711086,0.0253788935362451,-0.17340034025117873,0
HAVELLS,2023,Consumer Durables,0.0454217096394871,0.0199956262368428,-0.0385796564002992,,0.006957110708254,-0.17341718260307787,0
ALKEM,2018,Healthcare,0.0476124614429094,0.1301624747519559,0.0297510598929058,,0.018909635366554302,-0.17342240161601674,0
NYKAA,2025,Consumer Services,-0.1013486517252037,0.3318457204745283,0.0467544285668524,0.0799649178981366,0.0126366901907182,-0.17346723889251514,0
ICICIPRULI,2025,Financial Services,0.0311699513369684,0.0082739691955035,0.0042605999937977,0.0324550113054746,0.0299573079594525,-0.17347099821393946,0
DELHIVERY,2022,Services,-0.0933812478789935,0.1335046298540747,-0.1171157769065645,,0.01447484218491725,-0.17348644481358777,0
SUPREMEIND,2020,Capital Goods,-0.0198781829135507,0.1218087958126758,0.071515695514466,,0.0147344734730676,-0.1735047282132865,0
ASAHIINDIA,2021,Automobile and Auto Components,-0.1016046748910119,0.4148833264870738,-0.0411560211701874,,0.0091703331938402,-0.17350631775357866,0
MOTHERSON,2020,Automobile and Auto Components,-0.1150686939162527,0.2917054344471066,0.0219248291236281,,0.0091703331938402,-0.17352076877310696,0
AFFLE,2023,Information Technology,-0.0078239779275173,0.0526064155622954,-0.0288821319635534,,0.0142750165362883,-0.173521635910161,0
TIINDIA,2026,Automobile and Auto Components,-0.0463230609458686,0.0351934094913592,-0.0090953896516819,0.0881481755594634,0.007667859878772,-0.1735371125876507,0
ALKEM,2022,Healthcare,0.0379979231213737,0.1896477338069924,0.0414576590973322,,0.018909635366554302,-0.17355633569448542,0
BAJAJ-AUTO,2017,Automobile and Auto Components,0.0375332407168625,0.0055412748721901,-0.0008662445049587,,0.0091703331938402,-0.17369677348342089,0
IDBI,2025,Financial Services,-0.0577267943848696,0.7985939196434817,-0.0088674305706361,0.7175095759465782,0.0156968121236364,-0.1737282322369617,0
HDFCLIFE,2025,Financial Services,-0.0434412334015947,0.0084427654057716,0.0053042091139144,0.009201562750084,0.0118056574891785,-0.17376596051760895,0
TATAPOWER,2023,Power,-0.0298927820931996,0.4131506226495193,-0.0417149886224141,,0.02714301304713805,-0.17380291232683087,0
INFY,2017,Information Technology,0.0339394814066483,,-0.0050342367827565,,0.0142750165362883,-0.17380746466213287,0
NEWGEN,2017,Information Technology,0.0360870582728762,0.1672361338637959,-0.0050342367827565,,0.0142750165362883,-0.17380746466213287,0
INFY,2018,Information Technology,0.0354257772624733,,-0.0050342367827565,,0.0142750165362883,-0.17380746466213287,0
INTELLECT,2017,Information Technology,0.0359404820213143,0.196220169231029,-0.0050342367827565,,0.0142750165362883,-0.17380746466213287,0
ANANDRATHI,2023,Financial Services,0.1354248449792504,0.0588357821537869,-0.0229078033177225,,0.0213614188746349,-0.1738197484056413,0
LENSKART,2021,Consumer Services,0.0520112788664025,0.010700646036335,0.0054078174899076,,0.0123079908665588,-0.17384419745236934,0
BERGEPAINT,2026,Consumer Durables,-0.1131689293145093,0.0632887048300821,-0.0101669907343234,0.169498430415068,0.0065347842670979,-0.17385365209065456,0
COFORGE,2017,Information Technology,-0.0923179193153018,0.0105529934770867,-0.0050342367827565,,0.0142750165362883,-0.1738928179422608,0
JBMA,2024,Automobile and Auto Components,-0.0312777503700049,0.4371916625555007,-0.0439318053593381,0.1202377967983382,0.0091703331938402,-0.17390913232651262,0
BEML,2021,Capital Goods,0.0633051342040092,0.1272195475930905,0.0611590647763691,,0.0147344734730676,-0.17392948674755254,0
IDFCFIRSTB,2020,Financial Services,-0.0925788699340399,0.8211137075279963,-0.0187299707050122,,0.0213614188746349,-0.17397917821805065,0
YESBANK,2025,Financial Services,-0.0128027494746542,0.8403161843036643,-0.0129563263460269,0.6079485648387819,0.0092366120396339,-0.17407531365737527,0
SAMMAANCAP,2017,Financial Services,0.2001169943221301,0.8225967030591141,-0.0006671917563533,,0.0213614188746349,-0.1740764372812515,0
SONATSOFTW,2022,Information Technology,-0.0289176147370645,0.0623867501046888,-0.0326402669273411,,0.0142750165362883,-0.17409127387547285,0
BSOFT,2023,Information Technology,-0.071954770211591,0.0319488717652669,-0.0043554901965814,,0.0142750165362883,-0.17411650000106388,0
ASHOKLEY,2023,Capital Goods,0.104976732575035,0.5698837497451054,0.0157640007683729,,0.0147344734730676,-0.17417988510939753,0
ZENSARTECH,2022,Information Technology,0.0209923167079046,0.0873290793072014,-0.0144941862604574,,0.0142750165362883,-0.17422917112038078,0
CAPLIPOINT,2023,Healthcare,0.04786437893584,0.1013279182257917,-0.0246281267428776,,0.018909635366554302,-0.17431036929885751,0
UNOMINDA,2021,Automobile and Auto Components,-0.0227656367368584,0.1939345170081456,-0.0419972854950572,,0.0091703331938402,-0.17441030258487755,0
BOSCHLTD,2026,Automobile and Auto Components,-0.0677684654307947,0.0054797806242706,-0.0003647633975463,0.1405535870179222,0.0077375042510162,-0.1744135158776562,0
IPCALAB,2021,Healthcare,0.0082223258896117,0.0437474552494803,-0.0514859304502963,,0.018909635366554302,-0.17444409338554184,0
CIEINDIA,2017,Automobile and Auto Components,-0.0205091277619981,0.1596058193649904,-0.0440109124087004,,0.0091703331938402,-0.1744891769962894,0
MARUTI,2020,Automobile and Auto Components,0.034264950642566,0.0028933939149144,0.0003984237185527,,0.0091703331938402,-0.17452526206159624,0
BAJFINANCE,2023,Financial Services,0.1948196013673256,0.7873174988248761,0.0097751347169777,,0.0213614188746349,-0.1745937175106429,0
J&KBANK,2023,Financial Services,0.0108808294061533,0.8561255063733706,-0.0404677657608794,,0.0213614188746349,-0.17460308992387447,0
JKTYRE,2017,Automobile and Auto Components,0.0259461279461279,0.5439778739778739,-0.0008662445049587,,0.0091703331938402,-0.17463516508064003,0
HEG,2020,Capital Goods,-0.1512003334572532,0.1338920995414962,0.0042763650283595,,0.0147344734730676,-0.1746358338511953,0
MINDACORP,2021,Automobile and Auto Components,-0.0140457884111507,0.2286843348653408,-0.039838958928711,,0.0091703331938402,-0.17466492779072268,0
MINDACORP,2017,Automobile and Auto Components,0.0346921635764584,0.3548032818657536,-0.0008662445049587,,0.0091703331938402,-0.1746903921254232,0
LTM,2021,Information Technology,-0.0432950978926916,0.0745684501569272,-0.028882564046458,,0.0142750165362883,-0.17471836081947423,0
BANDHANBNK,2020,Financial Services,-0.0388067528876619,0.8009424560990341,0.0257538588719125,,0.0213614188746349,-0.17472489217429232,0
JUBLPHARMA,2021,Healthcare,-0.1082228358856151,0.3228838122190017,-0.0677113096371169,,0.018909635366554302,-0.17477054798120356,0
IPCALAB,2026,Healthcare,-0.0599272044147,0.0654884956253821,-0.0505522856322018,0.2401312721925325,0.0169474318505783,-0.1747737081597424,0
WIPRO,2021,Information Technology,-0.0479447907002657,0.126582677089061,0.0065327015336262,,0.0142750165362883,-0.17484897755143824,0
SAPPHIRE,2021,Consumer Services,-0.1871507551840159,0.4779225399083996,0.011352236724791,,0.0123079908665588,-0.17487162540333606,0
LODHA,2026,Realty,0.0070348127799098,0.1686446397044288,0.0256123717538186,0.3847339243900975,0.0432118886569907,-0.1748770037039662,0
MAZDOCK,2025,Capital Goods,-0.0424333592783895,0.0007057934778155,0.0006742289247408,0.2463087565153884,0.0096269170484513,-0.1749046589886502,0
AMBER,2024,Consumer Durables,-0.1409625519142847,0.2335213400524112,0.0003407244700727,0.0701860471656986,0.006957110708254,-0.1749192699161657,0
SHYAMMETL,2020,Capital Goods,0.0851887629218299,0.220130892482868,0.040327663309261,,0.0147344734730676,-0.1749532999143163,0
MAXHEALTH,2020,Healthcare,-0.0045549946397024,0.2201345862504592,-0.0787886640312485,,0.018909635366554302,-0.1749641432123492,0
LEMONTREE,2020,Consumer Services,-0.0426628326016009,0.5361516546364902,0.10482289349313,,0.0123079908665588,-0.17496716863181844,0
SAIL,2021,Metals & Mining,-0.1632845927297512,0.319051091385816,-0.1064841271301337,,0.02556926581353005,-0.1750055810758101,0
LICI,2025,Financial Services,0.0040015433361616,,-0.0006671917563533,0.0524083844565956,0.0043572157722811,-0.17501865912838083,0
BSOFT,2017,Information Technology,0.0298527533113695,0.1531199449456377,-0.0050342367827565,,0.0142750165362883,-0.17504102393400883,0
IRFC,2018,Financial Services,0.1866049018160342,0.8299184013309855,0.0092846671660673,,0.0213614188746349,-0.17504542190251748,0
TCS,2019,Information Technology,0.0252763364676341,0.0005443323588028,-0.0018052291198038,,0.0142750165362883,-0.17513460012994747,0
AFFLE,2024,Information Technology,-0.0495184433743186,0.0558037351194113,0.0031973195571158,0.2183589010587199,0.0142750165362883,-0.17514732749895867,0
IPCALAB,2022,Healthcare,0.0036716757192765,0.1057007872366057,0.0619533319871253,,0.018909635366554302,-0.17515884687911776,0
ALKEM,2017,Healthcare,0.0640875330030239,0.10041141485905,-0.0036016930944258,,0.018909635366554302,-0.17517886543672684,0
IOC,2020,Oil Gas & Consumable Fuels,-0.0243646149124393,0.3933496707845282,0.1048110383655378,,0.02732774499087675,-0.17532527345007454,0
BALKRISIND,2023,Automobile and Auto Components,-0.0316278549943876,0.2710254412576958,0.0407135179278418,,0.0091703331938402,-0.17533463979045372,0
BAJAJHFL,2021,Financial Services,0.1460432274175493,0.8347055526411854,0.0186883401142907,,0.0213614188746349,-0.175338736436841,0
ONESOURCE,2024,Healthcare,0.0269047602348204,0.3942851932639906,-0.0346868760489849,0.3614224577134705,0.018909635366554302,-0.1753550783398407,0
GRANULES,2026,Healthcare,-0.0798252224742968,0.1968056374472693,-0.0370315099886796,0.2294873270719204,0.0139748189569632,-0.1753756217015518,0
TRENT,2022,Consumer Services,0.0061804137188358,0.6116163302709544,0.0938368403229659,,0.0123079908665588,-0.17540472192259443,0
LATENTVIEW,2026,Information Technology,-0.05588120922328,0.0159578298503593,-0.0001277361915961,0.1976087562744004,0.0142750165362883,-0.1754575099567709,0
GLAND,2021,Healthcare,0.0603487026021847,0.0007696949544956,-0.0004441972587284,,0.018909635366554302,-0.17548612599181418,0
TATACHEM,2025,Chemicals,-0.0491125827814569,0.1873377483443708,0.0358027860714826,0.0971830985915492,0.0167642758786547,-0.17549842991786369,0
PNB,2025,Financial Services,-0.0088931370080389,0.9059418055230284,-0.0022142076821295,0.7172828308841526,0.033775896374884,-0.17550455293109163,0
DEEPAKFERT,2021,Chemicals,-0.1183141982903452,0.3621194579715691,-0.0728927981503602,,0.02157821562095625,-0.1755062251015151,0
GODREJPROP,2020,Realty,0.0496963063970598,0.3675949327005476,-0.0668879708055033,,0.03750103869543505,-0.17554112606552968,0
KARURVYSYA,2026,Financial Services,0.0095872641250454,0.8659269079545047,0.0005737822858757,0.7182316637262168,0.0365045919981296,-0.1755928363390986,0
PIRAMALFIN,2017,Financial Services,0.199365868939096,0.8832047694838675,-0.0006671917563533,,0.0213614188746349,-0.17559830898699325,0
MOTHERSON,2018,Automobile and Auto Components,-0.0450856139838427,0.2805639623412064,-0.0434216748892959,,0.0091703331938402,-0.17568455146066675,0
MAPMYINDIA,2024,Information Technology,-0.0542514608099939,0.0324022768486802,-0.0112691546946048,0.361533088877248,0.0142750165362883,-0.17570669909439623,0
PHOENIXLTD,2024,Realty,-0.0992767516547172,0.2428929096112344,-0.0015324187401823,0.5669192825571976,0.03750103869543505,-0.17571548172602564,0
TBOTEK,2018,Consumer Services,0.0495026173604214,,-0.0014446844736112998,,0.0123079908665588,-0.17571830790666315,0
ADANIPORTS,2025,Services,-0.1062079477588312,0.3868383159357222,-0.0359871392810655,0.5962158112810536,0.0048006398490384,-0.1757386515298895,0
NATCOPHARM,2017,Healthcare,0.0604936140835346,0.0957024508111839,-0.0036016930944258,,0.018909635366554302,-0.17576579007958687,0
BLUEJET,2020,Healthcare,0.0589253842670289,0.2106609126508431,-0.0036016930944258,,0.018909635366554302,-0.17576579007958687,0
USHAMART,2025,Capital Goods,-0.0842056460473916,0.1116747868126685,0.0018621892858137,0.191854315468077,0.0184211551880015,-0.1758326469108087,0
EICHERMOT,2026,Automobile and Auto Components,-0.1039166684284948,0.0159792634894893,-0.0008796121953921,0.2398249809270221,0.00808974389686,-0.1759221466114978,0
CAPLIPOINT,2021,Healthcare,-0.0193163734498867,0.1723073312750713,0.071761028810048,,0.018909635366554302,-0.17594377483486312,0
OLAELEC,2021,Automobile and Auto Components,0.0249924265374129,0.0199655407452287,-0.0008662445049587,,0.0091703331938402,-0.17597311845314445,0
ACUTAAS,2019,Healthcare,0.0396903589021815,0.252920478536242,-0.0290351342009724,,0.018909635366554302,-0.17599496251798674,0
HYUNDAI,2021,Automobile and Auto Components,-0.1324835693677948,0.0506513892713059,-0.0008662445049587,,0.0091703331938402,-0.17600365841486038,0
SJVN,2020,Power,-0.0091995605169754,0.1402879704370574,-0.003638668790333,,0.02714301304713805,-0.17608187730739377,0
IDEA,2022,Telecommunication,-0.2351832792091495,1.1016960857933165,0.1103368063808578,,0.0271052256093291,-0.17610345833955193,0
POLICYBZR,2026,Financial Services,0.013943573322062,0.0413655513339428,-0.001422880836924,0.0724415870527676,0.0355293227934779,-0.17611075541794186,0
JUBLFOOD,2024,Consumer Services,-0.1202768508772584,0.5234014387486718,0.0489164300253597,0.1867897859361341,0.0123079908665588,-0.17611617806291596,0
SOBHA,2020,Realty,-0.0011516625083899,0.284353465931952,0.0418992864933819,,0.03750103869543505,-0.17616581212752092,0
KPITTECH,2019,Information Technology,-0.0579120596861578,0.0790459294303173,-0.0050342367827565,,0.0142750165362883,-0.17621627077517932,0
IKS,2020,Information Technology,-0.0587029616323522,,-0.0050342367827565,,0.0142750165362883,-0.17621627077517932,0
DEEPAKNTR,2024,Chemicals,-0.1273150578846507,0.0469377575932586,0.0327336164408243,0.0885468109698434,0.02157821562095625,-0.17623273517244903,0
M&M,2022,Automobile and Auto Components,-0.0154896072237769,0.4501762849712298,-0.0385528547369796,,0.0091703331938402,-0.17624148205876822,0
GODREJPROP,2017,Realty,0.1076628053688658,0.5543236972645968,-0.0193720440279249,,0.03750103869543505,-0.17627754847023885,0
CRAFTSMAN,2022,Automobile and Auto Components,-0.0613583173195552,0.2989217804828808,-0.0437713612323281,,0.0091703331938402,-0.1763078724265924,0
ENDURANCE,2024,Automobile and Auto Components,-0.1108715620223928,0.0972320858006395,0.0215520949745063,0.1302970103107206,0.0091703331938402,-0.176341977307083,0
SAPPHIRE,2019,Consumer Services,-0.0833523531291368,0.0875519240425434,0.0507214330492835,,0.0123079908665588,-0.17638291469742368,0
ALKEM,2023,Healthcare,-0.0507630854895632,0.10152762482145,-0.0881201089855424,,0.018909635366554302,-0.17639713452501354,0
JKCEMENT,2024,Construction Materials,-0.1195424973483492,0.3750846163720012,-0.02262001757107,0.167942995208649,0.02233657876759495,-0.17650427612768216,0
RAINBOW,2024,Healthcare,-0.1164347585698488,0.3526124216734242,0.0305287494948753,0.3375200964630225,0.018909635366554302,-0.17651876620374474,0
RRKABEL,2025,Capital Goods,-0.1069543805375157,0.0824926356016059,-0.0429700207954246,0.080560441033811,0.0131056844759143,-0.17659822187352625,0
BAJAJFINSV,2022,Financial Services,0.1146528057481585,0.48342169765859,0.0243783589440579,,0.0213614188746349,-0.17669173834190915,0
LODHA,2025,Realty,-0.0122728702426749,0.1430322679506101,-0.0200611162328741,0.3028571428571428,0.012007529658902,-0.17670474234679084,0
ASTERDM,2021,Healthcare,-0.1223216483276276,0.4133942970838259,-0.0384021902296815,,0.018909635366554302,-0.17670975082649465,0
EIHOTEL,2025,Consumer Services,-0.0998165043215804,0.0454554808615722,0.005949924711352,0.431039420774668,0.0104763773857619,-0.17671028946348633,0
JUBLINGREA,2022,Chemicals,0.0063375310332793,0.0628861809038583,-0.1021935991402873,,0.02157821562095625,-0.17677281360080155,0
PREMIERENE,2020,Capital Goods,0.124249779613327,0.3088673936407878,-0.0021900725510935,,0.0147344734730676,-0.1767877807780096,0
PFC,2025,Financial Services,0.0836631945107596,0.824861357803523,-0.0048429716910705,0.964571344511272,0.0137230578484077,-0.17683489445525247,0
ASTERDM,2018,Healthcare,-0.0358948784251016,0.3144087579920153,-0.0908805832285453,,0.018909635366554302,-0.17695900392088187,0
PFIZER,2008,Healthcare,0.0563117233336977,,-0.0036016930944258,,0.018909635366554302,-0.17699459243932275,0
ENDURANCE,2021,Automobile and Auto Components,-0.0177082463320248,0.1115513377321194,-0.0365213760354524,,0.0091703331938402,-0.1770003427906925,0
HSCL,2022,Chemicals,-0.0839442475621337,0.1698949574965834,-0.0913601389142535,,0.02157821562095625,-0.177004679414607,0
BOSCHLTD,2017,Automobile and Auto Components,0.0240441700308715,,-0.0008662445049587,,0.0091703331938402,-0.17706593211509852,0
DATAPATTNS,2023,Capital Goods,0.0984292026147434,0.001735264192231,-0.0112835423228325,,0.0147344734730676,-0.1772110368295327,0
CEMPRO,2026,Construction,-0.0506530067946574,0.1412879509486414,-0.0283309350521139,0.1009437984211222,0.004856093415442,-0.1773140600563306,0
MUTHOOTFIN,2021,Financial Services,0.1693014812489854,0.7346118639222163,-0.0117798837697762,,0.0213614188746349,-0.17734011083868106,0
JKCEMENT,2018,Construction Materials,-0.0919343496457569,0.455474115631612,-0.0619462697133015,,0.02233657876759495,-0.17734795386738095,0
TATACAP,2025,Financial Services,0.1262274852227787,0.8410575496449758,0.0005545511840209,0.7276548850084752,0.0171782909803331,-0.17740014476441235,0
GRANULES,2018,Healthcare,0.0498973890378537,0.3664185029285318,0.0169784586430609,,0.018909635366554302,-0.17750844471147575,0
JUBLPHARMA,2018,Healthcare,-0.069829557890997,0.3668000046525546,-0.0877908086639224,,0.018909635366554302,-0.17751537198839695,0
CREDITACC,2022,Financial Services,0.1754117818664393,0.7390874587789119,0.0125826178833877,,0.0213614188746349,-0.17753371090925646,0
LTM,2019,Information Technology,0.0181283390359565,,-0.0050342367827565,,0.0142750165362883,-0.17759111547320994,0
VMM,2026,Consumer Services,-0.1190015572827642,0.1736313510803594,0.0005730755788859,0.146130544323734,0.0099010098312983,-0.1775915202140817,0
BLS,2019,Consumer Services,-0.059260350050488,0.0789086166273981,-0.150645642813191,,0.0123079908665588,-0.17761723074677144,0
MRF,2020,Automobile and Auto Components,-0.0436506099574433,0.095366092764554,-0.0405420910846531,,0.0091703331938402,-0.17768878547143352,0
PAGEIND,2019,Textiles,0.1215987087124886,0.0627725660637203,0.0142374692767366,,0.0200266138250189,-0.17771915574110958,0
BEL,2018,Capital Goods,0.1116985824054603,0.0042373864458472,0.0006248125522903,,0.0147344734730676,-0.17776813667303892,0
GESHIP,2023,Services,-0.0262717369578252,0.2399474788810923,-0.0933328784918726,,0.01447484218491725,-0.1777761112692281,0
TECHM,2022,Information Technology,0.0063221172788778,0.0589523927457756,-0.0142966180340101,,0.0142750165362883,-0.17778580679863426,0
AUROPHARMA,2019,Healthcare,0.0271690494524966,0.2651875237666376,0.0374215350280881,,0.018909635366554302,-0.17788412405248916,0
APOLLOTYRE,2020,Automobile and Auto Components,-0.0879516390094064,0.2914781336132672,0.037853603877856,,0.0091703331938402,-0.17794602058999215,0
FLUOROCHEM,2020,Chemicals,-0.0577000736786063,0.2830939740130445,0.0863290672110537,,0.02157821562095625,-0.17800865284670353,0
OFSS,2018,Information Technology,0.0134206693815906,,-0.0050342367827565,,0.0142750165362883,-0.17803454303931893,0
SRF,2025,Chemicals,-0.0954784983683674,0.2195968754806264,-0.0263426250077774,0.2100912315860073,0.0230733342634424,-0.1780795449899808,0
NAVA,2022,Power,-0.008454397464148,0.335196721035722,-0.0168552201692582,,0.02714301304713805,-0.17808263975981753,0
NEULANDLAB,2019,Healthcare,-0.0473039324103153,0.2047684345556686,-0.0931595101895245,,0.018909635366554302,-0.17811194342815906,0
UPL,2026,Chemicals,-0.0842470387353816,0.2531814130306382,-0.0386267067665993,0.1342697181023475,0.0241240142119325,-0.1781337194304045,0
CREDITACC,2023,Financial Services,0.1882981594923621,0.7462798687900596,0.0071924100111476,,0.0213614188746349,-0.17820259917354986,0
SONACOMS,2023,Automobile and Auto Components,-0.0450972766460881,0.0964726798547631,0.0382431054719234,,0.0091703331938402,-0.17827499165917388,0
HCLTECH,2023,Information Technology,-0.0338659517426273,0.0514101876675603,-0.0199227932930676,,0.0142750165362883,-0.17830659987020941,0
BAJAJ-AUTO,2023,Automobile and Auto Components,0.0222785739595206,0.0035356446083767,3.904053235660558e-05,,0.0091703331938402,-0.178321188385541,0
MOTHERSON,2021,Automobile and Auto Components,-0.0840253242496654,0.2498413569374664,-0.0418640775096402,,0.0091703331938402,-0.17833167394674765,0
WIPRO,2018,Information Technology,-0.0055776036333345,0.1843885460825458,0.0033690754181942,,0.0142750165362883,-0.17839395782746664,0
CARBORUNIV,2024,Capital Goods,-0.1385288898231754,0.0420160056317922,-0.0295920637706473,0.1409773388028197,0.0147344734730676,-0.17840863333906387,0
MOTILALOFS,2025,Financial Services,-0.019128181162828,0.4343499983046575,0.000385008274457,0.5234838941875113,0.0063625264166951,-0.17841124873499153,0
SCHAEFFLER,2022,Automobile and Auto Components,0.0224701050514081,0.0100196971390254,-0.0008662445049587,,0.0091703331938402,-0.17848450611088706,0
INOXWIND,2023,Capital Goods,0.0712117874135623,0.3972300498814616,-0.044961282632592,,0.0147344734730676,-0.1785058953632705,0
J&KBANK,2024,Financial Services,0.0089392166278037,0.8909098428726293,0.0347843364992587,0.6896721469808422,0.0213614188746349,-0.17854069924580618,0
JKTYRE,2019,Automobile and Auto Components,-0.055060778324616,0.5109239476715397,-0.0407009464891688,,0.0091703331938402,-0.17866066815508302,0
CREDITACC,2024,Financial Services,0.1605170339751229,0.7565078662442333,0.0102279974541736,0.2607397962879786,0.0213614188746349,-0.1787975257790445,0
LTTS,2022,Information Technology,-0.0080958336075824,0.07850654906865,-0.0163377129028473,,0.0142750165362883,-0.17880396136705368,0
MAPMYINDIA,2019,Information Technology,0.0198543233082706,0.4525669642857142,-0.0050342367827565,,0.0142750165362883,-0.17881132085174312,0
FLUOROCHEM,2023,Chemicals,0.0704710253132802,0.1809953291682096,-0.045198297263575,,0.02157821562095625,-0.178854547347355,0
USHAMART,2019,Capital Goods,-0.1325008438359926,0.5098442765036013,-0.0371618253242608,,0.0147344734730676,-0.1789003103792467,0
HAVELLS,2024,Consumer Durables,-0.1346924921316304,0.0243841035206379,0.004388477283795,0.0872370105829846,0.006957110708254,-0.17890884901938148,0
NYKAA,2026,Consumer Services,-0.1223690088433397,0.2684250701525356,-0.0634206503219927,0.0848490294751977,0.0119792915423994,-0.17891449425107642,0
FORTIS,2026,Healthcare,-0.0843221529920387,0.2193275373669301,0.034299975092037,0.2110466281340494,0.0144068368179452,-0.17892848923397953,0
IREDA,2020,Financial Services,0.0695777864891098,0.7902960181337144,0.0254436667918209,,0.0213614188746349,-0.17893218315901488,0
LTTS,2017,Information Technology,0.0165792893310032,0.0456602589953846,-0.0050342367827565,,0.0142750165362883,-0.1789602604726908,0
MPHASIS,2017,Information Technology,0.0174586543400102,0.0356322547508988,-0.0050342367827565,,0.0142750165362883,-0.1789602604726908,0
IRFC,2022,Financial Services,0.1566782646579443,0.8632378774338125,0.013931792870231,,0.0213614188746349,-0.1790242433183562,0
LENSKART,2023,Consumer Services,-0.0167507905104922,0.0987556857572836,0.0895989042524688,,0.0123079908665588,-0.1790672714044384,0
TRAVELFOOD,2024,Consumer Services,-0.1504276627977576,0.2452621092529606,-0.04217634397149,0.3836249908730255,0.0123079908665588,-0.17907974101960106,0
MUTHOOTFIN,2019,Financial Services,0.1653867276756276,0.7218978112683831,0.0123808210765964,,0.0213614188746349,-0.17913099432486823,0
TMPV,2022,Automobile and Auto Components,-0.0781747508649523,0.445050649956031,0.0289408995391982,,0.0091703331938402,-0.1791531635345388,0
JMFINANCIL,2021,Financial Services,-0.0162176936860327,0.5306313539511434,-0.0360293033859587,,0.0213614188746349,-0.1791621006427329,0
SBFC,2022,Financial Services,0.1962689062974111,0.6511385306409925,-0.0006671917563533,,0.0213614188746349,-0.17922714773607246,0
GLAND,2022,Healthcare,0.0537286034699111,0.0006050834670516,-0.0001646114874439,,0.018909635366554302,-0.17924350349698137,0
LATENTVIEW,2024,Information Technology,-0.0504646706093263,0.016478119612328,-0.0005124983362884,0.2209006320224719,0.0142750165362883,-0.1792709285647281,0
IREDA,2024,Financial Services,0.18410442736434,0.7937144221806712,0.0014623830394592,0.930195177956372,0.0213614188746349,-0.179286208966545,0
FLUOROCHEM,2021,Chemicals,-0.1399162958395882,0.26647779058546,-0.0166161834275845,,0.02157821562095625,-0.17929092264523916,0
PAYTM,2021,Financial Services,0.0422262777710994,0.0668801293890084,0.0253250915322816,,0.0213614188746349,-0.1792917023175961,0
TRENT,2025,Consumer Services,-0.1218868237002688,0.2375027071098258,-0.0072684731184702,0.2022559148073174,0.0143419121881501,-0.17929853464868561,0
ADANIGREEN,2022,Power,-0.0436102724157817,0.8961563252705499,0.0524019686554655,,0.02714301304713805,-0.17933795596136248,0
TCS,2018,Information Technology,0.0072199075395239,0.0023495614786066,-0.0004745519549876,,0.0142750165362883,-0.17934875178084975,0
MRF,2024,Automobile and Auto Components,-0.1112839266978852,0.1050860297592909,-0.0185776124872796,0.1192346039463948,0.0091703331938402,-0.17936123165022427,0
OBEROIRLTY,2026,Realty,-0.0330218887722814,0.1115562199285035,-0.0337379849880966,0.5643367233201885,0.0221606609331283,-0.17937105819551757,0
ZEEL,2022,Media Entertainment & Publication,0.0517160639294238,0.005763013988338,-0.0272434531261119,,0.035357351082854704,-0.17939173502321654,0
POLICYBZR,2022,Financial Services,0.1242452007275825,0.0269394875817347,-0.0202045402550374,,0.0213614188746349,-0.17940786434583844,0
MGL,2026,Oil Gas & Consumable Fuels,-0.10792529216846,0.0248220711893394,0.0006060531782017,0.1443364577362689,0.0168521873067888,-0.17943064051725943,0
YESBANK,2022,Financial Services,-0.0707321547324681,0.8456421343186126,0.0166931288161413,,0.0213614188746349,-0.1794467075847872,0
ADANIPOWER,2018,Power,-0.1036142668709198,0.7599061789001189,0.0259724721513017,,0.02714301304713805,-0.17944909007086124,0
TECHM,2019,Information Technology,-0.0040184417774428,0.059663694694102,-0.0190904868420743,,0.0142750165362883,-0.1794762461042541,0
MPHASIS,2021,Information Technology,-0.0253847977395869,0.0548284721495494,-0.0105370923904784,,0.0142750165362883,-0.1795546448687348,0
KPITTECH,2023,Information Technology,-0.0243821395215173,0.0857730440405201,-0.0114942430227551,,0.0142750165362883,-0.1795546448687348,0
CHAMBLFERT,2018,Chemicals,-0.0710942247633944,0.6425049804744265,0.0692506198667899,,0.02157821562095625,-0.17961436363951805,0
SYRMA,2023,Capital Goods,0.0745708049005919,0.1473835322805844,-0.0417681876743588,,0.0147344734730676,-0.1796452128754662,0
ABLBL,2025,Consumer Services,-0.1298654552526081,0.3542021227124433,-0.0014446844736112998,0.1757490920419773,0.0140838907191977,-0.17966085125401077,0
PERSISTENT,2019,Information Technology,-0.0282357473035439,0.0005848158005322,-0.0002435467272216,,0.0142750165362883,-0.17967038011013003,0
NEULANDLAB,2023,Healthcare,-0.0466463260242062,0.081309819213045,-0.0925475993443713,,0.018909635366554302,-0.1797054543925743,0
TECHM,2023,Information Technology,-0.0161628901613015,0.0597941833670833,0.0008417906213076,,0.0142750165362883,-0.17970883942330285,0
PWL,2023,Consumer Services,-0.1689782653635179,0.4596676105360825,-0.0014446844736112998,,0.0123079908665588,-0.17971334359315588,0
URBANCO,2021,Consumer Services,-0.1674136119181554,,-0.0014446844736112998,,0.0123079908665588,-0.17971334359315588,0
JPPOWER,2024,Power,-0.1040566320701231,0.2453894552879311,-0.0296750556595737,0.2543129533315207,0.02714301304713805,-0.17985864787240974,0
JKTYRE,2023,Automobile and Auto Components,-0.0779404232420026,0.3956831325613662,-0.0335986621993101,,0.0091703331938402,-0.17988142390047995,0
WIPRO,2023,Information Technology,-0.0146257773231603,0.1493845986741781,-0.0146126197053974,,0.0142750165362883,-0.17989216913837963,0
PERSISTENT,2018,Information Technology,-0.0371061022706211,0.0008283625277539,-0.0003363650672976,,0.0142750165362883,-0.17990165144458087,0
CRAFTSMAN,2018,Automobile and Auto Components,-0.1256201736486216,0.4234635697995439,-0.0040068055016542,,0.0091703331938402,-0.1799518161812786,0
GRAVITA,2026,Metals & Mining,-0.018408229561451,0.2153675061092494,0.1016570333727221,0.0743766355266904,0.0233724379431409,-0.18010742302698862,0
BDL,2017,Capital Goods,0.1122816992546669,0.000425836626232,-0.0021900725510935,,0.0147344734730676,-0.1801205821038897,0
SUMICHEM,2026,Chemicals,-0.0515627759138265,0.0141491404341304,0.0010564164965738,0.2193915455870597,0.0287991065735321,-0.18013162726890203,0
BHEL,2024,Capital Goods,0.0643582706299068,0.1481407759390125,0.0535665533893752,0.0418079204737058,0.0147344734730676,-0.18016010345943562,0
BHEL,2019,Capital Goods,0.0754421278517868,0.0402927097187261,0.0385765711977426,,0.0147344734730676,-0.1801983840768807,0
OFSS,2022,Information Technology,0.0038033478305903,0.0097050543327091,0.0011482434129623,,0.0142750165362883,-0.18019900889230434,0
TIINDIA,2018,Automobile and Auto Components,-0.0790189666053671,0.2344358182273878,-0.0368795137555783,,0.0091703331938402,-0.18021988311818993,0
LTTS,2023,Information Technology,-0.0195987542550879,0.0657927138408053,-0.0127138352278446,,0.0142750165362883,-0.18024155475178344,0
NEWGEN,2019,Information Technology,0.0,0.0920147072687847,-0.0158173204528818,,0.0142750165362883,-0.18030051291022037,0
UNOMINDA,2018,Automobile and Auto Components,-0.0159905619727141,0.1823833396233704,-0.0301214567597396,,0.0091703331938402,-0.18031130639827836,0
AJANTPHARM,2024,Healthcare,-0.1218992072655185,0.0077882685893034,1.2612525142872285e-05,0.27992461588127,0.018909635366554302,-0.18033711037464611,0
ENDURANCE,2022,Automobile and Auto Components,-0.0479496259164279,0.073350088270747,-0.0382012494613724,,0.0091703331938402,-0.18039675076315387,0
HEXT,2019,Information Technology,0.0107850333673963,0.0343197225060809,-0.0050342367827565,,0.0142750165362883,-0.1805105131289692,0
OFSS,2017,Information Technology,0.0106740994455315,,-0.0050342367827565,,0.0142750165362883,-0.1805105131289692,0
HEXT,2018,Information Technology,0.011093133171851,,-0.0050342367827565,,0.0142750165362883,-0.1805105131289692,0
COFORGE,2023,Information Technology,-0.0456347442712129,0.0999448898686245,-0.0004282291604459,,0.0142750165362883,-0.18055011595912168,0
NATCOPHARM,2021,Healthcare,0.0296542081429078,0.0558442371501909,-0.01301229539264,,0.018909635366554302,-0.18060152968873178,0
TCS,2017,Information Technology,0.0104169720422542,0.0028241134335942,-0.0050342367827565,,0.0142750165362883,-0.18061790807510164,0
CEMPRO,2019,Construction,0.0831594347976745,0.2049397451199322,0.0002965304707282,,0.00811929390513665,-0.18061839443670702,0
HCLTECH,2018,Information Technology,0.0081893767321677,0.011606826564421,-0.0011111490485329,,0.0142750165362883,-0.18069151962435598,0
HOMEFIRST,2019,Financial Services,0.0131749745698052,0.7759921338534447,0.0313151587598089,,0.0213614188746349,-0.1806952994289837,0
BHARATFORG,2019,Automobile and Auto Components,0.010424700754085,0.3480062220003506,0.0215508662088469,,0.0091703331938402,-0.1807129323294226,0
TRENT,2020,Consumer Services,-0.0432765295967806,0.0544320715930469,-0.1386849069434315,,0.0123079908665588,-0.18071583243537254,0
COFORGE,2018,Information Technology,-0.0389437183248866,0.0085737148954006,-0.001979278581686,,0.0142750165362883,-0.1807435384476701,0
DIVISLAB,2019,Healthcare,0.0495824368366495,0.0131410132766544,0.0038393663648719,,0.018909635366554302,-0.18077629485830093,0
INFY,2022,Information Technology,-0.0152061612795449,0.046894944700974,-0.0026348708527832,,0.0142750165362883,-0.18081332493300073,0
TITAN,2023,Consumer Durables,0.0695780903034789,0.3466691339748334,0.0033144048828946,,0.006957110708254,-0.18085816645918745,0
NAUKRI,2026,Consumer Services,-0.0132614895762631,0.0054360122088969,-0.000814529926383,0.3870110701107011,0.0141952009190771,-0.18088254400059917,0
CANHLIFE,2021,Financial Services,-0.0993952499292709,,-0.0006671917563533,,0.0213614188746349,-0.18089558182986964,0
UNOMINDA,2023,Automobile and Auto Components,-0.018034113493107,0.1687772389625878,0.0292967840553889,,0.0091703331938402,-0.1809103905416382,0
INDHOTEL,2021,Consumer Services,-0.0351055475195589,0.4825967715699461,0.0892324639809039,,0.0123079908665588,-0.18093225020593912,0
AADHARHFC,2021,Financial Services,0.1131631945590808,0.7611468776710284,-0.018663671355112,,0.0213614188746349,-0.18096833140058083,0
MUTHOOTFIN,2024,Financial Services,0.1554606079343366,0.706301544438452,0.0099181408661939,0.729228688197652,0.0213614188746349,-0.18102133533888182,0
POLICYBZR,2021,Financial Services,-0.0767785200344956,0.0471440278367721,-0.0223420127723648,,0.0213614188746349,-0.18104786762786396,0
HOMEFIRST,2022,Financial Services,0.1940897347201213,0.6775190253397592,0.0004484179320232,,0.0213614188746349,-0.18106231984622978,0
TITAGARH,2024,Capital Goods,-0.0071570255128372,0.0515231219803383,-0.1056154140148219,0.1036378549735086,0.0147344734730676,-0.1810658484403665,0
ENDURANCE,2019,Automobile and Auto Components,-0.0845573282458752,0.1531478647351097,-0.0344476232763199,,0.0091703331938402,-0.1810699994302017,0
HSCL,2019,Chemicals,-0.0543563255496968,0.1709064170163922,-0.1023080830187858,,0.02157821562095625,-0.181084905538773,0
TATACAP,2022,Financial Services,0.1566296682528525,0.8433968029088192,0.0093766274023153,,0.0213614188746349,-0.1810854676029514,0
IFCI,2018,Financial Services,0.043989819979362,0.6709890842072656,-0.02673416371517,,0.0213614188746349,-0.18111001607939753,0
TCS,2021,Information Technology,-0.0490184011323773,0.0599652286294541,-0.00807942411306,,0.0142750165362883,-0.1811684240328319,0
WIPRO,2017,Information Technology,-0.0099679429328275,0.1810194706643516,-0.0050342367827565,,0.0142750165362883,-0.18119976338808408,0
ACC,2018,Construction Materials,0.0250953696293274,,-0.0022687504685464,,0.02233657876759495,-0.1812374496370146,0
INFY,2021,Information Technology,-0.0360242207774088,0.0495298155537572,-0.0009385940322993,,0.0142750165362883,-0.18127302191069572,0
WIPRO,2020,Information Technology,-0.0042222430728052,0.1200499755554348,-0.0003899515996415,,0.0142750165362883,-0.18132409806902294,0
FIRSTCRY,2020,Consumer Services,0.0396573040429566,0.0125012236551576,0.0083061278651508,,0.0123079908665588,-0.18134460577258338,0
TCS,2022,Information Technology,-0.0115097499361357,0.0554767108512389,-0.0044885177782151,,0.0142750165362883,-0.18135819891677835,0
ASAHIINDIA,2023,Automobile and Auto Components,-0.0080103048893643,0.3059613348324909,-0.0219483636328278,,0.0091703331938402,-0.18146604363182584,0
LTTS,2019,Information Technology,-0.0121132559596622,0.0209445952800071,-0.0050342367827565,,0.0142750165362883,-0.18147389248659446,0
UPL,2024,Chemicals,-0.0175358233497768,0.3494714587737844,0.0714827227812163,0.1538461538461538,0.02157821562095625,-0.1815053334929353,0
HCLTECH,2022,Information Technology,-0.0382474331147872,0.0713329809606279,-0.0084373770995019,,0.0142750165362883,-0.18151425551453892,0
DIXON,2021,Consumer Durables,-0.0036230610824905,0.1035014724176465,0.0524277877108767,,0.006957110708254,-0.18154065250444057,0
MPHASIS,2022,Information Technology,-0.0266596283151384,0.0493470805816373,-0.005481391567912,,0.0142750165362883,-0.18158537064239721,0
HCLTECH,2017,Information Technology,-0.0085005026004108,0.0127179756129539,-0.0050342367827565,,0.0142750165362883,-0.18160716625618517,0
INFY,2019,Information Technology,0.0066971189303642,,-0.0050342367827565,,0.0142750165362883,-0.18164173524768557,0
HEXT,2017,Information Technology,0.0091501265066867,,-0.0050342367827565,,0.0142750165362883,-0.18164173524768557,0
LTM,2020,Information Technology,-0.0139991831919045,0.1034510142033852,-0.0050342367827565,,0.0142750165362883,-0.1816544930446699,0
INDHOTEL,2018,Consumer Services,-0.0419973374559821,0.260610452632483,-0.132801858233692,,0.0123079908665588,-0.18167652631124664,0
TECHM,2017,Information Technology,-0.0482979621598802,0.0524312085044325,-0.0050342367827565,,0.0142750165362883,-0.18171050212971468,0
ABLBL,2026,Consumer Services,-0.1364430249826549,0.346110400743115,-0.0080917219693283,0.1505958723982519,0.0132715725056019,-0.1817364259905947,0
EMCURE,2026,Healthcare,-0.0682717289857144,0.1598878761634897,0.0339602720692881,0.2063593559262919,0.0154755335726864,-0.1817379889340467,0
SUNPHARMA,2024,Healthcare,-0.1081898406134742,0.0383658125916539,-0.0469483728010824,0.2931543070580441,0.018909635366554302,-0.18175700143540413,0
BSE,2018,Financial Services,0.1855672578270056,,-0.0006671917563533,,0.0213614188746349,-0.1817718568018707,0
JMFINANCIL,2017,Financial Services,0.1822787441999058,0.5707921249876851,-0.0006671917563533,,0.0213614188746349,-0.1817718568018707,0
FIVESTAR,2015,Financial Services,0.1807360621887525,0.5318231507348475,-0.0006671917563533,,0.0213614188746349,-0.1817718568018707,0
GRAVITA,2018,Metals & Mining,0.094837227271803,0.4728034323593403,0.0064502394322089,,0.02556926581353005,-0.18180730959647645,0
TORNTPOWER,2024,Power,-0.1135053306567525,0.3490297394534614,-0.0038617930525736,0.1710363142330499,0.02714301304713805,-0.18181412787616996,0
PERSISTENT,2017,Information Technology,0.006448822640249,0.0011647275950516,-0.0050342367827565,,0.0142750165362883,-0.18185804120168725,0
AFFLE,2019,Information Technology,0.0065082775180083,0.0568684443321117,-0.0050342367827565,,0.0142750165362883,-0.18185804120168725,0
CIEINDIA,2018,Automobile and Auto Components,-0.0247406883545497,0.1901697312588401,0.0305639118938497,,0.0091703331938402,-0.1818766221115959,0
CRAFTSMAN,2023,Automobile and Auto Components,-0.0943778370880968,0.3258001639206456,0.0268783834377647,,0.0091703331938402,-0.1819158380736855,0
SHYAMMETL,2022,Capital Goods,0.0193874910682704,0.0644556333397428,-0.0824081580077309,,0.0147344734730676,-0.18193950351814847,0
BLS,2020,Consumer Services,-0.1351760293240133,0.001875372943483,-0.077033243683915,,0.0123079908665588,-0.18199939644786106,0
COFORGE,2019,Information Technology,-0.0174318077560958,0.0047990401919616,-0.003774674703439,,0.0142750165362883,-0.18204237769063797,0
JUBLFOOD,2021,Consumer Services,-0.137775866325791,0.430071387422115,-0.0655115544543261,,0.0123079908665588,-0.18207018484595272,0
MPHASIS,2020,Information Technology,-0.0155816457412494,0.0653655645400279,-0.0082731593395258,,0.0142750165362883,-0.18208834229895232,0
TATATECH,2024,Information Technology,-0.0225318733955742,0.0461411320971188,-0.0029525873827215,0.1776404682020373,0.0142750165362883,-0.1821071802172956,0
ZYDUSLIFE,2019,Healthcare,0.0244029478106651,0.3400399469669576,0.0360058023810563,,0.018909635366554302,-0.182198585007036,0
NETWEB,2019,Information Technology,-0.0074847350797715,0.221587551703762,-0.0050342367827565,,0.0142750165362883,-0.18221603713488316,0
TATATECH,2019,Information Technology,-0.0072322927822511,,-0.0050342367827565,,0.0142750165362883,-0.18221603713488316,0
OFSS,2020,Information Technology,-0.0075252810301049,0.0144798528277253,-0.0050342367827565,,0.0142750165362883,-0.18221603713488316,0
BAJFINANCE,2017,Financial Services,0.1926130828075909,0.7727780618733476,-0.0006671917563533,,0.0213614188746349,-0.1823153810651671,0
CANFINHOME,2017,Financial Services,0.1936798689242158,0.8873888890549927,-0.0006671917563533,,0.0213614188746349,-0.1823153810651671,0
MOTHERSON,2023,Automobile and Auto Components,-0.0513190934289907,0.2248866786238382,-0.0286718294945131,,0.0091703331938402,-0.1823344405846356,0
APOLLOHOSP,2021,Healthcare,-0.0978089118297692,0.3651638049088802,0.0466534229373686,,0.018909635366554302,-0.18234579832273617,0
JMFINANCIL,2022,Financial Services,0.1549482880902834,0.5260055959534554,-0.0046257579976879,,0.0213614188746349,-0.18237292173770547,0
INDUSINDBK,2018,Financial Services,0.1096728938944386,0.8569695098692051,0.0227909852800505,,0.0213614188746349,-0.18237749619969884,0
JMFINANCIL,2023,Financial Services,0.1042707955713615,0.5456366587146159,0.0196310627611604,,0.0213614188746349,-0.1823958853117561,0
DMART,2020,Consumer Services,0.0017339949122899,0.0275907242037203,-0.0723521778018466,,0.0123079908665588,-0.18240651626142634,0
TBOTEK,2022,Consumer Services,-0.1294143556023973,0.0498655047112677,0.0352344062507439,,0.0123079908665588,-0.18242445355716502,0
CIEINDIA,2024,Automobile and Auto Components,-0.071379480835472,0.0584670429204184,-0.0292451317041424,0.1417426953245337,0.0091703331938402,-0.18244893047745936,0
CGPOWER,2024,Capital Goods,-0.1399528548419784,0.0031003452333969,-0.0004192729426567,0.1315906633594098,0.0147344734730676,-0.18253974426425945,0
IKS,2021,Information Technology,-0.0163587309176599,0.129828216249445,-0.0050342367827565,,0.0142750165362883,-0.18254402385618257,0
ZENSARTECH,2017,Information Technology,-0.0330202119980243,0.0636658941529577,-0.0050342367827565,,0.0142750165362883,-0.182553829283694,0
LTM,2017,Information Technology,-0.0450275054897787,,-0.0050342367827565,,0.0142750165362883,-0.1825569391925756,0
SWANCORP,2018,Chemicals,-0.0028941199675312,0.3457847503015498,-0.0984702879043942,,0.02157821562095625,-0.18257945808513726,0
JBMA,2021,Automobile and Auto Components,-0.0676312425170965,0.3429817975202419,0.0307054795694308,,0.0091703331938402,-0.18258178415744458,0
CAPLIPOINT,2025,Healthcare,-0.0836978038249918,0.0690867715136306,-0.0119103672348312,0.3494482008954069,0.0143211286452258,-0.18260302065834522,0
CANFINHOME,2022,Financial Services,0.1570056200985172,0.8820273150028539,0.0080068726129372,,0.0213614188746349,-0.182622207271241,0
DCMSHRIRAM,2024,Diversified,-0.0460432763670437,0.1863268780775912,0.0270757966866571,0.1473174904434761,0.01061696811920515,-0.18263026670777155,0
CESC,2023,Power,-0.0168519795746116,0.378205388274096,-0.020818761797903,,0.02714301304713805,-0.18263902493081524,0
BRIGADE,2019,Realty,-0.0210465691221923,0.3505110251429185,-0.0835226302668646,,0.03750103869543505,-0.18264486473871322,0
JUBLINGREA,2024,Chemicals,-0.0764117418952909,0.1568580915711873,0.0611294595904106,0.1308610199002621,0.02157821562095625,-0.18271613153349486,0
ACE,2024,Capital Goods,-0.1483629991699714,0.0020566263949091,-0.0026003803686899,0.1541406223217652,0.0147344734730676,-0.18272684485940527,0
CYIENT,2022,Information Technology,-0.0235590551181102,0.1203989501312335,-0.0086405170837129,,0.0142750165362883,-0.1827373204965948,0
TCS,2023,Information Technology,0.0012739834382153,0.0538153004010947,-0.0016614104501441,,0.0142750165362883,-0.18275262286526567,0
OFSS,2023,Information Technology,0.0052331619286373,0.0076106755626032,-0.0020943787701058,,0.0142750165362883,-0.18275262286526567,0
CYIENT,2017,Information Technology,-0.0243418737805072,0.0676198701340242,-0.0050342367827565,,0.0142750165362883,-0.18277226598157115,0
GRAPHITE,2018,Capital Goods,0.0730099762521241,0.0729536889617943,-0.0282941873051223,,0.0147344734730676,-0.18280094920300266,0
IRCTC,2023,Consumer Services,0.0381527880127732,0.0165384426430852,-0.0014446844736112998,,0.0123079908665588,-0.1828131159295902,0
PERSISTENT,2023,Information Technology,-0.0052378326522287,0.0990112023447119,-0.0076891722562365,,0.0142750165362883,-0.18293338301630835,0
KPIL,2026,Construction,-0.0441965176904114,0.1278844317665358,-0.0407911386242149,0.0876829947705747,0.0053973478366068,-0.1829424981089356,0
LENSKART,2020,Consumer Services,0.0368871818301493,0.0052928285464274,-0.0014446844736112998,,0.0123079908665588,-0.1829619104470953,0
NEWGEN,2020,Information Technology,-0.0198874727293604,0.0876564473533126,-0.004358259915472,,0.0142750165362883,-0.18299544797685402,0
JUBLFOOD,2023,Consumer Services,-0.1250359987588557,0.4744850087233121,0.0340321962122019,,0.0123079908665588,-0.18304428786916888,0
SUNPHARMA,2026,Healthcare,-0.0878575408275465,0.042684618733811,0.0169829779433435,0.2887388659257458,0.0162519821523366,-0.1831186585815437,0
POLYCAB,2020,Capital Goods,0.086354012528982,0.0263497847524905,-0.0220520417315277,,0.0147344734730676,-0.1831833450794192,0
SONATSOFTW,2017,Information Technology,-0.0235536741560837,0.0461054195993955,-0.0050342367827565,,0.0142750165362883,-0.18319207320510061,0
HEXT,2016,Information Technology,-0.0232888211927407,,-0.0050342367827565,,0.0142750165362883,-0.18319207320510061,0
WELSPUNLIV,2026,Textiles,-0.0975949825065143,0.2227378748397873,-0.0462709804408506,0.114858072939956,0.0247863134073151,-0.18321584933107582,0
HUDCO,2024,Financial Services,0.1179778840906789,0.7920578739517764,0.015157205340092,0.973422504646352,0.0213614188746349,-0.18321859595677598,0
PETRONET,2024,Oil Gas & Consumable Fuels,-0.1553664443988671,0.1177395693567907,-0.02884602629605,0.1019910263141967,0.02732774499087675,-0.18322275478899136,0
ERIS,2022,Healthcare,0.0125109498888165,0.0379191842052065,0.0341213755072163,,0.018909635366554302,-0.18329677305886072,0
SAMMAANCAP,2024,Financial Services,0.0022166812415112,0.6637508765095709,-0.0354729563709872,0.8072719338265925,0.0213614188746349,-0.18332542193546203,0
INFY,2020,Information Technology,-0.0044553376906318,0.0504684095860566,-0.0050342367827565,,0.0142750165362883,-0.1833878551107319,0
TATATECH,2020,Information Technology,-0.006144626075601,0.1003466797254545,-0.0050342367827565,,0.0142750165362883,-0.1833878551107319,0
MUTHOOTFIN,2018,Financial Services,0.0968757814407198,0.7095169901917867,0.0204610418445412,,0.0213614188746349,-0.1834771023141798,0
OFSS,2021,Information Technology,-0.0193374604572545,0.0085568109197467,-0.0059230419079785,,0.0142750165362883,-0.1834955926844879,0
SUPREMEIND,2022,Capital Goods,0.0997203690248145,0.0091435525744264,0.0003468573482741,,0.0147344734730676,-0.18351205325838643,0
KALYANKJIL,2026,Consumer Durables,-0.0467667536820642,0.2952863012534851,-0.032584675445499,0.0597340807805887,0.0075966063653667,-0.1835447226453119,0
LTF,2024,Financial Services,-0.0005768603063241,0.7459400680702951,-0.03557053765405,0.5910268988036842,0.0213614188746349,-0.18360285732968595,0
AARTIIND,2026,Chemicals,-0.0470518179008934,0.3734018133520999,0.0271748753522583,0.1600335148722245,0.0175162462022129,-0.1836260621176366,0
IPCALAB,2023,Healthcare,-0.03879107395922,0.1717840716421233,0.0660832844055176,,0.018909635366554302,-0.18368511970340545,0
OFSS,2019,Information Technology,0.0010263589874128,,-0.0050342367827565,,0.0142750165362883,-0.18369671393919396,0
SAGILITY,2022,Information Technology,0.0026990499780367,0.474741274939192,-0.0050342367827565,,0.0142750165362883,-0.18369671393919396,0
PHOENIXLTD,2022,Realty,-0.037910809179376,0.2778851286989836,-0.0788216663809469,,0.03750103869543505,-0.18373457374716506,0
RPOWER,2022,Power,-0.0918881241861845,0.4643296368761851,-0.0404694221573313,,0.02714301304713805,-0.1837899210533071,0
BAJAJHLDNG,2017,Financial Services,0.1898704599056274,,-0.0006671917563533,,0.0213614188746349,-0.18390377762895138,0
BANKBARODA,2025,Financial Services,-0.015817596051714,0.8768560980794448,-0.0066111673635087,0.6312586607555274,0.0294265207091784,-0.1839061976103779,0
ETERNAL,2021,Consumer Services,0.023565232377779,0.0605963118285747,-0.0516575574786563,,0.0123079908665588,-0.1840115466074062,0
FIRSTCRY,2026,Consumer Services,-0.0448508799626987,0.1803835824797395,-0.0006917066769425,0.0283254915180203,0.0106806466838614,-0.18401329553037576,0
HSCL,2021,Chemicals,0.031488474408673,0.261255096410837,0.0642147985673921,,0.02157821562095625,-0.18406720481877425,0
JSL,2026,Metals & Mining,-0.064925193214287,0.1844751037626558,0.0062345370341243,0.1178468135060034,0.0086026439060516,-0.18414648410342904,0
ALKEM,2021,Healthcare,0.0277899795646595,0.1481900747096601,-0.0142465551767009,,0.018909635366554302,-0.1841971719069394,0
TRENT,2019,Consumer Services,0.0296940705654301,0.1931169785364785,0.0255427232300818,,0.0123079908665588,-0.18422582692941564,0
EICHERMOT,2022,Automobile and Auto Components,0.0092665164379054,0.0066735523236614,-0.0083862645132481,,0.0091703331938402,-0.18426603483430554,0
ADANIENT,2018,Metals & Mining,-0.0387399490899265,0.3126776649161232,-0.1251521269386546,,0.02556926581353005,-0.1842985300193279,0
M&MFIN,2018,Financial Services,0.1650750364293359,0.7659806361776084,0.0023293302461235,,0.0213614188746349,-0.18430295625642507,0
ACMESOLAR,2023,Power,-0.105315233966412,0.749446658917397,0.0163890296637431,,0.02714301304713805,-0.184335886546381,0
EICHERMOT,2024,Automobile and Auto Components,-0.110456224992029,0.0181456907229161,0.0031224899544883,0.2415365002252107,0.0091703331938402,-0.18434124960861092,0
KPRMILL,2019,Textiles,0.0904349405126204,0.2879639780209433,0.0341622814122017,,0.0200266138250189,-0.18435458328660131,0
BHARATFORG,2018,Automobile and Auto Components,-0.0205397137550529,0.3264553557915036,-0.0269166470046424,,0.0091703331938402,-0.18437564435575116,0
NH,2021,Healthcare,-0.114636823260584,0.2971050216808507,-0.0311119673855917,,0.018909635366554302,-0.1844120234691784,0
FSL,2025,Services,-0.0748633943176676,0.3311870869442479,0.07382273539851,0.1648165430522128,0.0097022954895141,-0.1844653480477897,0
INOXWIND,2018,Capital Goods,-0.1115123889097661,0.2590470519909614,-0.0657353264329286,,0.0147344734730676,-0.18447095978525735,0
BRIGADE,2026,Realty,0.0128784600342998,0.2420965020137977,-0.0054093641382783,0.3233382636367711,0.0317901887338794,-0.18452109606216743,0
TIINDIA,2023,Automobile and Auto Components,-0.0419248347188392,0.0707685050083871,-0.0273703820650139,,0.0091703331938402,-0.18455001672693316,0
HSCL,2023,Chemicals,0.0440496775526627,0.2289539221123835,0.0590589646158,,0.02157821562095625,-0.18455032862781307,0
FIRSTCRY,2024,Consumer Services,0.0046826506972068,0.1952821064824933,0.0650329347789695,0.0496614203313523,0.0123079908665588,-0.18456019729370554,0
BOSCHLTD,2023,Automobile and Auto Components,0.0130320016243854,0.0032733828442743,-0.0014596765040048,,0.0091703331938402,-0.1845709908619294,0
NH,2020,Healthcare,-0.1118276827200154,0.3282169890664424,0.0201322598009116,,0.018909635366554302,-0.18458607468196492,0
MARUTI,2019,Automobile and Auto Components,0.0163861388460293,0.0024949701963616,0.0004899376975733,,0.0091703331938402,-0.18464276625394993,0
HBLENGINE,2021,Capital Goods,-0.1036322930538667,0.067492714183699,-0.0785001022731452,,0.0147344734730676,-0.18464668398574335,0
TEGA,2022,Capital Goods,0.0881837681704367,0.2095080202021928,-0.0166850501835121,,0.0147344734730676,-0.18466562426987881,0
MRF,2018,Automobile and Auto Components,-0.0777614329703086,0.1312581091889779,-0.0237668240919016,,0.0091703331938402,-0.1846898671418915,0
HDBFS,2023,Financial Services,0.1257660378478977,0.7832263317877316,-0.0145247244496579,,0.0213614188746349,-0.18472871170577965,0
COHANCE,2021,Healthcare,-0.0137066200058326,0.0970111294227756,-0.0617528647450776,,0.018909635366554302,-0.18474635227699027,0
APOLLOTYRE,2017,Automobile and Auto Components,0.01291455505081,0.2255960664863587,-0.0008662445049587,,0.0091703331938402,-0.18480306578614547,0
NEULANDLAB,2022,Healthcare,0.0024792372911983,0.1738574185574163,0.0362507035308838,,0.018909635366554302,-0.18480418711909724,0
JSWCEMENT,2022,Construction Materials,-0.0102726058061045,0.5012732304915929,0.0397599311911142,,0.02233657876759495,-0.18481448297101633,0
BATAINDIA,2024,Consumer Durables,-0.1177427636606801,0.4051902225831104,0.0242062572566399,0.217144287595642,0.006957110708254,-0.18491920768835418,0
NTPC,2020,Power,-0.0343764564595352,0.5312287165934751,0.0323911215410399,,0.02714301304713805,-0.1849474541525994,0
OBEROIRLTY,2020,Realty,0.0867784211368008,0.1356956452208033,-0.0072023039957467,,0.03750103869543505,-0.18498239344712508,0
CANFINHOME,2019,Financial Services,0.1405094319172599,0.901257322009302,0.0162327853575392,,0.0213614188746349,-0.18499090638935123,0
SWIGGY,2021,Consumer Services,-0.1514865648294576,0.0317929683613997,0.0116189446887278,,0.0123079908665588,-0.18502819189957154,0
PFC,2019,Financial Services,0.1433887187138199,0.8578701290787686,0.0136121716443189,,0.0213614188746349,-0.18508006243653574,0
CHALET,2022,Consumer Services,-0.0321949209292742,0.5816586375333428,0.0695508379358994,,0.0123079908665588,-0.18514834514701956,0
FINCABLES,2026,Capital Goods,0.0286067445307269,0.0027382130942094,-0.0004415964671709,0.1212925018006606,0.0119869128022276,-0.18517793128366372,0
NATCOPHARM,2022,Healthcare,0.0241725548531052,0.0813254780685443,0.0254812409183534,,0.018909635366554302,-0.1851911784967203,0
NCC,2025,Construction,-0.0294871556780298,0.0758835694486705,0.0217237370975628,0.0896084662170906,0.0050294744507084,-0.18520244692906956,0
KALYANKJIL,2024,Consumer Durables,-0.0860511182557285,0.350682219082474,-0.0502801675617275,0.0590869307744202,0.006957110708254,-0.18521242673863136,0
NYKAA,2021,Consumer Services,-0.0550178963700324,0.2557721553988663,-0.1113041821082481,,0.0123079908665588,-0.18524526022459625,0
TATACHEM,2026,Chemicals,-0.0329760500538489,0.2051643674034566,0.0178266190590857,0.1264394829612221,0.015539195237907,-0.1852980739137089,0
BLUEDART,2026,Services,-0.1748936840447314,0.2767001466009183,0.0017735884862725,0.157577878049369,0.0091954191721316,-0.18529973299790053,0
ADANIENSOL,2020,Power,-0.1182382094316488,0.6105515850821897,-0.0079355915226007,,0.02714301304713805,-0.1853136525249095,0
ICICIBANK,2020,Financial Services,-0.0508232301579164,0.7366891483879205,0.0169236836099176,,0.0213614188746349,-0.18537735318678644,0
FORCEMOT,2020,Automobile and Auto Components,-0.1158880435379068,0.0999744995948986,-0.000837212758503,,0.0091703331938402,-0.1853881868727077,0
JSWENERGY,2017,Power,-0.1135500156044487,0.505445706029094,-0.00866163884820365,,0.02714301304713805,-0.18539335342351715,0
EICHERMOT,2020,Automobile and Auto Components,0.0107086745726008,0.0200004498093129,0.0035990457310927,,0.0091703331938402,-0.18539713333438823,0
ACMESOLAR,2022,Power,-0.0827047403812311,0.7330576292536539,-0.0461744635748301,,0.02714301304713805,-0.18543409878077827,0
ADANIGREEN,2017,Power,-0.0120861959246223,0.7056211768984012,-0.00866163884820365,,0.02714301304713805,-0.18543917838203472,0
SOBHA,2023,Realty,-0.0831765489843077,0.1611708649883982,-0.0581721674697011,,0.03750103869543505,-0.1854514168104796,0
MARUTI,2024,Automobile and Auto Components,-0.1133888560771039,0.0010285844128699,-0.0114342050303202,0.1309581238407503,0.0091703331938402,-0.18545336520895828,0
CIEINDIA,2021,Automobile and Auto Components,-0.0670223815245504,0.1514062277253935,-0.0245536163500055,,0.0091703331938402,-0.18545613656407345,0
APOLLOTYRE,2022,Automobile and Auto Components,-0.0560239751964404,0.2611159678831771,-0.022947817877978,,0.0091703331938402,-0.18546460557789546,0
J&KBANK,2026,Financial Services,0.0082265134121677,0.8931713820974371,0.0022983664586422,0.6912005141678036,0.0108974046029497,-0.18555471248521394,0
PPLPHARMA,2023,Healthcare,-0.0468669707933511,0.3941118277314596,0.0666298621986525,,0.018909635366554302,-0.18563008105165135,0
ASAHIINDIA,2019,Automobile and Auto Components,-0.0633071958845037,0.4452970209813334,0.0268930104368927,,0.0091703331938402,-0.18568055091402969,0
NH,2023,Healthcare,-0.1146916362938806,0.2120132361404182,-0.018134409827393,,0.018909635366554302,-0.18577193915808787,0
AADHARHFC,2022,Financial Services,0.0940208813170714,0.7425527963142924,-0.018594081356736,,0.0213614188746349,-0.18585704591667512,0
BLUEDART,2024,Services,-0.2212488081134964,0.3100205148949695,-0.0375209366538787,0.1582533455933425,0.01447484218491725,-0.18588767956875335,0
INDIGO,2023,Services,-0.220276654551256,0.7581584665966534,-0.0441860482915382,,0.01447484218491725,-0.18591046997682042,0
APOLLOTYRE,2023,Automobile and Auto Components,-0.0399847953456456,0.2353470092136979,-0.0257689586694791,,0.0091703331938402,-0.18592238562597885,0
DELHIVERY,2025,Services,-0.0437489741476928,0.117846597154638,0.0157477620875552,0.0744316379024524,0.0228430200258731,-0.18597051352143174,0
GLAND,2023,Healthcare,0.0475155909286656,0.0005069757585838,-9.810770846783328e-05,,0.018909635366554302,-0.18603458497529557,0
FORTIS,2019,Healthcare,-0.0104832516972925,0.1750200680135887,-0.0564092885878192,,0.018909635366554302,-0.18604374740723373,0
HSCL,2018,Chemicals,-0.0043910655680035,0.2732145000351781,-0.0930998638784129,,0.02157821562095625,-0.18610370303179857,0
FIRSTCRY,2023,Consumer Services,-0.0060499780797895,0.1302491717035237,0.0569522827328195,,0.0123079908665588,-0.18613095475397468,0
ARE&M,2020,Automobile and Auto Components,-0.10314374850012,0.0167786577073834,0.0037817940376545,,0.0091703331938402,-0.18618927590238504,0
GAIL,2020,Oil Gas & Consumable Fuels,0.0143685531411867,0.0922349039378502,0.059736760312812,,0.02732774499087675,-0.18625033540778724,0
SUPREMEIND,2026,Capital Goods,-0.1211113947727293,0.0116537885717437,0.0010787462297206,0.1464311208907663,0.0156255656399575,-0.18628150661312226,0
AARTIIND,2020,Chemicals,-0.0893770232925384,0.3312972759573628,-0.0785874275390882,,0.02157821562095625,-0.1863898879385238,0
RPOWER,2026,Power,-0.0668316034426515,0.3587091533856317,-0.0083453088471754,0.287483642757831,0.0288432459782565,-0.18641642716513196,0
PGEL,2021,Consumer Durables,-0.0787677136847912,0.3186394510912664,0.040543419427898,,0.006957110708254,-0.18643393221416743,0
DIVISLAB,2025,Healthcare,-0.0632350333904615,0.0002363926481886,4.234348906833086e-05,0.3417818740399385,0.0151215855112724,-0.18649400259090737,0
MCX,2021,Financial Services,0.1636956495678338,0.000619378144343,-0.0006671917563533,,0.0213614188746349,-0.18652484123538882,0
TORNTPOWER,2021,Power,-0.0721533608174117,0.3324184259567189,-0.0450061414108984,,0.02714301304713805,-0.18659225924583578,0
IRFC,2017,Financial Services,0.1572622305208275,0.8206337341649181,-0.0006671917563533,,0.0213614188746349,-0.18659458592772216,0
JBMA,2018,Automobile and Auto Components,0.000857268311042,0.3991315802312533,0.0120924028960233,,0.0091703331938402,-0.1866944928453254,0
JUBLPHARMA,2019,Healthcare,-0.0483304119813127,0.4276391117205115,0.0608391070679569,,0.018909635366554302,-0.18674506442760047,0
CHOLAHLDNG,2021,Financial Services,0.1189836186782546,0.7199316914546384,-0.006687741023208,,0.0213614188746349,-0.18679566621754262,0
BLS,2024,Consumer Services,-0.1417842118287552,0.0189309576837416,0.0120236823024135,0.3082382762991128,0.0123079908665588,-0.18681731689503667,0
VIJAYA,2018,Healthcare,-0.1155291705817032,0.14136841206116,-0.0036016930944258,,0.018909635366554302,-0.18698989687385392,0
POWERINDIA,2022,Capital Goods,0.0936723157428743,0.0539178405621076,-0.0021900725510935,,0.0147344734730676,-0.18703545356930074,0
ABFRL,2023,Consumer Services,-0.0400366893791394,0.3914840139133749,0.055235733934171,,0.0123079908665588,-0.18707470692135503,0
TEGA,2021,Capital Goods,-0.0335188890429683,0.2261930703857049,-0.0993801378771248,,0.0147344734730676,-0.18709786847340554,0
EICHERMOT,2023,Automobile and Auto Components,0.0047547511048233,0.0150232007684277,0.0083496484447663,,0.0091703331938402,-0.18711103680598967,0
TBOTEK,2021,Consumer Services,-0.1470920040960133,0.0146310984605238,-0.0062011840111029,,0.0123079908665588,-0.18719072855572977,0
HEROMOTOCO,2022,Automobile and Auto Components,0.0094837753059716,0.0269223018196587,0.001635770636242,,0.0091703331938402,-0.18721752897965666,0
CRAFTSMAN,2019,Automobile and Auto Components,-0.1129392236207808,0.4236930261760292,0.0002294563764853,,0.0091703331938402,-0.18725976722492027,0
AJANTPHARM,2022,Healthcare,0.0377422169333729,0.0062574530691019,-0.0021531653366352,,0.018909635366554302,-0.1873721745587456,0
MINDACORP,2023,Automobile and Auto Components,-0.0320650649714873,0.2236764201801128,0.024735981552868,,0.0091703331938402,-0.18739406765003225,0
NATCOPHARM,2020,Healthcare,0.0094816687737041,0.0688565325428309,-0.0209159570576895,,0.018909635366554302,-0.1874255832133775,0
FEDERALBNK,2026,Financial Services,-0.0076925334410397,0.8622250801331475,-0.0154030573935979,0.6610694033514891,0.0145888678358633,-0.18743544909884047,0
BLUEDART,2025,Services,-0.1820457796852646,0.2749265581146458,-0.0350939567803237,0.1738317988317988,0.0110156299253099,-0.18745525316465955,0
KFINTECH,2023,Financial Services,-0.0220963988387994,0.1278280271586574,-0.0277238478230749,,0.0213614188746349,-0.18745988069730202,0
POLYMED,2022,Healthcare,0.0167340920810848,0.0920302433851673,-0.0202739413614679,,0.018909635366554302,-0.1874679902834731,0
FORCEMOT,2017,Automobile and Auto Components,-0.1115834831098207,0.0763130405395026,-0.0008662445049587,,0.0091703331938402,-0.18748508144815496,0
LODHA,2020,Realty,-0.0748159796483431,0.452740565769966,-0.0614703162508948,,0.03750103869543505,-0.18760362301332573,0
CUB,2026,Financial Services,-0.0043277773426066,0.8619970852692725,0.0156605320656625,0.7172983239210273,0.0239391811813428,-0.18764466353841003,0
CARTRADE,2021,Consumer Services,0.0297783645549618,0.0485217373224941,-0.0039810738677467,,0.0123079908665588,-0.18771979308164544,0
DEVYANI,2023,Consumer Services,-0.1246055831340313,0.5241507057633431,-0.0301977448649357,,0.0123079908665588,-0.18777522921269796,0
DATAPATTNS,2021,Capital Goods,0.0019172245891661,0.1131162507608034,-0.0919555260539311,,0.0147344734730676,-0.18779180769910525,0
ABREL,2021,Realty,-0.0891660080645763,0.1566467019348708,-0.0507948800459842,,0.03750103869543505,-0.18785093070945968,0
IIFL,2019,Financial Services,0.0112097707322092,0.7977725469525729,0.0263098723806464,,0.0213614188746349,-0.18791917097062077,0
BANDHANBNK,2021,Financial Services,0.0270800160464379,0.8253845676321367,0.0244421115331026,,0.0213614188746349,-0.1879559100883293,0
AEGISLOG,2023,Oil Gas & Consumable Fuels,0.0147878228912782,0.2721460166663602,0.0612687900233905,,0.02732774499087675,-0.18796566392903702,0
ARE&M,2024,Automobile and Auto Components,-0.1078034237739052,0.0174564341147452,-0.0078350110084084,0.1239980809602532,0.0091703331938402,-0.18796673229273442,0
JUBLFOOD,2018,Consumer Services,-0.1421622993973569,,-0.0014446844736112998,,0.0123079908665588,-0.18802112378740238,0
RAINBOW,2020,Healthcare,-0.1125549623115578,0.4918734296482412,-0.0222081126827424,,0.018909635366554302,-0.18803927458439113,0
YESBANK,2024,Financial Services,-0.0222097046337184,0.8532725106496912,0.0223807921327923,0.6210111068556109,0.0213614188746349,-0.18806713577995698,0
LODHA,2023,Realty,-0.0578528029201185,0.2315926966363936,-0.0688069961079462,,0.03750103869543505,-0.1880844639080118,0
IPCALAB,2019,Healthcare,-0.0123548253067272,0.1022130965544986,-0.0502716199846843,,0.018909635366554302,-0.1880920383524583,0
PAGEIND,2021,Textiles,-0.2090218663780171,0.0747351268038144,-0.0418458347676953,,0.0200266138250189,-0.18812680959902633,0
AARTIIND,2024,Chemicals,-0.1150331630610261,0.3581422754140563,0.019330495763903,0.1253391209983722,0.02157821562095625,-0.18812752227913482,0
APTUS,2026,Financial Services,0.0574968998272487,0.6057614928653874,-0.005537036673249,0.8194206133702044,0.0174197437057045,-0.18817615360922546,0
RECLTD,2025,Financial Services,0.0701649985322257,0.8084613678042261,-0.0043345862489491,0.9565107620184068,0.0177404397452417,-0.18819715520182867,0
CEATLTD,2023,Automobile and Auto Components,-0.1058862148057042,0.238451741847555,-0.0048868974290897,,0.0091703331938402,-0.18824865114380696,0
BEL,2017,Capital Goods,0.0900313870056433,0.0036125738935569,-0.0021900725510935,,0.0147344734730676,-0.1882595777915777,0
HBLENGINE,2024,Capital Goods,-0.124333474396953,0.0407835076476633,-0.0256827762828259,0.2076526988636363,0.0147344734730676,-0.1882713231927161,0
AUROPHARMA,2018,Healthcare,0.022378217420868,0.2277659887385494,0.0201045640083622,,0.018909635366554302,-0.1883133795350107,0
JKTYRE,2020,Automobile and Auto Components,-0.0969024117917747,0.4948355693804824,-0.0160883782910573,,0.0091703331938402,-0.18832009648715314,0
BERGEPAINT,2019,Consumer Durables,-0.0255756945313134,0.1652390890716246,0.0581613621620587,,0.006957110708254,-0.18836137702343397,0
CRISIL,2022,Financial Services,0.0381667255386789,0.0294807488519957,-0.0232935565232833,,0.0213614188746349,-0.18836568652500263,0
SCHNEIDER,2024,Capital Goods,-0.04987543786436,0.3638352491875007,-0.0922648658533535,0.1635207652823145,0.0147344734730676,-0.18839065478937583,0
LICHSGFIN,2025,Financial Services,0.0585189829652536,0.8621349523763938,-0.0050954301967721,0.9341742253505492,0.0168543258823884,-0.18839156530639906,0
NATCOPHARM,2019,Healthcare,-0.0056703306918268,0.0897724896005205,0.0431519410284767,,0.018909635366554302,-0.18840928203995677,0
FACT,2023,Chemicals,-0.1105446603267051,0.3352086272011648,-0.0496007041497449,0.0392133633455751,0.02157821562095625,-0.18842604446550693,0
SJVN,2021,Power,-0.0192825294319972,0.1243970096140804,-0.015890960822977,,0.02714301304713805,-0.1884315631862089,0
RRKABEL,2022,Capital Goods,0.0564555455857683,0.2597189170210276,-0.0359122669846629,,0.0147344734730676,-0.1884567353733514,0
JSWDULUX,2024,Consumer Durables,-0.129790970763456,0.0207996143117875,-0.0046337007766999,0.1588767253688719,0.006957110708254,-0.18846708427442543,0
HEROMOTOCO,2023,Automobile and Auto Components,0.0082000148011688,0.0237295349798867,-0.003192766839772,,0.0091703331938402,-0.18847007553838185,0
SHYAMMETL,2024,Capital Goods,-0.1109323999282993,0.0414717248029969,-0.0595811500766917,0.1213331310049597,0.0147344734730676,-0.1884750140380635,0
VEDL,2024,Metals & Mining,-0.1706747892280377,0.4662286437236203,0.0422282214597581,0.293793588466272,0.02556926581353005,-0.18847608382526582,0
BIOCON,2021,Healthcare,-0.0226717144402379,0.2423526230394808,0.0539732696330703,,0.018909635366554302,-0.18851877988981663,0
CIEINDIA,2019,Automobile and Auto Components,-0.0786550971072208,0.1715697151599378,-0.0186000160989023,,0.0091703331938402,-0.18868277885833162,0
EXIDEIND,2024,Automobile and Auto Components,-0.0758344890361135,0.0618690813278652,0.0219988042301509,0.1057131191619032,0.0091703331938402,-0.18875233020049154,0
TMPV,2018,Automobile and Auto Components,-0.0454427939379044,0.2718603194866033,-0.0165096129619414,,0.0091703331938402,-0.18876563736790675,0
CEATLTD,2018,Automobile and Auto Components,-0.0844098056132005,0.1693733920923978,-0.0185483641218329,,0.0091703331938402,-0.18877253741926014,0
COROMANDEL,2020,Chemicals,-0.0785247867475566,0.1989492322714969,-0.0804618092343968,,0.02157821562095625,-0.1887866718890706,0
TORNTPOWER,2020,Power,-0.1032174478184719,0.3774245673676174,-0.018296980936753,,0.02714301304713805,-0.18885676506910654,0
HBLENGINE,2020,Capital Goods,-0.1111635163080941,0.1459928164568443,-0.0539709987941658,,0.0147344734730676,-0.18885888577336407,0
GLAXO,2023,Healthcare,0.0380150184273337,0.0046714643868477,0.0003375921972278,,0.018909635366554302,-0.18892958197786358,0
PGEL,2026,Consumer Durables,0.0010676521572458,0.1002970931278509,0.0253056823148453,0.0728627898287085,0.0076901664248841,-0.18897003208970126,0
MSUMI,2025,Automobile and Auto Components,-0.0577558463848959,0.0721948079811199,-0.010350032568117,0.0908602839557059,0.0087842423213549,-0.18905834476360284,0
ELGIEQUIP,2023,Capital Goods,0.0826506286530246,0.2326601078612889,0.0101871882806908,,0.0147344734730676,-0.18906729734979116,0
ELGIEQUIP,2022,Capital Goods,0.0560853097019877,0.222472919580598,-0.040878245529566,,0.0147344734730676,-0.18916841959864789,0
IFCI,2021,Financial Services,-0.0738544066721272,0.542190872966767,-0.0178364012190183,,0.0213614188746349,-0.18918985590113285,0
CHALET,2024,Consumer Services,-0.1026115851231373,0.5201000328827815,-0.0554409577347355,0.4471482557504532,0.0123079908665588,-0.1892044880527548,0
BAJAJFINSV,2024,Financial Services,0.1260348564054224,0.5376339416116933,0.0140415196365706,0.3861573363052836,0.0213614188746349,-0.18922589568047737,0
PARADEEP,2024,Chemicals,-0.1270473816700341,0.4154497615183332,-0.0206879883174554,0.0878035093345091,0.02157821562095625,-0.18933404928726022,0
AUROPHARMA,2023,Healthcare,-0.0116250342359473,0.1338102824788395,0.0490478267586439,,0.018909635366554302,-0.18940918167562054,0
NUVAMA,2020,Financial Services,0.1507809171410256,0.247056926921202,-0.0006671917563533,,0.0213614188746349,-0.1894260172090515,0
IIFL,2017,Financial Services,0.1485612849030292,0.7206735764800946,-0.0006671917563533,,0.0213614188746349,-0.1894260172090515,0
UTIAMC,2025,Financial Services,-0.0734093146307885,0.025169614785779,-0.0006671917563533,0.5845918821186162,0.0191582929039742,-0.18943052116229858,0
GLAXO,2017,Healthcare,0.0341030148077127,0.0005326515393629,-0.0036016930944258,,0.018909635366554302,-0.18949673582023868,0
APOLLOHOSP,2020,Healthcare,-0.0742328679753384,0.3185103819715116,-0.0822358622598241,,0.018909635366554302,-0.18953258275930213,0
HSCL,2024,Chemicals,-0.0590497640931579,0.1359830425801172,-0.0929708795322662,0.1936247435695124,0.02157821562095625,-0.1896057361409662,0
ZFCVINDIA,2023,Automobile and Auto Components,0.006355918183683,,-0.0008662445049587,,0.0091703331938402,-0.18962147218025344,0
JINDALSAW,2023,Capital Goods,-0.054347631584245,0.2774274108586779,-0.0893620622493872,,0.0147344734730676,-0.18964489992741151,0
HDFCBANK,2018,Financial Services,0.0011744527217921,0.8564440397217815,0.0254307118595809,,0.0213614188746349,-0.1896523931994743,0
BAJAJ-AUTO,2018,Automobile and Auto Components,-0.0043311721888548,0.0048037070920011,-0.000737567780189,,0.0091703331938402,-0.1896654994108149,0
PPLPHARMA,2024,Healthcare,-0.0663584533997054,0.3122903631528453,-0.0818214645786142,0.1532242698097286,0.018909635366554302,-0.18967665960427066,0
AJANTPHARM,2021,Healthcare,0.0208012615927608,0.0084106184057372,-0.0143508146900423,,0.018909635366554302,-0.18971954830358956,0
TATASTEEL,2021,Metals & Mining,-0.1510253057705615,0.3628457377928236,-0.104056172195861,,0.02556926581353005,-0.18972601188002802,0
CENTRALBK,2018,Financial Services,0.1198622425605383,0.920668470061444,0.0036168159759861,,0.0213614188746349,-0.18973991930791684,0
JINDALSAW,2019,Capital Goods,-0.0485175019805202,0.3850963402151477,-0.0931566221211063,,0.0147344734730676,-0.18976501752614106,0
DIXON,2022,Consumer Durables,-0.0193048207108906,0.155920854209676,0.0524193817920295,,0.006957110708254,-0.18982754613291192,0
IIFL,2021,Financial Services,0.1068920653179698,0.8012199599133545,-0.0132488942187046,,0.0213614188746349,-0.18983381123589355,0
MAHABANK,2026,Financial Services,0.0312520330307953,0.9024506178062583,0.0063644803413127,0.6861070488446914,0.0243910674766699,-0.18987449045867122,0
MRF,2023,Automobile and Auto Components,-0.0815177716653788,0.1236636422465706,-0.0163617873549773,,0.0091703331938402,-0.18988494388698962,0
ZFCVINDIA,2022,Automobile and Auto Components,0.0014449990139114,,-0.0008662445049587,,0.0091703331938402,-0.18991847984494054,0
SHRIRAMFIN,2024,Financial Services,0.1383526874447618,0.7874462360805513,0.0076573660233754,0.7164841923630929,0.0213614188746349,-0.18993516383257625,0
TRENT,2023,Consumer Services,-0.0185917765571618,0.5523879760391907,-0.0592283542317637,,0.0123079908665588,-0.18996119111951743,0
APOLLOTYRE,2019,Automobile and Auto Components,-0.0194175046362716,0.2536245297354112,0.0212371188347433,,0.0091703331938402,-0.18998197777746711,0
IOC,2019,Oil Gas & Consumable Fuels,0.013806492562332,0.2885386324189904,0.0666422325141165,,0.02732774499087675,-0.18999198716071652,0
AAVAS,2021,Financial Services,0.1294673103217345,0.7118586935290343,0.0089529977174728,0.7167668865666414,0.0213614188746349,-0.18999554980411354,0
RPOWER,2021,Power,-0.0771927675706054,0.5047990590335165,-0.0351698965350782,,0.02714301304713805,-0.18999760564133816,0
USHAMART,2022,Capital Goods,0.0486020056110228,0.1506735424892137,-0.0544906058677537,,0.0147344734730676,-0.19001588840027195,0
GLENMARK,2017,Healthcare,0.0383649584405118,0.4015391206627756,-0.0036016930944258,,0.018909635366554302,-0.19003653485184868,0
CONCORDBIO,2024,Healthcare,-0.1114534517936626,0.0057270198916922,-0.0151119552666641,0.4011137498976332,0.018909635366554302,-0.19004241982506415,0
MRF,2019,Automobile and Auto Components,-0.0066291781445892,0.1359081838492072,0.0046500746602292,,0.0091703331938402,-0.19004393382843565,0
FINCABLES,2021,Capital Goods,0.0893256504026332,0.0017242843576526,-0.0006063484942905,,0.0147344734730676,-0.1901165523950284,0
AADHARHFC,2024,Financial Services,0.1461000478193987,0.7311507505236304,-0.0002089335705323,0.7660385401386642,0.0213614188746349,-0.19011674297598452,0
EICHERMOT,2017,Automobile and Auto Components,-0.0058338612200174,0.0159578717891649,-0.0008662445049587,,0.0091703331938402,-0.19018703762585676,0
NATIONALUM,2025,Metals & Mining,-0.1840280812650553,0.007942432008167,0.0029317821677457,0.4594024455976072,0.0256507079267175,-0.19020609303953956,0
GICRE,2025,Financial Services,-0.0012863025693961,,-0.0006671917563533,0.1879387891603686,0.0104972729241765,-0.19023205051305314,0
RECLTD,2026,Financial Services,-0.0027787046322939,0.8049318918142084,-0.0035294759900176,0.9690403549171038,0.012544388152282,-0.1902396879528303,0
CEATLTD,2017,Automobile and Auto Components,0.005387497101856,0.1879217562142308,-0.0008662445049587,,0.0091703331938402,-0.19028623365896968,0
KEC,2022,Construction,0.0377832331265795,0.1880363014534939,0.0403992771647737,,0.00811929390513665,-0.1902870782608415,0
LEMONTREE,2018,Consumer Services,-0.0408147491233351,0.4113002302516496,0.0501953987615105,,0.0123079908665588,-0.19029563410699196,0
JSWDULUX,2022,Consumer Durables,0.0650949220558728,0.0272032721098935,0.0019473533715037,,0.006957110708254,-0.1902980505135049,0
EXIDEIND,2023,Automobile and Auto Components,0.0036902994455064,0.0398702770977143,0.0025019359252125,,0.0091703331938402,-0.19033053285634804,0
SCHAEFFLER,2023,Automobile and Auto Components,0.0023234623418776,0.0081544591806284,-0.001865237958397,,0.0091703331938402,-0.1903482970509079,0
ABCAPITAL,2020,Financial Services,-0.0295207502808972,0.4930087742132124,-0.0215085470746811,,0.0213614188746349,-0.19038367849146048,0
JSWCEMENT,2023,Construction Materials,-0.0509445615198225,0.556552340586745,0.055279110095152,,0.02233657876759495,-0.19039103801497315,0
BHARATFORG,2021,Automobile and Auto Components,-0.0875932263479569,0.4027164291548522,0.0134822781657749,,0.0091703331938402,-0.190471636857521,0
MUTHOOTFIN,2023,Financial Services,0.0800708766094834,0.696383403572258,-0.0188029867512852,,0.0213614188746349,-0.19049637234690414,0
ANTHEM,2024,Healthcare,-0.0065968341867796,0.0994612446416359,0.0368386925802792,0.3204234547317249,0.018909635366554302,-0.19055840853046685,0
DCMSHRIRAM,2022,Diversified,-0.0167579579220601,0.1683448461354554,-0.0268740727938719,,0.01061696811920515,-0.19059658461841023,0
BHARATFORG,2024,Automobile and Auto Components,-0.0756695049768165,0.4142801664933446,0.0132175747038624,0.1792061688078146,0.0091703331938402,-0.19061242983446414,0
NHPC,2019,Power,-0.0184104937716607,0.2856996646970465,-0.0098871033454953,,0.02714301304713805,-0.19062374665277465,0
CHOLAFIN,2021,Financial Services,0.1388294811007318,0.8537840066791561,-0.0048925630374055,,0.0213614188746349,-0.1906293373159731,0
WHIRLPOOL,2026,Consumer Durables,-0.0265923944606676,0.0488999588285495,0.0066028842386245,0.0510167782158247,0.0060697828123155,-0.19069468844212717,0
BALKRISIND,2019,Automobile and Auto Components,-0.0072171520031609,0.1344557270323707,-0.0131181092205022,,0.0091703331938402,-0.1906962897377094,0
CANFINHOME,2018,Financial Services,0.1465021523211437,0.8850245366517626,-0.00236435240323,,0.0213614188746349,-0.19072277564286744,0
MUTHOOTFIN,2022,Financial Services,0.0735659568310964,0.7151863903235433,-0.019425473598673,,0.0213614188746349,-0.1907241039386643,0
SUNDARMFIN,2023,Financial Services,0.1396688592326286,0.7613598367211554,0.0063640450916697,,0.0213614188746349,-0.19077166631625553,0
LGEINDIA,2022,Consumer Durables,0.0612364280307413,,-0.00093218661901025,,0.006957110708254,-0.19085110923705523,0
JUBLINGREA,2026,Chemicals,-0.0765057994120142,0.144767730989191,-0.007527727544204,0.1531066624624116,0.0167360648580809,-0.19085398730535363,0
LALPATHLAB,2023,Healthcare,-0.0911517573091806,0.1760666828953001,-0.0512640579987926,,0.018909635366554302,-0.19094475259549432,0
ABBOTINDIA,2023,Healthcare,0.0122971961426931,0.0248424435463866,-0.0110679946040446,,0.018909635366554302,-0.19096404641310222,0
ETERNAL,2022,Consumer Services,-0.0297627979454031,0.0040572516881168,-0.0565390601404579,,0.0123079908665588,-0.19097607597310273,0
GODIGIT,2024,Financial Services,-0.0944632321939799,0.0206386786528249,-0.0006671917563533,0.0486172107799275,0.0213614188746349,-0.19106520591185394,0
IRCON,2024,Construction,0.0094624444552676,0.1472827130181668,0.0504375563701347,0.0504925637041402,0.00811929390513665,-0.19109583241939604,0
GRANULES,2022,Healthcare,0.0178875015792868,0.245218362728387,0.0164860184380091,,0.018909635366554302,-0.19110835847963153,0
CHOLAFIN,2022,Financial Services,0.0936593660154104,0.8386900123584426,-0.0150939943207134,,0.0213614188746349,-0.19112045009008216,0
JBMA,2019,Automobile and Auto Components,-0.0268852851295907,0.3893555607623396,-0.0097760194689137,,0.0091703331938402,-0.19121817079669434,0
EICHERMOT,2025,Automobile and Auto Components,-0.0941808856199638,0.0168588756848814,-0.0012868150380346,0.2546139704679721,0.0092471678894218,-0.19123081130855185,0
HDFCBANK,2019,Financial Services,0.0659062451077819,0.8355744808707567,-0.0208695588510248,,0.0213614188746349,-0.19127221753252494,0
INDIAMART,2021,Consumer Services,-0.0170140077882984,0.0252522437148113,-0.0428820122049699,,0.0123079908665588,-0.1912914184264155,0
INDHOTEL,2024,Consumer Services,-0.0918198218743509,0.1857158758794631,-0.0465961954287923,0.3796529875051814,0.0123079908665588,-0.19135647307048687,0
CPPLUS,2022,Capital Goods,0.0439608395293497,0.1563866314255366,-0.0525779342155108,,0.0147344734730676,-0.19138863701495024,0
IOB,2025,Financial Services,-0.0030906741658432,0.8954215499987334,-0.0040846672666361,0.5802598750182014,0.0133553975534575,-0.19144663181502042,0
IRCTC,2025,Consumer Services,-0.064572679929465,0.0132069117151777,0.0032991271680382,0.3211104748632258,0.0134640749537083,-0.19147834247849033,0
BANKINDIA,2022,Financial Services,0.0524530497899118,0.8838307024418284,-0.0189734632040767,,0.0213614188746349,-0.19148637305591226,0
MOTHERSON,2022,Automobile and Auto Components,-0.0285129276311067,0.2535585081183513,0.0037171511808849,,0.0091703331938402,-0.1915030043819071,0
FIRSTCRY,2018,Consumer Services,0.0239068369646881,2.49045830202855,-0.0014446844736112998,,0.0123079908665588,-0.1915052628841074,0
ABFRL,2022,Consumer Services,-0.0868604351755118,0.3362482799792039,-0.0219861928415773,,0.0123079908665588,-0.19150546558229098,0
DLF,2025,Realty,-0.0588829951922234,0.05991801076054,-0.0219162124088994,0.1929839324430012,0.0485556428435464,-0.19155115875349488,0
JSWENERGY,2019,Power,-0.0692819739814117,0.4071143805773953,-0.0376029252948179,,0.02714301304713805,-0.1915997816421081,0
ARE&M,2023,Automobile and Auto Components,-0.0268590499661482,0.0252914451231536,0.0055474009582252,,0.0091703331938402,-0.19162391359921843,0
HEROMOTOCO,2020,Automobile and Auto Components,-0.0955582652699721,0.023037937752585,0.0062040672485524,,0.0091703331938402,-0.19162580640492233,0
IOC,2024,Oil Gas & Consumable Fuels,-0.1430154662615974,0.274771615070681,-0.0622841480725285,0.0390315692400088,0.02732774499087675,-0.19167424074225048,0
AMBUJACEM,2018,Construction Materials,0.0126766646831101,0.0010612250356037,0.0003819648321973,,0.02233657876759495,-0.19169852763199485,0
CIEINDIA,2023,Automobile and Auto Components,-0.0264658172504096,0.0877121746245608,-0.0115363943903528,,0.0091703331938402,-0.19171464065006938,0
JUBLFOOD,2020,Consumer Services,-0.1328856431515568,0.4955829418764411,-0.0014446844736112998,,0.0123079908665588,-0.19174200903572253,0
BDL,2021,Capital Goods,-0.1343743988112217,0.0018723920845412,-0.0006511739525383,,0.0147344734730676,-0.19177387630701342,0
DEEPAKFERT,2023,Chemicals,0.0627744345826755,0.3238606067132992,0.0200787726455718,,0.02157821562095625,-0.19180397894422985,0
USHAMART,2017,Capital Goods,-0.1351283533750076,0.5643926900596141,-0.0021900725510935,,0.0147344734730676,-0.19182363481743187,0
MMTC,2022,Services,-0.0539136470160283,0.5489663188659089,0.1065344700425922,,0.01447484218491725,-0.19182567922188637,0
IREDA,2021,Financial Services,0.117279710194204,0.792252039141212,0.0019560210074975,,0.0213614188746349,-0.1918409394883352,0
BLS,2022,Consumer Services,-0.1169374575655661,0.0176211453744493,0.0161555762116306,,0.0123079908665588,-0.19184748300554771,0
INDIAMART,2024,Consumer Services,-0.1270577250412487,0.0117932256371444,-0.0015431675235603,0.3505503810330229,0.0123079908665588,-0.19186040421486372,0
ZEEL,2020,Media Entertainment & Publication,0.0222748357170467,0.0523128462826955,-0.0338620551322893,,0.035357351082854704,-0.19186685602643594,0
NATCOPHARM,2023,Healthcare,-0.0236504401315091,0.0294658323611553,-0.051859645707389,,0.018909635366554302,-0.1918742303799016,0
JKTYRE,2022,Automobile and Auto Components,-0.011186006103252,0.4292817947606764,-0.0095213977983065,,0.0091703331938402,-0.19189216211065746,0
GPIL,2020,Capital Goods,-0.1103116472784719,0.4873560247019963,-0.0496707275216594,,0.0147344734730676,-0.19190884848739403,0
ABFRL,2024,Consumer Services,-0.0639139547295849,0.4337416631827149,0.04225764926934,0.1330231036300511,0.0123079908665588,-0.191913551801898,0
MANAPPURAM,2023,Financial Services,0.1164237764507154,0.7383195124155373,0.0042743317309558,,0.0213614188746349,-0.19192093863928383,0
VIJAYA,2021,Healthcare,-0.0834380311876431,0.2606052767718572,-0.073723390931616,,0.018909635366554302,-0.19192318727643137,0
SUNPHARMA,2021,Healthcare,-0.0483058675092299,0.0572087103913476,-0.0647205060008679,,0.018909635366554302,-0.19194136751225893,0
MCX,2022,Financial Services,-0.0885007891335242,0.0003070836338706,-0.0003122945104724,,0.0213614188746349,-0.19198876061063808,0
ENDURANCE,2018,Automobile and Auto Components,-0.0809553986012374,0.1875954880114297,-0.010093703718429,,0.0091703331938402,-0.19211715166689136,0
TRAVELFOOD,2021,Consumer Services,-0.1111425428257111,0.0412226936979412,0.0120707752496897,,0.0123079908665588,-0.19212954388454695,0
MOTHERSON,2024,Automobile and Auto Components,-0.0794778433268628,0.2366645362554022,0.011777857631564,0.0970797284167669,0.0091703331938402,-0.1921511484721466,0
360ONE,2024,Financial Services,0.0493954093987439,0.6266841599644312,0.0204965275443255,0.5690384615384616,0.0213614188746349,-0.1921548880502148,0
ELECON,2024,Capital Goods,-0.1211777229308363,0.0331876330614013,0.0033705359217153,0.2695834672616234,0.0147344734730676,-0.19218222019169745,0
DMART,2019,Consumer Services,0.0136606951680822,0.099942902005567,0.0221750388557605,,0.0123079908665588,-0.19219464363245164,0
TEGA,2024,Capital Goods,-0.1049920151102763,0.163417002244258,-0.0580728125876053,0.2231289857551249,0.0147344734730676,-0.19221203659444436,0
ASIANPAINT,2025,Consumer Durables,-0.1108239925548299,0.0754495515602737,-0.0073035012875291,0.2008521464934104,0.0066533078409718,-0.19222499699009454,0
JUBLFOOD,2022,Consumer Services,-0.1065820100508818,0.4404528125111101,0.0103814250889951,,0.0123079908665588,-0.19224835463674328,0
INDGN,2022,Healthcare,-0.097733972677636,0.0485788380976305,-0.0376234302065101,,0.018909635366554302,-0.1922582880217627,0
ADANIGREEN,2021,Power,-0.0484804126585807,0.8437543566150844,0.0368177521860787,,0.02714301304713805,-0.1922589647097923,0
UNOMINDA,2024,Automobile and Auto Components,-0.0755574127267263,0.1726423847157061,0.0038651457531182,0.1092234924079646,0.0091703331938402,-0.19226488307568312,0
HEG,2023,Capital Goods,0.07362841622218,0.1304594550910407,0.0052359695646133,,0.0147344734730676,-0.19230281583089637,0
ITI,2025,Telecommunication,0.0105289459853008,0.1417645318697351,-0.0451029080124151,0.0492179150879238,0.0419858932181619,-0.19234426925277615,0
ETERNAL,2020,Consumer Services,-0.0770689459003788,0.1122538693072311,0.0103047823191154,,0.0123079908665588,-0.19244698880794225,0
GRASIM,2021,Construction Materials,-0.0402854294036961,0.2957852396328586,-0.0514032280901591,,0.02233657876759495,-0.19244915734367585,0
MANAPPURAM,2019,Financial Services,0.1272586678457258,0.7481893485567611,0.0078876035373508,,0.0213614188746349,-0.19245098738391803,0
EIHOTEL,2023,Consumer Services,-0.0681921603247267,0.0542447463982453,-0.0605960593511678,,0.0123079908665588,-0.192451975945224,0
ESCORTS,2026,Capital Goods,-0.063020596530644,0.0102514060934727,0.0022191426340094,0.1105080201399822,0.0121187533905916,-0.19249546173971677,0
MANKIND,2021,Healthcare,0.020156928108686,0.0378420026416755,0.0120025358570781,,0.018909635366554302,-0.19252146409819915,0
KPIL,2025,Construction,-0.0297886584271894,0.1686755703907508,-0.0133960817679942,0.0769868965496547,0.0046730460618867,-0.19257529409077806,0
ACUTAAS,2023,Healthcare,0.0231569614311419,0.0046939786684747,0.0034190879448224,,0.018909635366554302,-0.19259308165264083,0
KEC,2021,Construction,-0.0205014694446985,0.1476370242887201,-0.0483195919523394,,0.00811929390513665,-0.19260774652945034,0
CHOLAFIN,2020,Financial Services,0.0488381067395085,0.8586765697165617,-0.0208961290358499,,0.0213614188746349,-0.1926147663893097,0
CANFINHOME,2023,Financial Services,0.1410695759270576,0.878973066319852,-0.0030542486830019,,0.0213614188746349,-0.19263942806833345,0
CGPOWER,2023,Capital Goods,0.0033868023958252,0.0035196181760537,-0.0833901514161851,,0.0147344734730676,-0.1926516119957815,0
EXIDEIND,2021,Automobile and Auto Components,-0.0511593161578358,0.0179085593626973,0.0097929266716898,,0.0091703331938402,-0.19266602198311772,0
MEDANTA,2023,Healthcare,-0.0777223191730837,0.2738366913586273,-0.0787059724934543,,0.018909635366554302,-0.19268531368038339,0
SUMICHEM,2022,Chemicals,0.0670447862361818,0.0124865847296843,0.0002706958403796,,0.02157821562095625,-0.19269502423179108,0
LUPIN,2021,Healthcare,-0.0258311591478188,0.2041371339504563,-0.0500118748582519,,0.018909635366554302,-0.19269857298125703,0
MANKIND,2023,Healthcare,-0.0548686308034128,0.0175898852739301,-0.0782628668408643,,0.018909635366554302,-0.19276719080538324,0
LTF,2019,Financial Services,0.1307851180637494,0.8628671160588443,0.0055559014426812,,0.0213614188746349,-0.19283837632279044,0
KEC,2026,Construction,0.0193662231010864,0.2139682375479689,0.0354168056778097,0.0578894564390847,0.0075135330792056,-0.19284739153326808,0
CHAMBLFERT,2020,Chemicals,0.0274622626124449,0.6958762567374062,0.0463148885050319,,0.02157821562095625,-0.19287658355372522,0
BAJFINANCE,2021,Financial Services,0.0304839202567906,0.7676750039656991,-0.0219444237978304,,0.0213614188746349,-0.1928813998430946,0
ARE&M,2022,Automobile and Auto Components,-0.0189284986120041,0.0197440441649284,0.0038182632720703,,0.0091703331938402,-0.1929402468145529,0
LT,2025,Construction,-0.0156581888053804,0.3492587679872304,0.0067339785526229,0.1286248927567225,0.0045894770140676,-0.19297002622582665,0
MAZDOCK,2017,Capital Goods,0.0820786157036007,,-0.0021900725510935,,0.0147344734730676,-0.19299804485057726,0
DIVISLAB,2018,Healthcare,0.0149082805439201,0.0093016469117824,0.0034949573584621,,0.018909635366554302,-0.19300188031267174,0
CAPLIPOINT,2022,Healthcare,-0.0212460836712127,0.1259560449686693,-0.0463512863064019,,0.018909635366554302,-0.19302798734106247,0
TBOTEK,2019,Consumer Services,-0.0812102874432677,0.0259606656580937,-0.0014446844736112998,,0.0123079908665588,-0.1930321310863331,0
BHARATFORG,2023,Automobile and Auto Components,-0.0420139448720184,0.4010625917894822,0.0155936058788441,,0.0091703331938402,-0.19305875116888788,0
SIGNATURE,2023,Realty,0.0355921648080643,0.2863481993838795,0.0234827213659397,,0.03750103869543505,-0.19311388092347925,0
CAMS,2019,Financial Services,-0.0765292264232942,0.1477210995219469,-0.0133307024412256,,0.0213614188746349,-0.19311730117137094,0
ICICIBANK,2024,Financial Services,-0.0610817515346947,0.6983773004494609,-0.0164048034208412,0.2875811699355742,0.0213614188746349,-0.1931819115783504,0
ASAHIINDIA,2020,Automobile and Auto Components,-0.0360937095521615,0.4560393476572612,0.0107423266759278,,0.0091703331938402,-0.1931819410392217,0
LENSKART,2022,Consumer Services,0.0218027616290854,0.0091567815048148,-0.0015438645315202,,0.0123079908665588,-0.19318883427185374,0
CHALET,2018,Consumer Services,-0.0935795641222209,0.7461696418793122,0.0041685046135918,,0.0123079908665588,-0.19320304835571855,0
J&KBANK,2025,Financial Services,-0.012640864427694,0.8908730156387948,-3.682723383446884e-05,0.7092647227400798,0.013854043180268,-0.1932045302152296,0
JKTYRE,2018,Automobile and Auto Components,-0.0542390771952872,0.5516248941607086,0.0076470201828346,,0.0091703331938402,-0.1932167242356777,0
CARTRADE,2022,Consumer Services,-0.0857897303638352,0.0338835604100121,-0.0146381769124819,,0.0123079908665588,-0.19321946448631772,0
ESCORTS,2018,Capital Goods,-0.0284604521551756,0.0128608216929765,-0.0701062765372171,,0.0147344734730676,-0.1932902909428983,0
VMM,2021,Consumer Services,-0.1183413913408676,0.0973931017383538,-0.0098436762883336,,0.0123079908665588,-0.1933145217763672,0
CONCORDBIO,2023,Healthcare,-0.0039035924940059,0.0208389751583563,-0.0267695532429873,,0.018909635366554302,-0.19332422598503318,0
BALKRISIND,2021,Automobile and Auto Components,-0.0197759380100875,0.1225887743694047,-0.0143421798130866,,0.0091703331938402,-0.1934176570372924,0
AJANTPHARM,2020,Healthcare,0.0033188695802677,0.0227614330957795,0.0092648091283876,,0.018909635366554302,-0.19343890976709538,0
MAHABANK,2025,Financial Services,-0.0157812103192115,0.8960861374649456,-0.0099307430756555,0.6803009713761298,0.0276077340034941,-0.19344062883260793,0
JPPOWER,2021,Power,-0.03446985322199,0.3080955342836076,-0.0294623844743362,,0.02714301304713805,-0.19345024764727242,0
CANFINHOME,2020,Financial Services,0.1054117217697749,0.8909339570548356,-0.0103233649544662,,0.0213614188746349,-0.19345174158008127,0
BRIGADE,2018,Realty,0.0115842524847178,0.4340336554097831,0.0283123505176186,,0.03750103869543505,-0.19347229230850627,0
BALKRISIND,2020,Automobile and Auto Components,-0.0313662976485194,0.1369309541824913,0.0024752271501206,,0.0091703331938402,-0.19349548781615344,0
DMART,2024,Consumer Services,-0.095506997763134,0.0279683815972432,-0.0075465063975779,0.0762082447699334,0.0123079908665588,-0.19350527697523706,0
GRANULES,2019,Healthcare,-0.0086718883767151,0.3327681889753205,-0.0336503139532113,,0.018909635366554302,-0.1935153579176359,0
APLAPOLLO,2024,Capital Goods,-0.1244769918141479,0.159215727744932,0.0100248185452731,0.063610744505985,0.0147344734730676,-0.193517508194315,0
INDHOTEL,2023,Consumer Services,-0.0456185742493361,0.2323120713082554,-0.0667079286302157,,0.0123079908665588,-0.1935283878933447,0
LEMONTREE,2024,Consumer Services,-0.0999364410987744,0.5799377321389556,-0.0038600118710853,0.5186102821104791,0.0123079908665588,-0.1935406099036862,0
ADANIENT,2022,Metals & Mining,-0.0059921430396757,0.4095434662685029,0.095167426876616,,0.02556926581353005,-0.19358180114204399,0
CHALET,2021,Consumer Services,-0.0495731854472533,0.5121077995974433,0.0408216671649372,,0.0123079908665588,-0.1936035038394075,0
JWL,2024,Capital Goods,0.0396057116034802,0.1187082905325886,-0.0575909432682974,0.1386442422535758,0.0147344734730676,-0.19360966593387097,0
TORNTPHARM,2023,Healthcare,-0.076858789684536,0.3674601691591529,0.0521369311695851,,0.018909635366554302,-0.19366572466904952,0
COHANCE,2020,Healthcare,-0.0766705604488365,0.1587639941678532,0.05303233980398,,0.018909635366554302,-0.19366572466904952,0
BALKRISIND,2017,Automobile and Auto Components,-0.0224560724674732,0.2402575193294962,-0.0008662445049587,,0.0091703331938402,-0.1937181596515648,0
AADHARHFC,2023,Financial Services,0.1023281928026954,0.7313596840941627,-0.0111931122201296,,0.0213614188746349,-0.19372222889251994,0
CIPLA,2018,Healthcare,-0.0023036312073003,0.1807466182094042,-0.0163242440385106,,0.018909635366554302,-0.19374879710345455,0
FIRSTCRY,2022,Consumer Services,0.0098288013464471,0.0732968889707042,0.0206947693706639,,0.0123079908665588,-0.19383230624812614,0
NYKAA,2020,Consumer Services,-0.0202404667046101,0.3670763375071144,-0.0331944031620018,,0.0123079908665588,-0.19384921344118244,0
NEULANDLAB,2021,Healthcare,-0.08207338521577,0.1376067150265325,-0.0766453443083063,,0.018909635366554302,-0.1938492614456072,0
EMMVEE,2023,Capital Goods,-0.0603318610481079,0.6259400740121762,0.0530456746962292,,0.0147344734730676,-0.19386224917794653,0
DRREDDY,2023,Healthcare,-0.0428512439031205,0.0418266887308245,-0.0719552278616012,,0.018909635366554302,-0.19387462719691229,0
MARUTI,2023,Automobile and Auto Components,-0.0254819890915629,0.0124627894431902,0.0067632763463654,,0.0091703331938402,-0.19388489223544875,0
EXIDEIND,2018,Automobile and Auto Components,-0.0112736516305891,0.0030133387298557,-0.0074925587351968,,0.0091703331938402,-0.19390346523426844,0
MOTHERSON,2019,Automobile and Auto Components,-0.0631356130420545,0.2697806053234785,-0.0107833570177279,,0.0091703331938402,-0.19391864232441908,0
APOLLOTYRE,2021,Automobile and Auto Components,-0.0812142039833563,0.2840637857611551,-0.007414347852112,,0.0091703331938402,-0.19394502062950492,0
APOLLOTYRE,2018,Automobile and Auto Components,-0.0496463447648705,0.2323874109006679,0.0067913444143091,,0.0091703331938402,-0.19394771223974933,0
HYUNDAI,2022,Automobile and Auto Components,-0.0788777511578718,0.0415285812922322,-0.0091228079790736,,0.0091703331938402,-0.19396001654558925,0
DIVISLAB,2020,Healthcare,0.0188247539653887,0.0045538087892612,-0.0085872044873932,,0.018909635366554302,-0.193974906285863,0
NYKAA,2024,Consumer Services,0.0076074139203618,0.2850912919076759,0.0144105731207051,0.0620939392469158,0.0123079908665588,-0.19397624260814716,0
DMART,2022,Consumer Services,0.0077693850034063,0.0418163555249893,0.0130570320512562,,0.0123079908665588,-0.19397624260814716,0
ALKEM,2019,Healthcare,-0.0023319025961605,0.1150198162987077,-0.0151426584532481,,0.018909635366554302,-0.19399234487097766,0
ASAHIINDIA,2018,Automobile and Auto Components,-0.0828561415271153,0.4184040105444406,-0.0130716217028195,,0.0091703331938402,-0.1940065857285499,0
PFC,2026,Financial Services,0.0092533412214118,0.8135311829052493,-0.0113301748982737,0.9987839530884224,0.017157813374627,-0.1940250251255834,0
NH,2022,Healthcare,-0.0455217874038042,0.2301476459678112,-0.0669573757130394,,0.018909635366554302,-0.19402770766542565,0
JUBLFOOD,2017,Consumer Services,-0.1129827062542614,,-0.0014446844736112998,,0.0123079908665588,-0.19405551228980406,0
AUROPHARMA,2022,Healthcare,-0.0704056321414004,0.0847624557201956,-0.0750140819301219,,0.018909635366554302,-0.19405736100821463,0
LICHSGFIN,2026,Financial Services,0.0307573237781582,0.8534068215918216,-0.0087281307845722,0.9703455939140908,0.0183878369711297,-0.19407108277687735,0
RKFORGE,2021,Automobile and Auto Components,-0.0439795457741006,0.4561425579622736,0.0107976476376125,,0.0091703331938402,-0.19412187768239642,0
KIRLOSENG,2024,Capital Goods,0.0653199842287699,0.500934904973501,0.0179669951523223,0.1752424846942285,0.0147344734730676,-0.1941467732371855,0
BANKINDIA,2026,Financial Services,-0.0012295320946552,0.889839221307418,-0.0034333157870278,0.731820828087914,0.0150529799649382,-0.1941579407141139,0
CUB,2025,Financial Services,-0.0102564683939249,0.84633655320361,-0.0061880963347579,0.6694386220723594,0.0161024578403285,-0.19416517559641372,0
GRAPHITE,2021,Capital Goods,-0.1114637005731488,0.0407843889307011,-0.0337225255605092,,0.0147344734730676,-0.19419323734406496,0
TVSMOTOR,2017,Automobile and Auto Components,-0.0290667693653352,0.2139047905012434,-0.0008662445049587,,0.0091703331938402,-0.19419334612438327,0
HEROMOTOCO,2017,Automobile and Auto Components,-0.027619514106583,0.0170199843260188,-0.0008662445049587,,0.0091703331938402,-0.19419334612438327,0
ARE&M,2021,Automobile and Auto Components,-0.0268040276769095,0.015925780892858,-0.0008528768145253,,0.0091703331938402,-0.19419334612438327,0
IDFCFIRSTB,2021,Financial Services,-0.0831446840012284,0.8237019560497136,0.0025882485217173,,0.0213614188746349,-0.19425802078143967,0
BANDHANBNK,2024,Financial Services,-0.0808692968790327,0.8522947322916352,0.001372035061297,0.4011787403285068,0.0213614188746349,-0.19434820556714788,0
BLUESTARCO,2018,Consumer Durables,0.0386531199980223,0.1160675108614371,0.0326316687676925,,0.006957110708254,-0.19435204661505373,0
EXIDEIND,2017,Automobile and Auto Components,-0.0076672111750686,0.0105058974650525,-0.0008662445049587,,0.0091703331938402,-0.19435435423077246,0
LUPIN,2020,Healthcare,-0.0700629677132264,0.2541490088087082,-0.0529997694932314,,0.018909635366554302,-0.19435935787225378,0
ARE&M,2019,Automobile and Auto Components,-0.012881197588807,0.0129968636697288,-0.0008662445049587,,0.0091703331938402,-0.19436750733468777,0
NATIONALUM,2026,Metals & Mining,-0.1670721508114706,0.0022539594038667,-0.0056884726043003,0.5106197594287848,0.0263387746775897,-0.19438795755772242,0
PINELABS,2024,Financial Services,0.0179180763176554,0.0758518727997488,0.02073781021423,0.1278505418522704,0.0213614188746349,-0.1944079340564756,0
GLAXO,2024,Healthcare,-0.0990097339608954,0.0052493659710624,0.0005779015842146,0.3074719302310885,0.018909635366554302,-0.19442516885413608,0
KEC,2020,Construction,0.0371906355555763,0.1959566162410596,0.0382425206252171,,0.00811929390513665,-0.19444473395892076,0
SAREGAMA,2023,Media Entertainment & Publication,0.0539343117521756,0.0004166397709068,-0.0003535617256539,,0.035357351082854704,-0.19446846414527236,0
EIHOTEL,2024,Consumer Services,-0.0886486443627771,0.0395055561502202,-0.014739190248025,0.4458552557581514,0.0123079908665588,-0.1944769644574757,0
IRCTC,2024,Consumer Services,-0.0888302247351493,0.0099077845471395,-0.0066306580959456,0.3401515522675681,0.0123079908665588,-0.1944769644574757,0
URBANCO,2022,Consumer Services,-0.1109228333816414,,-0.0014446844736112998,,0.0123079908665588,-0.19450288270516358,0
LTF,2023,Financial Services,-0.0551747809830466,0.7815106057243452,-0.0159861846126652,,0.0213614188746349,-0.19451799112516222,0
ATUL,2022,Chemicals,0.0655215927225178,0.0253379684633067,-0.0003297633862005,,0.02157821562095625,-0.19454182295491074,0
TMPV,2017,Automobile and Auto Components,-0.0834428790100651,0.2883699324485447,-0.0008662445049587,,0.0091703331938402,-0.19455199708846133,0
BERGEPAINT,2022,Consumer Durables,0.0369299548359631,0.1405437711208086,0.0334470230928785,,0.006957110708254,-0.19456836508878744,0
CUMMINSIND,2021,Capital Goods,-0.0257966055595756,0.0066669912578636,-0.0759289122745367,,0.0147344734730676,-0.1945770114553863,0
TRAVELFOOD,2016,Consumer Services,-0.1157622558440197,0.2082882001467556,-0.0014446844736112998,,0.0123079908665588,-0.1946363902006631,0
RECLTD,2023,Financial Services,0.1042458932841964,0.8180182823839387,0.0074195454757128,,0.0213614188746349,-0.19464553877663948,0
CIEINDIA,2020,Automobile and Auto Components,-0.0462327121268756,0.1759598440753991,0.0043901289154612,,0.0091703331938402,-0.19465948173999426,0
MANAPPURAM,2017,Financial Services,0.133744182424388,0.7250441515381102,-0.0006671917563533,,0.0213614188746349,-0.19469573663711076,0
ANGELONE,2017,Financial Services,0.1336691054520443,0.4281871079037725,-0.0006671917563533,,0.0213614188746349,-0.19469573663711076,0
MRF,2017,Automobile and Auto Components,-0.0311998277530276,0.1550249332808795,-0.0008662445049587,,0.0091703331938402,-0.19469668233912707,0
FINCABLES,2019,Capital Goods,0.0803420266697103,0.0001743739973495,-0.0001273653142537,,0.0147344734730676,-0.1947099558469122,0
IIFL,2024,Financial Services,0.1403219228516509,0.7553416774633972,0.0003270724037562,0.46506153329676,0.0213614188746349,-0.19471209577964765,0
RECLTD,2024,Financial Services,0.112732569221437,0.8127959540531752,-0.0052223283307635,0.9815995325085902,0.0213614188746349,-0.1947227275425779,0
MARUTI,2021,Automobile and Auto Components,-0.0625853752166341,0.0075781669214204,0.004684773006506,,0.0091703331938402,-0.19472316657893024,0
NHPC,2021,Power,-0.0245845904152079,0.3194781204515172,-0.0063845111588865,,0.02714301304713805,-0.1947446247047524,0
M&M,2021,Automobile and Auto Components,-0.0975723037264183,0.4887291397082094,-0.006649795341746,,0.0091703331938402,-0.1947478455436764,0
KOTAKBANK,2020,Financial Services,-0.0858028219787535,0.7366810168279312,-0.0016399010019969,,0.0213614188746349,-0.194801072279651,0
CRAFTSMAN,2017,Automobile and Auto Components,-0.09745618185219,0.4274703753011982,-0.0008662445049587,,0.0091703331938402,-0.19481209922661574,0
VIJAYA,2023,Healthcare,-0.0937181425106338,0.2900833128273631,0.0329420575362466,,0.018909635366554302,-0.1948233208323618,0
INDIAMART,2020,Consumer Services,-0.1008344242294711,0.0681342559197812,-0.0014446844736112998,,0.0123079908665588,-0.19485699262163975,0
IRB,2024,Construction,0.0439567786870065,0.415725103427649,0.023518741835874,0.4859240461331859,0.00811929390513665,-0.19487209691453017,0
RBLBANK,2022,Financial Services,-0.0623106266301051,0.8487366976496342,0.0111120675731585,,0.0213614188746349,-0.1949035215958866,0
ASAHIINDIA,2017,Automobile and Auto Components,-0.0948529879380153,0.4314756322472601,-0.0008662445049587,,0.0091703331938402,-0.19491045554464764,0
ESCORTS,2022,Capital Goods,0.0773177539104102,0.0057039397259913,-0.0031079971700144,,0.0147344734730676,-0.19491343784661447,0
TITAGARH,2017,Capital Goods,0.0757002860885279,0.1379013495512009,-0.0021900725510935,,0.0147344734730676,-0.19492196417353552,0
LODHA,2019,Realty,0.0421011994649435,0.5142108820208608,-0.0476610646661579,,0.03750103869543505,-0.19492521556045228,0
RKFORGE,2019,Automobile and Auto Components,-0.0669365758790225,0.4142606577787471,0.0032030005505552,,0.0091703331938402,-0.1949430365314752,0
ECLERX,2025,Services,-0.1473878041243353,0.1140930189586897,0.0230671539663454,0.2581073126979529,0.0106810422411349,-0.1950176937316107,0
SCHAEFFLER,2024,Automobile and Auto Components,-0.0875485985599135,0.008067796807169,-8.66623734594018e-05,0.1733986873027911,0.0091703331938402,-0.19503914651294257,0
MCX,2024,Financial Services,-0.0827507708013694,0.0004869763171095,-2.5801782303196174e-05,0.6407857190258146,0.0213614188746349,-0.19508226812949603,0
NAUKRI,2017,Consumer Services,-0.1155202821869488,0.0004725851871339,-0.0014446844736112998,,0.0123079908665588,-0.19508601539248743,0
AJANTPHARM,2019,Healthcare,0.0046765276594467,0.0134966239673919,0.0127546557730951,,0.018909635366554302,-0.19509275860642633,0
CARTRADE,2024,Consumer Services,0.0106928845670817,0.0448447299069854,0.0079099373580446,0.2841902167744864,0.0123079908665588,-0.1951806991457974,0
CROMPTON,2019,Consumer Durables,0.0383795628640458,0.24320041953065,-0.0242439823019348,,0.006957110708254,-0.19528243987576127,0
WOCKPHARMA,2022,Healthcare,-0.0799756542909312,0.2675593426658551,-0.0776510885244366,,0.018909635366554302,-0.19529942771566516,0
POLYMED,2024,Healthcare,-0.0973018050735748,0.0935679121943346,-0.0009153842595301,0.2696777539426228,0.018909635366554302,-0.19535670998303717,0
EXIDEIND,2020,Automobile and Auto Components,-0.0347935552377219,0.0081156326910075,0.0041465613993006,,0.0091703331938402,-0.19538090644870532,0
JYOTICNC,2023,Capital Goods,-0.0314184841785726,0.5510080179496486,-0.0648646030231091,,0.0147344734730676,-0.19542061784045678,0
CARTRADE,2019,Consumer Services,-0.0129960401044738,0.0480242648917347,0.0201504239722973,,0.0123079908665588,-0.1954376220310211,0
PFOCUS,2018,Media Entertainment & Publication,-0.0738210152933651,0.4760597778682328,0.0705351703734505,,0.035357351082854704,-0.1954467359722194,0
JBMA,2025,Automobile and Auto Components,-0.0579193085445553,0.4281594409276389,-0.0090322216278617,0.1072689872241291,0.0091703331938402,-0.1954544599706053,0
EICHERMOT,2021,Automobile and Auto Components,-0.0236341244116024,0.0150598168369095,-0.0049406329724034,,0.0091703331938402,-0.19545719244902848,0
GRAVITA,2017,Metals & Mining,0.0892555467958103,0.4663531929271314,-0.0054679898835277504,,0.02556926581353005,-0.19547002380641326,0
TRENT,2018,Consumer Services,0.0043281703526752,0.1675742553063967,-0.0087065411836471,,0.0123079908665588,-0.1954819807212934,0
TRITURBINE,2022,Capital Goods,-0.1207854569130714,0.0016129390264655,-0.0021836482634039,,0.0147344734730676,-0.1954866916229986,0
BLS,2017,Consumer Services,0.0074051634184926,0.3211484735265408,-0.0014446844736112998,,0.0123079908665588,-0.19551030202432002,0
APOLLOHOSP,2022,Healthcare,-0.048291984013272,0.3067717366714426,-0.0583920682374376,,0.018909635366554302,-0.19555890591126135,0
BOSCHLTD,2021,Automobile and Auto Components,-0.023902250699322,0.0036439248728351,-0.0019077492686837,,0.0091703331938402,-0.19556076722349108,0
TATAPOWER,2019,Power,-0.026376939019029,0.5769484393644414,-0.0163861802189601,,0.02714301304713805,-0.19557715949847776,0
OLECTRA,2024,Automobile and Auto Components,-0.0608534719905323,0.0760117590033804,-0.0098640197878071,0.1531521043134059,0.0091703331938402,-0.19558643693511635,0
RECLTD,2021,Financial Services,0.1294458930966283,0.8225258425571562,-0.0024417222141742,,0.0213614188746349,-0.1955917163243851,0
IPCALAB,2020,Healthcare,0.006841238383969,0.0952333856997767,-0.0069797108547219,,0.018909635366554302,-0.1955947207576469,0
MARUTI,2018,Automobile and Auto Components,-0.064863133294826,0.0020050324987883,-0.0073020372946124,,0.0091703331938402,-0.19559588340437795,0
LTF,2022,Financial Services,-0.0468556530206947,0.7974967903370104,-0.0156670889743157,,0.0213614188746349,-0.19561279531785936,0
TORNTPHARM,2021,Healthcare,-0.053533835654883,0.3463055919685392,-0.0665750182355045,,0.018909635366554302,-0.19561465408131284,0
BELRISE,2024,Automobile and Auto Components,-0.079737755061506,0.4144823956250579,0.0001175699028987,0.1208301796230316,0.0091703331938402,-0.19570686847822072,0
TBOTEK,2023,Consumer Services,-0.0364161646331213,0.0276082613675902,-0.0222572433436775,,0.0123079908665588,-0.1957076159251574,0
ENDURANCE,2023,Automobile and Auto Components,-0.0562208079177527,0.0756799908261331,0.0023299025553861,,0.0091703331938402,-0.19573622596068052,0
FINCABLES,2017,Capital Goods,0.0768489787218344,0.0005082821293741,-0.0021900725510935,,0.0147344734730676,-0.19576175024210118,0
LODHA,2024,Realty,-0.0332199798718152,0.1630933841834843,-0.0684993124529093,0.3198383541513593,0.03750103869543505,-0.1957659012955752,0
VMM,2023,Consumer Services,-0.037913308263692,0.1763356098690901,-0.041421330105137,,0.0123079908665588,-0.19576663181306297,0
GPIL,2019,Capital Goods,-0.0847936977195246,0.5370267522236557,-0.0782299451425925,,0.0147344734730676,-0.1957871794601735,0
POWERGRID,2023,Power,-0.0902412483833069,0.5060322782890678,-0.0307099770499376,,0.02714301304713805,-0.19584470525354386,0
AIAENG,2019,Capital Goods,0.0796309199971235,0.0317675619245523,-0.0028816742747664,,0.0147344734730676,-0.1959202535243399,0
ASTERDM,2023,Healthcare,-0.0949787774432228,0.4094655906085552,-0.0123384799148114,,0.018909635366554302,-0.19596299280171275,0
ABCAPITAL,2024,Financial Services,0.1071071048166183,0.4755106448924026,0.0056668927871505,0.3736477159470652,0.0213614188746349,-0.1959696194851216,0
SUNDARMFIN,2022,Financial Services,-0.0126149358631042,0.7549957916294856,-0.028105650106878,,0.0213614188746349,-0.19599423042124298,0
THELEELA,2024,Consumer Services,-0.0682949417080744,0.6305822678695586,-0.0303442171854321,0.5041300005398693,0.0123079908665588,-0.1960035475695962,0
CIPLA,2020,Healthcare,-0.0649764609596038,0.120243147806047,-0.0614017620517884,,0.018909635366554302,-0.19601092166227635,0
CARTRADE,2020,Consumer Services,0.003216683136266,0.0525028111902409,0.0044785462985061,,0.0123079908665588,-0.19602863370155432,0
ZFCVINDIA,2024,Automobile and Auto Components,-0.0199312166026442,,-0.0008662445049587,0.1839964256398001,0.0091703331938402,-0.1960482773778231,0
CIEINDIA,2016,Automobile and Auto Components,-0.0197515691524382,0.2036167317736909,-0.0008662445049587,,0.0091703331938402,-0.1960482773778231,0
PETRONET,2023,Oil Gas & Consumable Fuels,0.0353776375468349,0.1465855956528408,-0.0143567772888075,,0.02732774499087675,-0.19609311341226943,0
HEROMOTOCO,2021,Automobile and Auto Components,-0.0516407755598458,0.0252865311834167,0.0022485934308317,,0.0091703331938402,-0.1961030917026047,0
CARTRADE,2017,Consumer Services,0.0102470309168017,0.0278738409194374,-0.0022048807348922,,0.0123079908665588,-0.19614943162363918,0
BLS,2021,Consumer Services,0.0103192130094358,0.0014655691628187,-0.0004098037806643,,0.0123079908665588,-0.19614943162363918,0
CHOLAHLDNG,2018,Financial Services,0.1283004107543991,0.715266705750468,-0.0006671917563533,,0.0213614188746349,-0.19619801970506745,0
M&MFIN,2017,Financial Services,0.1311198011834372,0.7636513059314848,-0.0006671917563533,,0.0213614188746349,-0.19619801970506745,0
FACT,2016,Chemicals,-0.1289058639553067,1.0789689391164827,-0.0058768642923029,,0.02157821562095625,-0.19621627677692183,0
BHEL,2025,Capital Goods,-0.026174255380801,0.1309330062404728,-0.0172077696985396,0.0643566109216225,0.0159443319225982,-0.1962389881384876,0
NIACL,2026,Financial Services,0.0388713998909276,,-0.0006671917563533,-0.0172458274123107,0.0179901319117133,-0.1962452919855358,0
GABRIEL,2024,Automobile and Auto Components,-0.0654569567685123,0.0421300484970412,-0.0008662445049587,0.0899790471880932,0.0091703331938402,-0.19624904725906106,0
UPL,2020,Chemicals,-0.1017565908692348,0.4294733150172444,-0.0372360627356185,,0.02157821562095625,-0.1962653350299492,0
PFC,2023,Financial Services,0.1010903482518354,0.838240797304033,0.0032521063393636,,0.0213614188746349,-0.19630254820647325,0
IDBI,2020,Financial Services,-0.0433779872807051,0.8612022598274833,0.0126561477928436,,0.0213614188746349,-0.19631630312941084,0
CANFINHOME,2021,Financial Services,0.0592242184604874,0.8740204423899167,-0.0169135146649188,,0.0213614188746349,-0.19633143947464565,0
EIHOTEL,2018,Consumer Services,-0.0227743576873299,0.123494791128433,0.0259504527928259,,0.0123079908665588,-0.19633263537124745,0
DMART,2017,Consumer Services,0.0040331449938824,0.2573033090004262,-0.0014446844736112998,,0.0123079908665588,-0.1963520391432796,0
MANKIND,2020,Healthcare,-0.0077549988943993,0.0258394667845974,0.0258262320062468,,0.018909635366554302,-0.1963639314480251,0
TENNIND,2023,Automobile and Auto Components,-0.0643899788412932,0.0128639997365452,-0.0008662445049587,,0.0091703331938402,-0.19637130295810046,0
DRREDDY,2020,Healthcare,-0.0412559799856178,0.0951716594971429,-0.0760322230452442,,0.018909635366554302,-0.19637735349558222,0
AUROPHARMA,2020,Healthcare,-0.0534039480554877,0.2025542560388589,-0.0626332677277786,,0.018909635366554302,-0.1963912333660256,0
AARTIIND,2021,Chemicals,-0.0457019922320746,0.3738654327320694,0.0425681567747066,,0.02157821562095625,-0.1964609385466891,0
TORNTPHARM,2019,Healthcare,-0.0964897239648504,0.4278268484888851,-0.0258864374486653,,0.018909635366554302,-0.19647796837912013,0
BOSCHLTD,2018,Automobile and Auto Components,-0.0256920545740622,,-0.0008662445049587,,0.0091703331938402,-0.19651705774935224,0
HEROMOTOCO,2018,Automobile and Auto Components,-0.0170612523158087,0.0130995882559538,-0.0039203960700649,,0.0091703331938402,-0.196555869556232,0
BOSCHLTD,2024,Automobile and Auto Components,-0.046096204282791,0.0022653255324667,-0.0010080573118075,0.1304610699330452,0.0091703331938402,-0.19660667897649053,0
ACUTAAS,2020,Healthcare,0.0016818319030574,0.2562421837940403,0.0033217052577982,,0.018909635366554302,-0.19663761263710566,0
HINDPETRO,2024,Oil Gas & Consumable Fuels,-0.116569848897319,0.3648039498980217,-0.073095200539078,0.0496776136475518,0.02732774499087675,-0.19664996695188425,0
CHALET,2020,Consumer Services,-0.0371169893997486,0.4712861324325061,0.0334152876640548,,0.0123079908665588,-0.19668569927854457,0
FINCABLES,2025,Capital Goods,-0.0068750059651254,0.0031798095613803,-2.506838352272665e-05,0.0985600080069059,0.0126999568169051,-0.1967581347287891,0
DEEPAKNTR,2023,Chemicals,0.0393957293999988,0.0142041411524342,-0.0568724653643314,,0.02157821562095625,-0.19678637826086476,0
BHARTIARTL,2026,Telecommunication,-0.2091454156029445,0.3583085475308904,-0.0647405083704809,0.5688983944064737,0.014188346898182,-0.19681549010072785,0
SUNPHARMA,2019,Healthcare,0.0072607743081579,0.1627873743623773,0.0012680654137559,,0.018909635366554302,-0.19685046250629695,0
MOTHERSON,2017,Automobile and Auto Components,-0.0702924207277178,0.3239856372305024,-0.0008662445049587,,0.0091703331938402,-0.1968515096900617,0
RKFORGE,2017,Automobile and Auto Components,-0.0712351918532991,0.5149332859687932,-0.0008662445049587,,0.0091703331938402,-0.1968515096900617,0
UNOMINDA,2017,Automobile and Auto Components,-0.0706736624347274,0.21250479638311,-0.0008662445049587,,0.0091703331938402,-0.1968515096900617,0
PPLPHARMA,2021,Healthcare,0.0222387890560245,0.2833200184691059,-0.0036016930944258,,0.018909635366554302,-0.19685448609199352,0
ENDURANCE,2020,Automobile and Auto Components,-0.0880810898372988,0.1480727137675719,-0.0050751509675378,,0.0091703331938402,-0.1968579208422136,0
PFC,2024,Financial Services,0.0997703886862952,0.8297043294945935,-0.0085364678094395,0.9839786790377206,0.0213614188746349,-0.1968667366687465,0
SHYAMMETL,2021,Capital Goods,-0.0392681072783362,0.1468637913474737,-0.0732671011353942,,0.0147344734730676,-0.1969069887234438,0
CONCORDBIO,2020,Healthcare,0.0149033197623122,0.0553400019134076,-0.0036016930944258,,0.018909635366554302,-0.1969144471125157,0
GLAXO,2019,Healthcare,0.0091785105246068,0.000148287913768,-0.0001025043618298,,0.018909635366554302,-0.19695948483408526,0
AIAENG,2017,Capital Goods,0.0709064235828119,0.0439481900367384,-0.0021900725510935,,0.0147344734730676,-0.1969652611326379,0
BSE,2019,Financial Services,0.1137907759531781,,-0.0006671917563533,,0.0213614188746349,-0.1969854794588793,0
EXIDEIND,2019,Automobile and Auto Components,-0.0375026637314352,0.0039690712917069,0.0009557325618511,,0.0091703331938402,-0.19703277564314942,0
HYUNDAI,2023,Automobile and Auto Components,-0.0536543320216293,0.0344007740065686,-0.0071278072856636,,0.0091703331938402,-0.19704073991790189,0
FLUOROCHEM,2024,Chemicals,-0.0541901692183722,0.2270054066699591,0.0460100775017494,0.2560975609756097,0.02157821562095625,-0.1970425077538014,0
CLEAN,2024,Chemicals,-0.1223234363138973,0.0014537590054283,-0.0003346993608236,0.4089776596628187,0.02157821562095625,-0.1970856121514336,0
WOCKPHARMA,2017,Healthcare,0.0082109027428311,0.4631227482642987,-0.0036016930944258,,0.018909635366554302,-0.19709997000366014,0
MAXHEALTH,2023,Healthcare,-0.0104604602127333,0.0682013690561629,-0.0311965064772117,,0.018909635366554302,-0.19710075906235996,0
CHOICEIN,2022,Financial Services,0.1078979717271051,0.2242061053062896,-0.0069955812713631,,0.0213614188746349,-0.1971020946629326,0
INDUSINDBK,2020,Financial Services,0.0565231557218305,0.8553257737072655,-0.0164200321308163,,0.0213614188746349,-0.1971184577712482,0
ETERNAL,2023,Consumer Services,-0.0058799018473077,0.0234733089494884,0.0194160572613715,,0.0123079908665588,-0.19715919848265195,0
TIINDIA,2017,Automobile and Auto Components,-0.0686645720027432,0.2713153319829662,-0.0008662445049587,,0.0091703331938402,-0.19717952992860216,0
RECLTD,2020,Financial Services,0.1085905290976505,0.8249675647713305,0.0065870132468284,,0.0213614188746349,-0.1972389806006028,0
ECLERX,2026,Services,-0.1921428261764897,0.1043044024884572,-0.0097886164702324,0.2301711270783436,0.0139835144974779,-0.19728328541081697,0
MARUTI,2017,Automobile and Auto Components,-0.0533501409724694,0.0093070697934007,-0.0008662445049587,,0.0091703331938402,-0.1972947043813698,0
TARIL,2024,Capital Goods,0.0218749732867168,0.2188352153731738,-0.0593309515349491,0.1516197082379862,0.0147344734730676,-0.19732377553606967,0
JBMA,2017,Automobile and Auto Components,-0.034806187766714,0.3870391773352299,-0.0008662445049587,,0.0091703331938402,-0.19732379103448794,0
MAXHEALTH,2024,Healthcare,-0.0735728678643393,0.1082463745652061,0.0400450055090431,0.2671558788423763,0.018909635366554302,-0.1973473989880351,0
SJVN,2018,Power,-0.0289600577046956,0.1550104895517949,-0.0019830862650015,,0.02714301304713805,-0.19737063406531452,0
BOSCHLTD,2020,Automobile and Auto Components,-0.0515802363405527,0.0055516741415188,-0.0008662445049587,,0.0091703331938402,-0.1973721194179126,0
PFC,2021,Financial Services,0.091388156467516,0.8504268905216129,-0.0085268971702135,,0.0213614188746349,-0.19740654698471016,0
LINDEINDIA,2018,Chemicals,-0.1023032635170895,0.3506972364931446,-0.024990035637311,,0.02157821562095625,-0.19746247397043803,0
RBLBANK,2018,Financial Services,0.0515161706390731,0.8588701473093432,-0.0156524310786065,,0.0213614188746349,-0.1974799656976038,0
EICHERMOT,2018,Automobile and Auto Components,-0.0548800018483065,0.0158408272011913,-0.0001170445879735,,0.0091703331938402,-0.19748960425531875,0
DMART,2023,Consumer Services,-0.0139059196267009,0.0355148879948211,-0.0063014675301681,,0.0123079908665588,-0.1974982180879014,0
TIINDIA,2024,Automobile and Auto Components,-0.0367460276884782,0.0683955623349401,-0.002372942673447,0.1019903495683904,0.0091703331938402,-0.19751233362366127,0
MFSL,2022,Financial Services,-0.0700015499300408,0.0044341587595464,0.0043988730703919,,0.0213614188746349,-0.19752427220651397,0
DEEPAKFERT,2017,Chemicals,-0.1271619391735157,0.3987219029620869,-0.0058768642923029,,0.02157821562095625,-0.1975397451848312,0
CANHLIFE,2023,Financial Services,-0.0798886360761879,,-0.0006671917563533,,0.0213614188746349,-0.1975603523881776,0
GICRE,2021,Financial Services,-0.0805051080585955,,-0.0006671917563533,,0.0213614188746349,-0.1975603523881776,0
IOB,2026,Financial Services,-0.006479274884332,0.887897823156788,-0.0075237268419453,0.5455712685857248,0.0271735762959733,-0.19760086694180046,0
GRAPHITE,2024,Capital Goods,-0.1031250460215307,0.0260842672635966,-0.0402968100882897,-0.0152963671128107,0.0147344734730676,-0.19764312467025835,0
ENDURANCE,2017,Automobile and Auto Components,-0.0589011126746922,0.1976891917298587,-0.0008662445049587,,0.0091703331938402,-0.19764820670495076,0
PPLPHARMA,2022,Healthcare,-0.0309765228642851,0.3274819655328071,0.0441619470637011,,0.018909635366554302,-0.19765476657805148,0
TEJASNET,2019,Telecommunication,0.1443467400080743,0.0007506560355268,-0.0009564060879982,,0.0271052256093291,-0.1976555521994683,0
MANAPPURAM,2018,Financial Services,0.0417132277251211,0.7403017450194103,0.0152575934813,,0.0213614188746349,-0.19766232337705014,0
SONACOMS,2018,Automobile and Auto Components,-0.0481543635469109,0.4139590367779373,-0.0008662445049587,,0.0091703331938402,-0.1976657124103211,0
TBOTEK,2024,Consumer Services,-0.0363571203480001,0.0433476067779295,0.0157393454103393,0.1309599943153556,0.0123079908665588,-0.19768826679021823,0
LEMONTREE,2023,Consumer Services,-0.0724882936327016,0.5837977440100409,-0.0019309727910864,,0.0123079908665588,-0.1977046473733602,0
RBLBANK,2021,Financial Services,-0.0705829538564226,0.8376246300764757,-0.0031936523324123,,0.0213614188746349,-0.19777177634816379,0
EIHOTEL,2022,Consumer Services,-0.019041426040123,0.1148408057494131,-0.0088842066761847,,0.0123079908665588,-0.19777681016836612,0
LEMONTREE,2021,Consumer Services,-0.0440596304422477,0.5660724068962444,0.0299207522597542,,0.0123079908665588,-0.19782090894960558,0
ERIS,2020,Healthcare,0.016867662433658,,-0.0036016930944258,,0.018909635366554302,-0.19783833136206597,0
RHIM,2019,Capital Goods,0.0698512045347189,,-0.0021900725510935,,0.0147344734730676,-0.19784052019099552,0
POWERINDIA,2019,Capital Goods,0.0691881114450302,0.1010341159442193,-0.0021900725510935,,0.0147344734730676,-0.19784052019099552,0
NEULANDLAB,2017,Healthcare,0.0092368843018135,0.2169312766774317,-0.0036016930944258,,0.018909635366554302,-0.19788119899955636,0
SCHNEIDER,2020,Capital Goods,-0.0303374098855647,0.5130470515718101,0.0444797555249681,,0.0147344734730676,-0.19794237411567728,0
JSWDULUX,2017,Consumer Durables,0.0550278588485009,0.0015388697267179,-0.00093218661901025,,0.006957110708254,-0.19795696637251786,0
FORTIS,2023,Healthcare,-0.0193161909583153,0.076574072695449,-0.0324020675798634,,0.018909635366554302,-0.19796839633711577,0
RAINBOW,2021,Healthcare,-0.0949716537035153,0.4896186891340738,-0.0022547405141674,,0.018909635366554302,-0.1980271077237895,0
POONAWALLA,2020,Financial Services,-0.0637275488001092,0.7905132115288208,0.008281334998082,,0.0213614188746349,-0.19804254114137831,0
BELRISE,2022,Automobile and Auto Components,-0.0427447904095261,0.4960234129857591,-0.0008662445049587,,0.0091703331938402,-0.1980988577736747,0
SIGNATURE,2022,Realty,-0.0722921082145321,0.2628654780179398,-0.0523947764436412,,0.03750103869543505,-0.1981490223350026,0
FORTIS,2020,Healthcare,-0.0102933887629901,0.1444590126501761,-0.0305610553634126,,0.018909635366554302,-0.1981789787373502,0
ZYDUSLIFE,2017,Healthcare,0.0116523109313241,0.3447495084181325,-0.0036016930944258,,0.018909635366554302,-0.19821979337969037,0
ATUL,2024,Chemicals,-0.0865557557439702,0.0366458405305629,0.0275631031214729,0.1581417671844893,0.02157821562095625,-0.19823426326317084,0
TATACHEM,2018,Chemicals,0.0217705816768073,0.2362212915778315,-0.0636016177710031,,0.02157821562095625,-0.19823815018092367,0
BHEL,2020,Capital Goods,0.0236434917908988,0.0842573378684483,0.0439646281497222,,0.0147344734730676,-0.19823886134510754,0
NAUKRI,2024,Consumer Services,-0.0127380857708674,0.0068269334411396,0.0003647281873337,0.3679955703211517,0.0123079908665588,-0.19825227566419806,0
VMM,2020,Consumer Services,-0.0692469400344144,0.1072367780266874,-0.0014446844736112998,,0.0123079908665588,-0.19826255155612016,0
INDHOTEL,2017,Consumer Services,-0.0695086794269612,0.393412310866175,-0.0014446844736112998,,0.0123079908665588,-0.19826255155612016,0
ELECON,2021,Capital Goods,-0.0957881391745316,0.1686002052602982,-0.0584387781009776,,0.0147344734730676,-0.19826613039743796,0
WELCORP,2018,Capital Goods,-0.1069894227282003,0.1802217886339499,-0.0432526152055347,,0.0147344734730676,-0.19828055058927435,0
GLAND,2020,Healthcare,0.0176014370917491,0.001213892213224,-0.0036016930944258,,0.018909635366554302,-0.19829585946532458,0
CESC,2020,Power,-0.0603818369394833,0.3945864598886201,-0.0380089115612242,,0.02714301304713805,-0.19829887779219252,0
SUNDARMFIN,2021,Financial Services,0.0153690423697852,0.7831014417363636,-0.0205344860656421,,0.0213614188746349,-0.19830725467463406,0
ACE,2018,Capital Goods,-0.0456788158522998,0.0958630737398841,-0.0720892818787243,,0.0147344734730676,-0.1983214403834881,0
ELECON,2022,Capital Goods,-0.0482383749074133,0.0881774864254845,-0.0804227188348137,,0.0147344734730676,-0.1983270748317819,0
WOCKPHARMA,2023,Healthcare,-0.0930597307541497,0.2854528819762122,0.0178935393103571,,0.018909635366554302,-0.19837632669662142,0
LEMONTREE,2019,Consumer Services,-0.0482677509082447,0.4313287611433601,0.0200285308917105,,0.0123079908665588,-0.19838574441497386,0
INDIAMART,2022,Consumer Services,-0.0355019753463214,0.0190854061752886,-0.0061668375395226,,0.0123079908665588,-0.19838705730925543,0
ETERNAL,2024,Consumer Services,-0.0251327282068847,0.0320688474053776,0.0085955384558892,0.0299722479185938,0.0123079908665588,-0.1983993199752731,0
ETERNAL,2019,Consumer Services,-0.05754806804703835,0.1019490869881156,-0.0335411675790329,,0.0123079908665588,-0.19842595124245543,0
PINELABS,2023,Financial Services,-0.0121043599949775,0.0551140625855187,0.0173531675313829,,0.0213614188746349,-0.19845480550270644,0
CRISIL,2023,Financial Services,-0.0369656000655063,0.0143507440733428,-0.0151300047786529,,0.0213614188746349,-0.1985020181296127,0
GPIL,2018,Capital Goods,-0.0705443357388903,0.6152566973662482,-0.0654452511587562,,0.0147344734730676,-0.19852511253038163,0
IIFL,2020,Financial Services,-0.0174245099847498,0.8144688541320592,0.0166963071794862,,0.0213614188746349,-0.19853474729541665,0
GRANULES,2020,Healthcare,-0.0436814132933719,0.2767854649701685,-0.0559827240051519,,0.018909635366554302,-0.19854531406585163,0
RPOWER,2023,Power,-0.0926026806814487,0.4375367515105463,-0.0267928853656388,,0.02714301304713805,-0.19855518767497238,0
EIHOTEL,2019,Consumer Services,-0.035577977109584,0.1296762102335011,0.0061814191050681,,0.0123079908665588,-0.19860075199131255,0
CARBORUNIV,2022,Capital Goods,0.0269515854498454,0.0728144882596915,0.0497748370647802,,0.0147344734730676,-0.19864502975985548,0
BHARATFORG,2017,Automobile and Auto Components,-0.0392557636577933,0.353372002796146,-0.0008662445049587,,0.0091703331938402,-0.1986537792142689,0
EIHOTEL,2021,Consumer Services,-0.0558291207525669,0.1237250124255979,-0.0220326247280005,,0.0123079908665588,-0.19874210426494626,0
LAURUSLABS,2024,Healthcare,-0.0683662750699592,0.3073078312585027,0.0442549880649357,0.2015123140525069,0.018909635366554302,-0.19874490388837152,0
LT,2018,Construction,0.0715380431790836,0.4420501881417054,-0.0020281847327929,,0.00811929390513665,-0.19878288746693423,0
DRREDDY,2019,Healthcare,-0.0410557446371937,0.1712038825423872,-0.0557115018320674,,0.018909635366554302,-0.198791696890677,0
PREMIERENE,2024,Capital Goods,0.0466704175655158,0.3962475932517749,0.0338681842185875,0.2997163402049821,0.0147344734730676,-0.1988075275446432,0
SWIGGY,2020,Consumer Services,-0.0179476111502374,0.0201740236726719,-0.0014446844736112998,,0.0123079908665588,-0.198858240026908,0
YESBANK,2023,Financial Services,0.0747516083216712,0.8308917185168989,-0.0147504158017136,,0.0213614188746349,-0.19888154640404127,0
LEMONTREE,2022,Consumer Services,-0.0613069531492996,0.5857287168011274,0.0196563099048829,,0.0123079908665588,-0.19890368952527965,0
PFOCUS,2024,Media Entertainment & Publication,-0.0038878697900718,0.6825514988243688,-0.0429098203660942,0.2946913553097442,0.035357351082854704,-0.19893687155992157,0
ASTRAL,2021,Capital Goods,-0.0971676581733827,0.0300071089160773,-0.0534317972042319,,0.0147344734730676,-0.19896457241153864,0
ABFRL,2019,Consumer Services,-0.0311716988341763,0.2571880375830492,-0.0014446844736112998,,0.0123079908665588,-0.19897127927033853,0
GRAVITA,2023,Metals & Mining,0.0011951199269648,0.2885882645862727,-0.1039129885465593,,0.02556926581353005,-0.1990217365167597,0
CARTRADE,2023,Consumer Services,-0.0060767412940638,0.0369347925489408,0.0030512321389286,,0.0123079908665588,-0.19913196067805683,0
BIOCON,2024,Healthcare,-0.0525313254438294,0.29194093992474,-0.0563036128353108,0.1967341811901397,0.018909635366554302,-0.19920320870110003,0
CIPLA,2022,Healthcare,-0.0301279063013364,0.039310932354724,-0.0417346241628448,,0.018909635366554302,-0.19921481188429863,0
GLENMARK,2019,Healthcare,-0.0300388522958072,0.3347686282949764,-0.0335714839843769,,0.018909635366554302,-0.19921548738436917,0
IRCON,2023,Construction,0.0671380889184663,0.096845156648032,-7.614569077316058e-06,,0.00811929390513665,-0.19922699063618543,0
KPRMILL,2018,Textiles,0.025225790020179,0.2538016966087416,-0.0719640842263515,,0.0200266138250189,-0.19923676406309004,0
INDHOTEL,2019,Consumer Services,-0.0446285178551909,0.244471491394025,-0.0161389612384579,,0.0123079908665588,-0.19923765946583788,0
EMCURE,2022,Healthcare,-0.0176071484923225,0.3682553127880614,0.0268954054660292,,0.018909635366554302,-0.19924478777250726,0
OBEROIRLTY,2019,Realty,0.0604962645446673,0.14289794921655,-0.0233872108984123,,0.03750103869543505,-0.19925142248937466,0
POWERGRID,2022,Power,-0.0370569391628541,0.5367422553390054,-0.0233986741752368,,0.02714301304713805,-0.19927370899050784,0
VMM,2024,Consumer Services,-0.0666523239847262,0.1743917292101649,-0.0019438806589252,0.1610426219889411,0.0123079908665588,-0.19928906871675028,0
CUMMINSIND,2022,Capital Goods,0.0311966130436066,0.0587079003204447,0.0520409090625811,,0.0147344734730676,-0.19932610076085866,0
RAMCOCEM,2019,Construction Materials,-0.034365145056239,0.1995423831912982,0.0432430854766896,,0.02233657876759495,-0.1993286629409623,0
URBANCO,2020,Consumer Services,-0.0199549721343946,,-0.0014446844736112998,,0.0123079908665588,-0.199364135921426,0
DMART,2021,Consumer Services,-0.0201866708653575,0.0287593234737331,0.0011685992700127,,0.0123079908665588,-0.199364135921426,0
3MINDIA,2019,Diversified,0.0534385739642735,0.0065145964726764,0.0021564211069705,,0.01061696811920515,-0.19941162375021382,0
BAJAJFINSV,2017,Financial Services,0.1025097956158,0.3754036701855774,-0.0006671917563533,,0.0213614188746349,-0.1994405582054618,0
TRENT,2017,Consumer Services,-0.007910901113736,0.1762807964900438,-0.0014446844736112998,,0.0123079908665588,-0.1994522041861972,0
UPL,2021,Chemicals,-0.0631280447902275,0.3565622046099033,-0.0729111104073411,,0.02157821562095625,-0.1994858776419437,0
USHAMART,2024,Capital Goods,-0.106021689067032,0.1098125975268547,-0.0256612225981009,0.1658028679666256,0.0147344734730676,-0.19949946878581182,0
SHRIRAMFIN,2022,Financial Services,0.0813964277038516,0.8072511797439427,-0.0128988222651365,,0.0213614188746349,-0.19951351117921806,0
EMCURE,2021,Healthcare,-0.0422385157339764,0.3413599073220322,-0.0490294350492565,,0.018909635366554302,-0.19954320525942887,0
NAVA,2021,Power,-0.0347091124393,0.3520519412049803,-0.0241303885933933,,0.02714301304713805,-0.19956709179948184,0
J&KBANK,2022,Financial Services,0.0157984585685443,0.89659327213425,-0.0185133516621224,,0.0213614188746349,-0.1995730384620356,0
MAXHEALTH,2022,Healthcare,-0.0147424184879308,0.0993978755333747,-0.0295206188471221,,0.018909635366554302,-0.19961453896111114,0
MUTHOOTFIN,2017,Financial Services,0.1052067554992131,0.6890559483472455,-0.0006671917563533,,0.0213614188746349,-0.19964922817928693,0
ABCAPITAL,2017,Financial Services,0.1036532537851302,0.4250645945229986,-0.0006671917563533,,0.0213614188746349,-0.19966768093005172,0
RBLBANK,2023,Financial Services,0.1031968976313862,0.8480279599339272,-0.000708737715707,,0.0213614188746349,-0.19966768093005172,0
NHPC,2018,Power,-0.0346754053014334,0.2955867680425418,-0.0238625293236217,,0.02714301304713805,-0.19968715628243838,0
JWL,2023,Capital Goods,0.0264008225012851,0.1762992338008861,0.0464515076513724,,0.0147344734730676,-0.1997220770623423,0
APOLLOHOSP,2024,Healthcare,-0.09245499396734,0.3185125013439094,0.01797905517064,0.1377806727098373,0.018909635366554302,-0.19974948156401207,0
GODREJIND,2021,Diversified,0.034980893738052,0.3499100452588048,-0.010136157146927,,0.01061696811920515,-0.19976818161343396,0
THERMAX,2019,Capital Goods,0.0649259798174974,0.0353841803582894,-0.0040385462397376,,0.0147344734730676,-0.19986902497690479,0
BEML,2023,Capital Goods,-0.0787287787111555,0.0746989367326558,-0.0683960969763304,,0.0147344734730676,-0.19990244324463896,0
CRISIL,2026,Financial Services,0.0131749745698052,,-0.0006671917563533,0.2862868354736421,0.016122264110104,-0.19991494562224865,0
GODREJIND,2019,Diversified,-0.0361709742964995,0.3955008870175313,-0.0174602674834034,,0.01061696811920515,-0.19992724376619492,0
CHALET,2017,Consumer Services,-0.0207691744689475,0.7420011372657204,-0.0014446844736112998,,0.0123079908665588,-0.19993075260114646,0
EIHOTEL,2020,Consumer Services,-0.0378694761486684,0.1457576371535985,0.0160814269200973,,0.0123079908665588,-0.1999309130020352,0
PIIND,2021,Chemicals,0.0019137662634427,0.0532426912695125,-0.0695086815765393,,0.02157821562095625,-0.20006909435116693,0
CHOLAHLDNG,2020,Financial Services,0.0324967510236022,0.7266194324778464,-0.0159379966541416,,0.0213614188746349,-0.2000829142592065,0
POLYMED,2018,Healthcare,-0.0077369781523316,0.2352253815374809,0.0147636242336184,,0.018909635366554302,-0.20014531725316642,0
PNB,2026,Financial Services,-0.0097478917536763,0.9011586726695918,-0.0047831328534364,0.7540162498805418,0.0250089702721602,-0.20016147192998723,0
CENTRALBK,2020,Financial Services,-0.0083485491333797,0.8967564334470818,-0.0251032501423631,,0.0213614188746349,-0.20018232716703982,0
GICRE,2026,Financial Services,0.0062083904556714,,-0.0006671917563533,0.1403044254178558,0.0243739449873202,-0.20018449068394062,0
FORTIS,2022,Healthcare,-0.0269433570344331,0.1089761402753125,-0.0318811792804377,,0.018909635366554302,-0.2001989548081219,0
NEULANDLAB,2024,Healthcare,-0.0870858252935783,0.0520528659361767,-0.0292569532768683,0.2175966635680727,0.018909635366554302,-0.20024908013229548,0
GODREJPROP,2022,Realty,0.0451623158514364,0.29186466077571,0.0122743703585588,,0.03750103869543505,-0.20024920936561802,0
DIVISLAB,2021,Healthcare,0.0034686245455321,0.0004484329912987,-0.0041053757979624,,0.018909635366554302,-0.2002892812662379,0
CGCL,2021,Financial Services,0.0852474075705133,0.6491550090485595,0.0104932086167223,,0.0213614188746349,-0.20040458645686898,0
AXISBANK,2020,Financial Services,-0.0307828405736348,0.8593184655539864,-0.0153198180800447,,0.0213614188746349,-0.20044702580362184,0
ADANIENSOL,2024,Power,-0.0935427321357372,0.633253772994743,-0.0021795292808183,0.2848483601074394,0.02714301304713805,-0.20044911657730646,0
ICICIGI,2018,Financial Services,-0.0513639656264863,0.0163027128050245,-0.004467391263903,,0.0213614188746349,-0.20046432338043474,0
COROMANDEL,2018,Chemicals,0.0434640453191746,0.2770448307689496,0.0192796485827147,,0.02157821562095625,-0.20052307887266957,0
GLAND,2024,Healthcare,-0.0746511579689411,0.0350745748207961,0.0345675990622122,0.2600773093457606,0.018909635366554302,-0.20068042276719866,0
SAPPHIRE,2023,Consumer Services,-0.0573045331027667,0.3716225605237154,0.0070013550521106,,0.0123079908665588,-0.20073437553363555,0
SUNPHARMA,2017,Healthcare,-0.0019287852041354,0.1609247497154043,-0.0036016930944258,,0.018909635366554302,-0.2007405154457949,0
THERMAX,2025,Capital Goods,-0.0769290242091714,0.1509095461713839,0.0249393250926252,0.0966758771463707,0.0156526494101069,-0.20082378616868757,0
TRAVELFOOD,2022,Consumer Services,-0.0451386966391672,0.0530424671945074,0.0118197734965662,,0.0123079908665588,-0.20083432269779944,0
ANANTRAJ,2020,Realty,0.0241123002811866,0.3685049153170434,0.0227149097754323,,0.03750103869543505,-0.20084079539012034,0
ASIANPAINT,2019,Consumer Durables,-0.0193010701071584,0.0812119511300498,0.0424550379075218,,0.006957110708254,-0.20091482062285576,0
SAREGAMA,2020,Media Entertainment & Publication,-0.0571188847295727,0.0156512198270298,-0.0743177417982523,,0.035357351082854704,-0.20092494355905782,0
J&KBANK,2020,Financial Services,-0.0510647193330095,0.9170834284748158,0.007256952770801,,0.0213614188746349,-0.2009718015896127,0
CESC,2022,Power,-0.0304319658863263,0.3990241500719991,0.0009072822194562,,0.02714301304713805,-0.20098292774242,0
POLYMED,2017,Healthcare,-0.0020571178465915,0.2204617573038625,-0.0036016930944258,,0.018909635366554302,-0.20101488791099903,0
KEI,2026,Capital Goods,-0.0631767824403359,0.028251514630448,-0.0017722600080945,0.1242693087708062,0.0125820027171374,-0.20103043743748822,0
JPPOWER,2018,Power,-0.0910527966984274,0.6311252234361625,-0.0030447954348538,,0.02714301304713805,-0.2010476574384953,0
MFSL,2020,Financial Services,-0.0712054188720988,3.663140793017651e-05,-0.0006671917563533,,0.0213614188746349,-0.20108168822134115,0
NAUKRI,2023,Consumer Services,-0.0372082552946261,0.0064622052538058,0.0033342271569757,,0.0123079908665588,-0.20111815837001124,0
NTPC,2018,Power,-0.0323041063142756,0.4603614980459995,0.0027073358433165,,0.02714301304713805,-0.20112771943712277,0
HBLENGINE,2018,Capital Goods,-0.0947656389766831,0.2730335738565209,-0.0536082268567273,,0.0147344734730676,-0.2011700703611824,0
ESCORTS,2025,Capital Goods,-0.0492489703841786,0.0080322634594633,-0.0281328156188859,0.1325137403253782,0.0140012805137122,-0.2011928354337959,0
SUNPHARMA,2022,Healthcare,-0.0818593408527384,0.018492055495944,-0.0387166548954036,,0.018909635366554302,-0.20121160693079337,0
SAILIFE,2024,Healthcare,-0.0925022104332449,0.4102785145888594,-0.0180948828838178,0.2722952385283551,0.018909635366554302,-0.20123246072754108,0
SYRMA,2021,Capital Goods,0.0327971328554759,0.1072470411735289,-0.0519057383710582,,0.0147344734730676,-0.2012405013957413,0
BIOCON,2017,Healthcare,-0.0029699176087373,0.2450980392156862,-0.0036016930944258,,0.018909635366554302,-0.20126213232641949,0
J&KBANK,2018,Financial Services,-0.0240843339156714,0.910223334170342,0.0111487704442201,,0.0213614188746349,-0.20135830430329166,0
SYNGENE,2023,Healthcare,-0.0615846338535414,0.1398044932258617,-0.0438110213505068,,0.018909635366554302,-0.20137187721773114,0
PVRINOX,2018,Media Entertainment & Publication,-0.1369360161822634,0.353671883317364,-0.0147151032610842,,0.035357351082854704,-0.2013943561642999,0
CAMS,2021,Financial Services,-0.069759707325185,0.0940146574968226,-0.0006671917563533,,0.0213614188746349,-0.20139520674695677,0
IDEA,2024,Telecommunication,-0.1483000022162485,1.3179057207861953,0.1706228490614012,0.4238553566609697,0.0271052256093291,-0.2014122424581754,0
BEML,2024,Capital Goods,-0.0774989850067159,0.0126807090465859,-0.0620182276860698,0.0689222056019274,0.0147344734730676,-0.20145248408933775,0
EMMVEE,2024,Capital Goods,-0.0622377236251196,0.6657494662445703,0.0398093922323941,0.3822900300971057,0.0147344734730676,-0.20147078710271227,0
INDUSINDBK,2019,Financial Services,0.0348775307239525,0.8717458058380818,0.0147762959688767,,0.0213614188746349,-0.20147472419257056,0
ONESOURCE,2021,Healthcare,-0.0025838560672915,0.3068110445933806,-0.0036016930944258,,0.018909635366554302,-0.20153607885410857,0
WOCKPHARMA,2024,Healthcare,-0.0269240872077751,0.3094299973732597,0.0239771153970475,0.1775312066574202,0.018909635366554302,-0.20154509214158806,0
VIJAYA,2020,Healthcare,-0.0903473302229134,0.3343286677034733,-0.0245031114466878,,0.018909635366554302,-0.20162133404215488,0
KIRLOSENG,2018,Capital Goods,0.0012960518420736,0.0566982679307172,0.0509618131058749,,0.0147344734730676,-0.20163180970896133,0
COCHINSHIP,2020,Capital Goods,0.0591734897774228,0.0191863430674127,-0.0042384803894056,,0.0147344734730676,-0.2016610549187285,0
LUPIN,2019,Healthcare,-0.0383000091464219,0.3071487783019396,0.0326352818751731,,0.018909635366554302,-0.2016644118668116,0
IDFCFIRSTB,2024,Financial Services,-0.037820223221529,0.8490804726299043,0.0083273191530184,0.3299564700379643,0.0213614188746349,-0.20171472838482463,0
BHEL,2026,Capital Goods,-0.0710212895961764,0.1064791952012146,-0.0244538110392581,0.0654557453375804,0.0133471042937709,-0.20175793118821062,0
MFSL,2023,Financial Services,-0.0723981721961069,0.0039646112381704,-0.0004695475213759,,0.0213614188746349,-0.20179542867993844,0
EIHOTEL,2017,Consumer Services,-0.0380931933928678,0.0975443383356071,-0.0014446844736112998,,0.0123079908665588,-0.20180609195570737,0
ITI,2018,Telecommunication,0.0484557047832902,0.17318702424833,-0.0994592308585864,,0.0271052256093291,-0.20180820254612547,0
GALLANTT,2023,Capital Goods,0.0153789286634744,0.1823564520285943,0.0386019893366985,,0.0147344734730676,-0.20184069713026354,0
INDIAMART,2023,Consumer Services,-0.0557740685440063,0.0133363931607048,-0.0057490130145838,,0.0123079908665588,-0.201865490151651,0
CHALET,2023,Consumer Services,-0.0592179717617724,0.5755409906175171,-0.0061176469158257,,0.0123079908665588,-0.201865490151651,0
DEVYANI,2018,Consumer Services,-0.0618131868131868,0.5093681318681319,-0.0046102544924534,,0.0123079908665588,-0.201865490151651,0
BLS,2023,Consumer Services,-0.0632232541411918,0.0069072753813281,-0.0107138699931211,,0.0123079908665588,-0.201865490151651,0
COCHINSHIP,2021,Capital Goods,-0.0134492318982452,0.0714837338872161,0.0522973908198034,,0.0147344734730676,-0.2019075721190991,0
NBCC,2025,Construction,-0.0349603817688924,2.9872370297902216e-05,-1.9580702268594503e-05,0.0375696055108705,0.0096194202296444,-0.2019151380023364,0
BIOCON,2019,Healthcare,-0.0204471638069617,0.1986565401397592,-0.0279768922956492,,0.018909635366554302,-0.20191588062793536,0
BANKINDIA,2019,Financial Services,0.0060098969848562,0.89845806585752,-0.0225590812679846,,0.0213614188746349,-0.20193038805526553,0
SUMICHEM,2018,Chemicals,0.058900499882416,0.0061203938759881,-0.0058768642923029,,0.02157821562095625,-0.2019317787398524,0
KIRLOSENG,2026,Capital Goods,-0.075466305239768,0.4955172000479444,-0.0597766503799401,0.1502002970698114,0.014991208524894,-0.20196530413165226,0
M&MFIN,2020,Financial Services,0.0512317865508093,0.8024473613621187,0.0139679087985113,,0.0213614188746349,-0.20202521033056536,0
PRESTIGE,2020,Realty,-0.0618535016504897,0.3145429687102432,0.0160563457250604,,0.03750103869543505,-0.20203012688872174,0
MCX,2020,Financial Services,-0.07776217536623,,-0.0006671917563533,,0.0213614188746349,-0.2020421223702939,0
EMMVEE,2021,Capital Goods,-0.0754399807883632,0.6897320662801468,0.037190275577147,,0.0147344734730676,-0.20206717359209525,0
LTF,2017,Financial Services,0.0940765012853186,0.8415865411136486,-0.0006671917563533,,0.0213614188746349,-0.20208189520068165,0
LICHSGFIN,2017,Financial Services,0.1073892645438125,0.8366857281894883,-0.0006671917563533,,0.0213614188746349,-0.20209688114573993,0
GLENMARK,2021,Healthcare,-0.0103481065282895,0.3201139274072334,-0.011799797099119,,0.018909635366554302,-0.20212086024348513,0
IPCALAB,2024,Healthcare,-0.0627653295245132,0.1296164295916482,-0.0421676420504751,0.2062377247402432,0.018909635366554302,-0.20212535389296415,0
ITCHOTELS,2024,Consumer Services,-0.0449076023529573,0.0072231824994626,-0.0014446844736112998,0.3748178057908213,0.0123079908665588,-0.20215514607523238,0
URBANCO,2023,Consumer Services,-0.0456490378737866,0.0624159514902564,-0.0014446844736112998,,0.0123079908665588,-0.20215514607523238,0
POLICYBZR,2023,Financial Services,-0.0301005911388336,0.0362310382265515,0.0092915506448168,,0.0213614188746349,-0.20219604155414422,0
NHPC,2024,Power,-0.0760937987040152,0.3528994048978979,0.0102527361920433,0.4439031643023317,0.02714301304713805,-0.2022647061046493,0
POLYCAB,2022,Capital Goods,0.0535584667898919,0.0159405820369945,-0.024331988422184,,0.0147344734730676,-0.20235718725679203,0
LT,2019,Construction,0.0491337405920084,0.4515784507652114,0.009528262623506,,0.00811929390513665,-0.20236226786136152,0
BANDHANBNK,2023,Financial Services,0.0412674934358559,0.8509226972303382,0.0137747420785788,,0.0213614188746349,-0.20237646495270267,0
AXISBANK,2019,Financial Services,-0.0394162752258327,0.8746382836340312,0.0057709795027464,,0.0213614188746349,-0.2023942237004564,0
COHANCE,2024,Healthcare,-0.0911280877342419,0.0288365985235661,-0.0069461815858068,0.3510196235008799,0.018909635366554302,-0.20239536473260283,0
JSWENERGY,2022,Power,-0.0400930581308542,0.2930619978986873,-0.0263708771399002,,0.02714301304713805,-0.20239726727897406,0
JSWSTEEL,2026,Metals & Mining,-0.0760259291398734,0.3682813044671398,-0.0424238463989625,0.1960349632632379,0.0342738888580126,-0.20244159548300145,0
THELEELA,2023,Consumer Services,-0.0646749064766813,0.6609264850549907,-0.0014446844736112998,,0.0123079908665588,-0.20244961864625466,0
TRITURBINE,2017,Capital Goods,0.0642923505729328,0.000650356147414,-0.0021900725510935,,0.0147344734730676,-0.2024628299086722,0
KEI,2017,Capital Goods,0.0646006962759784,0.4287635826563983,-0.0021900725510935,,0.0147344734730676,-0.2024628299086722,0
RAMCOCEM,2022,Construction Materials,-0.0192597670678579,0.3001843818117147,0.0286962334133025,,0.02233657876759495,-0.20249739008854772,0
TATAPOWER,2024,Power,-0.082512095985456,0.3861039276714724,-0.0270466949780469,0.2000531477364132,0.02714301304713805,-0.20250680012761313,0
WOCKPHARMA,2019,Healthcare,-0.048360219320026,0.4319078896846891,-0.0292152722858335,,0.018909635366554302,-0.2025400286098561,0
CEMPRO,2022,Construction,-0.0746290530414055,0.154979233606716,0.0116325244632377,,0.00811929390513665,-0.20254051110305832,0
MFSL,2021,Financial Services,-0.0659500748291168,3.528568915449472e-05,-1.345718775681791e-06,,0.0213614188746349,-0.20264406072235985,0
IOB,2023,Financial Services,0.0502768234336315,0.89898897408949,0.0118391007841485,,0.0213614188746349,-0.2026595575571974,0
POLYMED,2023,Healthcare,-0.0073230578046043,0.0944832964538647,0.0024530530686973,,0.018909635366554302,-0.2026706710049127,0
PCBL,2017,Chemicals,-0.1074230256426157,0.2938707326904592,-0.0058768642923029,,0.02157821562095625,-0.2026836696120679,0
TATACHEM,2017,Chemicals,-0.1075928517615156,0.2998229093488346,-0.0058768642923029,,0.02157821562095625,-0.2026836696120679,0
CUMMINSIND,2026,Capital Goods,-0.0995169056484265,0.0032297701475821,0.0003129162194178,0.1798476945484689,0.0139270953983213,-0.20271218394455465,0
JUBLFOOD,2019,Consumer Services,-0.0558968389968422,,-0.0014446844736112998,,0.0123079908665588,-0.20271808076223674,0
LEMONTREE,2017,Consumer Services,-0.05779160299131,0.361104831490139,-0.0014446844736112998,,0.0123079908665588,-0.20271808076223674,0
MEESHO,2024,Consumer Services,-0.0619155537504295,0.0173684627937101,-0.0014446844736112998,-0.0488195502195143,0.0123079908665588,-0.20271808076223674,0
DEEPAKNTR,2019,Chemicals,0.0386267702800764,0.4042251649763054,0.0236596440103678,,0.02157821562095625,-0.20272194069922372,0
LUPIN,2022,Healthcare,-0.0875390100173244,0.192059761245069,-0.0120773727053872,,0.018909635366554302,-0.20278854942504038,0
ECLERX,2020,Services,-0.0718621954475281,0.0908869310861162,0.0898326248448758,,0.01447484218491725,-0.202838276156515,0
SHREECEM,2021,Construction Materials,-0.0914751289558907,0.1036518560491085,-0.0540734324840729,,0.02233657876759495,-0.20285231559824957,0
SAPPHIRE,2018,Consumer Services,-0.0529970497229617,0.0368304909932599,-0.0014446844736112998,,0.0123079908665588,-0.20285957923934067,0
ABBOTINDIA,2021,Healthcare,-0.0093869208035516,0.0397297191735343,-0.0095760028051227,,0.018909635366554302,-0.20289543286780154,0
WOCKPHARMA,2020,Healthcare,-0.0881455534472474,0.439667340070646,0.0077594503859569,,0.018909635366554302,-0.20296163190485966,0
BANKINDIA,2025,Financial Services,-0.014882419480796,0.8932725370944459,0.0043953582168466,0.7269842319609191,0.0199065897084106,-0.20297018214998308,0
HUDCO,2020,Financial Services,0.0399923757739824,0.807041006881245,-0.0147265662595917,,0.0213614188746349,-0.20297023872264114,0
ICICIGI,2019,Financial Services,-0.0576921810325058,0.0145198191040104,-0.0017828937010141,,0.0213614188746349,-0.20300086616523544,0
ICICIGI,2020,Financial Services,-0.0604469132276283,0.0130932136928558,-0.0014266054111545,,0.0213614188746349,-0.20300086616523544,0
BDL,2019,Capital Goods,0.0613874686789392,0.0009758411424764,0.0004215423979856,,0.0147344734730676,-0.20302463596265807,0
AMBER,2025,Consumer Durables,-0.0875962736604758,0.2443256393520441,0.0108042992996328,0.0806947077972828,0.0074307451937812,-0.20302870745634488,0
INDIANB,2022,Financial Services,-0.0365059343215925,0.9060846086961178,0.00638688266738,,0.0213614188746349,-0.20303600873579142,0
DALBHARAT,2022,Construction Materials,-0.0452407977947138,0.1287497973082536,-0.0466591399118871,,0.02233657876759495,-0.20305066109012243,0
CIPLA,2019,Healthcare,-0.0068786557982923,0.1816449098578355,0.0008982916484313,,0.018909635366554302,-0.20306674247265333,0
JKCEMENT,2019,Construction Materials,-0.0584850782310263,0.4010840912708798,-0.0543900243607322,,0.02233657876759495,-0.2031004150369896,0
TARIL,2021,Capital Goods,-0.0965890668568834,0.2843525063225472,-0.045922034590588,,0.0147344734730676,-0.2031040511644333,0
NAM-INDIA,2017,Financial Services,-0.075112976585694,0.0146248007370899,-0.0006671917563533,,0.0213614188746349,-0.20312641611247656,0
GICRE,2020,Financial Services,-0.0730084020567386,,-0.0006671917563533,,0.0213614188746349,-0.20312641611247656,0
CANHLIFE,2022,Financial Services,-0.0730234668812546,,-0.0006671917563533,,0.0213614188746349,-0.20312641611247656,0
UTIAMC,2021,Financial Services,0.0934732285945183,,-0.0006671917563533,,0.0213614188746349,-0.20320705333541056,0
GALLANTT,2018,Capital Goods,-0.0865456463452156,0.0815788316997055,-0.0593058282436975,,0.0147344734730676,-0.2032094079252303,0
ANANTRAJ,2023,Realty,0.0276225846879892,0.2477746305588328,-0.0448039496496501,,0.03750103869543505,-0.20328527275706282,0
CHAMBLFERT,2017,Chemicals,-0.1138617240861434,0.5732543606076366,-0.0058768642923029,,0.02157821562095625,-0.20329486107089284,0
CHOICEIN,2017,Financial Services,0.0904904765227098,0.5125584315914323,-0.0006671917563533,,0.0213614188746349,-0.2032972533954473,0
LODHA,2021,Realty,-0.06318785245661,0.4628288418422394,0.0100882760722733,,0.03750103869543505,-0.20330275971526068,0
IPCALAB,2018,Healthcare,-0.0247135262272934,0.1524847165391829,-0.0282826006288504,,0.018909635366554302,-0.20333597345939336,0
PAGEIND,2022,Textiles,0.0994902560110871,0.0521657000199341,-0.0225694267838802,,0.0200266138250189,-0.20339245274318907,0
APARINDS,2019,Capital Goods,-0.1000570913279684,0.0510957298510985,-0.0336897513982436,,0.0147344734730676,-0.20344322341526477,0
CRISIL,2019,Financial Services,-0.0603471247623954,0.0015810697980138,-4.230368473229608e-06,,0.0213614188746349,-0.20349732488446293,0
PCBL,2020,Chemicals,-0.0741543982166697,0.1863586112738849,-0.0478905443509526,,0.02157821562095625,-0.2035386939617544,0
MAHABANK,2024,Financial Services,-0.0330891303398553,0.9060168805406013,-0.0081165478988447,0.6412577395219995,0.0213614188746349,-0.203580259458027,0
ABREL,2017,Realty,-0.0807869725395498,0.5514622225318102,-0.0193720440279249,,0.03750103869543505,-0.20359740690830963,0
UNIONBANK,2022,Financial Services,-0.0260298837055626,0.9094020977870184,0.0062271423601959,,0.0213614188746349,-0.2036265551390089,0
CANBK,2021,Financial Services,-0.0476686497002728,0.8995016530178385,-0.0016769274226331,,0.0213614188746349,-0.20362949131514535,0
ANTHEM,2020,Healthcare,-0.092490982065742,0.2015444800081288,-0.0036016930944258,,0.018909635366554302,-0.20366648406019916,0
BANKINDIA,2021,Financial Services,-0.0488345004949874,0.9028041656459052,0.0021654717599325,,0.0213614188746349,-0.2036785995834388,0
PINELABS,2021,Financial Services,-0.03656333550112,0.0417660235566153,-0.0094175791310312,,0.0213614188746349,-0.20371254104574055,0
CAMS,2022,Financial Services,-0.0360580691687831,0.0856405271794228,-0.0083741303173997,,0.0213614188746349,-0.20371254104574055,0
ICICIBANK,2022,Financial Services,-0.018829525363655,0.7149045685651187,0.0135248709550639,,0.0213614188746349,-0.20375909970305517,0
SCHNEIDER,2023,Capital Goods,0.0265700126839916,0.4561001150408543,-0.0486788064104332,,0.0147344734730676,-0.20378624475317647,0
CHOLAHLDNG,2022,Financial Services,0.0691571512148821,0.7080700986388574,-0.011861592815781,,0.0213614188746349,-0.2038378859985281,0
KAYNES,2022,Capital Goods,0.0330484238938337,0.3043925323736384,-0.049590823612722,,0.0147344734730676,-0.20387831072812235,0
REDINGTON,2020,Services,-0.0307439665886987,0.1893828068851087,0.0841099017345951,,0.01447484218491725,-0.2039049788633578,0
M&MFIN,2022,Financial Services,0.013349457365081,0.7412794502715412,-0.0192368708597914,,0.0213614188746349,-0.20391319004443548,0
ICICIBANK,2018,Financial Services,-0.0103806250225421,0.7250837679777666,0.0140596295431641,,0.0213614188746349,-0.20393323897112503,0
UCOBANK,2022,Financial Services,-0.013990212780234,0.8876249601825844,0.0137637926704954,0.6209675502198978,0.0213614188746349,-0.20393323897112503,0
KALYANKJIL,2023,Consumer Durables,-0.0541643524892769,0.4009623866442016,-0.0494850625321677,,0.006957110708254,-0.20393757720492234,0
NAM-INDIA,2020,Financial Services,-0.0658490782170416,,-0.0006671917563533,,0.0213614188746349,-0.20397166076351847,0
CRISIL,2020,Financial Services,-0.0660458160560125,,-0.0006671917563533,,0.0213614188746349,-0.20397166076351847,0
HDFCLIFE,2019,Financial Services,-0.0660693963355445,,-0.0006671917563533,,0.0213614188746349,-0.20397166076351847,0
FEDERALBNK,2021,Financial Services,-0.0464207520330637,0.8999357553614123,0.0012357971986671,,0.0213614188746349,-0.20397246994079837,0
WHIRLPOOL,2024,Consumer Durables,-0.093050700090891,0.0379605569170031,0.0190338232234512,0.0406252749508754,0.006957110708254,-0.20397744341069923,0
SUNPHARMA,2020,Healthcare,-0.0409101520478538,0.1219292163922156,-0.0408581579701616,,0.018909635366554302,-0.20400968816624032,0
NLCINDIA,2024,Power,-0.0880972830851725,0.407634334081177,-0.0128989657598411,0.2345907373279201,0.02714301304713805,-0.2040641777512024,0
HAL,2017,Capital Goods,0.0585445184631172,0.0197517765447774,-0.0021900725510935,,0.0147344734730676,-0.20408247253268436,0
AUROPHARMA,2024,Healthcare,-0.0355279479770531,0.1486593857977211,0.0148491033188816,0.1977785353674616,0.018909635366554302,-0.20414710081784432,0
RAINBOW,2022,Healthcare,-0.065954589655332,0.4567660178739562,-0.0328526712601175,,0.018909635366554302,-0.20415497177254588,0
GLENMARK,2018,Healthcare,-0.067023041006338,0.3683401122793534,-0.0331990083834221,,0.018909635366554302,-0.20415497177254588,0
CIPLA,2021,Healthcare,-0.0543276921442848,0.0810455565175689,-0.039197591288478,,0.018909635366554302,-0.20420030173386378,0
NEULANDLAB,2020,Healthcare,-0.0334124031259646,0.2142520593348389,0.0094836247791702,,0.018909635366554302,-0.20423491676237882,0
GMRAIRPORT,2019,Services,-0.1405560207887715,0.688198619205559,0.0696822624316239,,0.01447484218491725,-0.20423752022163466,0
SHYAMMETL,2023,Capital Goods,-0.0574087617680846,0.1010528748796887,0.0365972415399458,,0.0147344734730676,-0.2042624159621621,0
COHANCE,2023,Healthcare,-0.0233549535800584,0.035782780109373,-0.0173001510391356,,0.018909635366554302,-0.20428480952768807,0
IRB,2018,Construction,-0.030024826121824,0.3424578677661763,0.0430833063568373,,0.00811929390513665,-0.20429401289154114,0
AARTIIND,2019,Chemicals,-0.0417331007145856,0.409884703496451,-0.0644495725757436,,0.02157821562095625,-0.20440803893805837,0
TORNTPHARM,2022,Healthcare,-0.0794814617380066,0.3153232379895678,-0.0309823539789713,,0.018909635366554302,-0.2044186837999371,0
ABSLAMC,2019,Financial Services,0.087730069538059,0.0479625749102411,0.0027541864434148,,0.0213614188746349,-0.20454553943215814,0
CONCORDBIO,2022,Healthcare,-0.0247869042268755,0.0476085284013437,-0.0254122573648883,,0.018909635366554302,-0.2045709533685015,0
LAURUSLABS,2020,Healthcare,-0.0245712365878111,0.2878207726274024,-0.0231581868435373,,0.018909635366554302,-0.20458930359611593,0
CANFINHOME,2024,Financial Services,0.0760000601067441,0.8705352642169525,-0.0084378021028994,0.9207999107604627,0.0213614188746349,-0.20459760429057394,0
SHRIRAMFIN,2019,Financial Services,0.0769374007234942,0.8339525294076634,-0.009627062319652,,0.0213614188746349,-0.20459760429057394,0
INDUSINDBK,2023,Financial Services,0.0434342267459027,0.841198354967797,-0.0063149183729401,,0.0213614188746349,-0.20461486240987747,0
DALBHARAT,2026,Construction Materials,-0.0628401334976998,0.2226765687483087,0.033687141815161,0.2069408740359897,0.0241784705939463,-0.204658239589747,0
ANURAS,2023,Chemicals,-0.0294394799254616,0.2175032822293749,-0.0717876831578351,,0.02157821562095625,-0.2046773340242084,0
BPCL,2025,Oil Gas & Consumable Fuels,-0.0755070170089854,0.2797872922072135,0.0100527951090094,0.0981822730731383,0.0228387664183132,-0.20467918224390352,0
BPCL,2021,Oil Gas & Consumable Fuels,-0.0452866795106561,0.3387534521793721,-0.0952618512828184,,0.02732774499087675,-0.20468704075352429,0
CANBK,2019,Financial Services,-0.0247756334548174,0.8993834228730531,0.0065661726796167,,0.0213614188746349,-0.20470456517657498,0
UNIONBANK,2018,Financial Services,-0.0230287475273379,0.9284255493305614,0.0101954559720927,,0.0213614188746349,-0.20477789426443993,0
CIPLA,2023,Healthcare,-0.0148716723549488,0.0274102389078498,-0.0119006934468741,,0.018909635366554302,-0.2047818523707559,0
FEDERALBNK,2018,Financial Services,0.0430013117965579,0.8928645364255203,-0.0077450972833688,,0.0213614188746349,-0.20479301382500503,0
FEDERALBNK,2022,Financial Services,0.0430666318070924,0.8896038539425096,-0.0103319014189027,,0.0213614188746349,-0.20479301382500503,0
CESC,2018,Power,-0.0471705491923,0.4419340052494583,0.0256223740009329,,0.02714301304713805,-0.20481699532066772,0
BSE,2020,Financial Services,-0.0613168236973749,,-0.0006671917563533,,0.0213614188746349,-0.20482151904471813,0
CANHLIFE,2024,Financial Services,-0.0588578360773175,,-0.0006671917563533,-0.0149429911041063,0.0213614188746349,-0.20482151904471813,0
RBLBANK,2017,Financial Services,-0.0613622491629777,0.8745225783879498,-0.0006671917563533,,0.0213614188746349,-0.20482151904471813,0
POLYMED,2020,Healthcare,-0.0451305175087641,0.2692713695541683,0.0235033444757984,,0.018909635366554302,-0.20483521800151733,0
EMCURE,2023,Healthcare,-0.0323849837871572,0.3518902923437092,-0.0163650204443522,,0.018909635366554302,-0.20484290958535623,0
APLAPOLLO,2020,Capital Goods,-0.0831529410323849,0.255493672746423,-0.053867222461733,,0.0147344734730676,-0.20484878513339633,0
DALBHARAT,2019,Construction Materials,-0.0747395072548446,0.2864446392053754,-0.0536602100737858,,0.02233657876759495,-0.20488663631330223,0
JAINREC,2023,Metals & Mining,0.0725390922532371,0.6618396881580716,-0.0054679898835277504,,0.02556926581353005,-0.20497279581160982,0
SAREGAMA,2022,Media Entertainment & Publication,0.0344635546576454,0.0007702014965607,-0.000632859727929,,0.035357351082854704,-0.20501499755668412,0
IRFC,2023,Financial Services,0.07110062463206,0.852972983186247,-0.0102648942475654,,0.0213614188746349,-0.20501822786792478,0
MANAPPURAM,2025,Financial Services,0.0143813643629209,0.7332038740241014,-0.000944240832798,0.5609465997765609,0.0184824313617773,-0.20502965982531396,0
POWERGRID,2020,Power,-0.0766709913966561,0.5776638767281697,-0.014041930080214,,0.02714301304713805,-0.20503053453361203,0
MANAPPURAM,2022,Financial Services,0.0518081472890435,0.7340451806845815,-0.0103324541135328,,0.0213614188746349,-0.20504537252741822,0
SHRIRAMFIN,2021,Financial Services,0.0518634940766033,0.8201500020090792,-0.0089219363199692,,0.0213614188746349,-0.20504537252741822,0
KARURVYSYA,2020,Financial Services,-0.0332287757565851,0.8825552881689712,-0.0034150562723133,,0.0213614188746349,-0.20505236090993573,0
SYNGENE,2019,Healthcare,-0.0806804374240583,0.2196030781692993,-0.0273081792781763,,0.018909635366554302,-0.20505822918995276,0
FEDERALBNK,2019,Financial Services,-0.0408361827133522,0.8943195953322923,0.001455058906772,,0.0213614188746349,-0.20506937091347066,0
TORNTPHARM,2020,Healthcare,-0.0262810016459977,0.4128806102040437,-0.0149462382848413,,0.018909635366554302,-0.20508185586350475,0
ICICIBANK,2019,Financial Services,-0.0358548830104417,0.7197654647780029,-0.0053183031997637,,0.0213614188746349,-0.20510609368061844,0
POWERINDIA,2024,Capital Goods,-0.0244149068375759,0.0453926502484402,-0.0399229416474589,0.1030136952483228,0.0147344734730676,-0.20510767466688906,0
RECLTD,2022,Financial Services,0.0339419192552871,0.8105987369082258,-0.0119271056489304,,0.0213614188746349,-0.20519448267056345,0
RAINBOW,2018,Healthcare,-0.0260053619302948,0.0537980339588918,-0.0123352859989754,,0.018909635366554302,-0.20519616762178905,0
SUMICHEM,2019,Chemicals,0.0473343512763715,0.0106185079249016,0.0044981140489134,,0.02157821562095625,-0.20520209869246125,0
ICICIPRULI,2019,Financial Services,-0.0627760004969151,,-0.0006671917563533,,0.0213614188746349,-0.20522731344358142,0
CUMMINSIND,2020,Capital Goods,0.0169317002551617,0.0825959035324003,0.031015693409749,,0.0147344734730676,-0.20525137553911127,0
TORNTPOWER,2018,Power,-0.0806227624647893,0.4116197109836058,-0.0100769271840438,,0.02714301304713805,-0.20532597533735908,0
JUBLINGREA,2023,Chemicals,-0.0364698434216131,0.0957286319807766,0.0328424510769183,,0.02157821562095625,-0.20533062930550727,0
TATACHEM,2024,Chemicals,-0.0835989213042412,0.1515349622728882,-0.0286596570745645,0.1208913649025069,0.02157821562095625,-0.20533832435154736,0
GLENMARK,2023,Healthcare,-0.016939606642242,0.2378730866540328,0.0055209406329992,,0.018909635366554302,-0.20534084538002662,0
LAURUSLABS,2022,Healthcare,-0.0119947646684003,0.2549727039454423,-0.0026815949299969,,0.018909635366554302,-0.2053653693208608,0
MAHABANK,2022,Financial Services,-0.0248844089606768,0.9100391769843472,0.0045703813004877,,0.0213614188746349,-0.20540440223196804,0
ZYDUSLIFE,2024,Healthcare,-0.076450616106512,0.0278903944260828,-0.0188547741835721,0.2633466815964775,0.018909635366554302,-0.20545934233806767,0
ALKEM,2024,Healthcare,-0.0848962112116289,0.0910702476420394,-0.0104573771794105,0.2250524556349799,0.018909635366554302,-0.20548836456636443,0
PAYTM,2024,Financial Services,-0.0459428229050757,0.0094474878027903,-0.0029816831776279,-0.1219912472647702,0.0213614188746349,-0.20554271974305288,0
SIGNATURE,2024,Realty,-0.007467292245132,0.22813946655118,-0.0582087328326995,0.0162983725791057,0.03750103869543505,-0.2055556200388175,0
BIOCON,2018,Healthcare,-0.0289998698659619,0.2266334324354084,-0.0184646067802778,,0.018909635366554302,-0.20565752214346805,0
HDFCLIFE,2017,Financial Services,-0.0561883567409423,,-0.0006671917563533,,0.0213614188746349,-0.20566894817297438,0
THERMAX,2023,Capital Goods,-0.0010491528684767,0.0939970800276152,0.0446931092686202,,0.0147344734730676,-0.20567159889803288,0
RBLBANK,2024,Financial Services,-0.0354461614376826,0.8497822957992088,0.0017543358652816,0.1979160481259985,0.0213614188746349,-0.20570599784755195,0
CAPLIPOINT,2024,Healthcare,-0.0665018605547566,0.0809971387484618,-0.0203307794773298,0.3291950665368387,0.018909635366554302,-0.20572216984653235,0
ABREL,2022,Realty,0.0281256622439538,0.1726770420373079,0.016030340102437,,0.03750103869543505,-0.20577518546409734,0
GRAPHITE,2023,Capital Goods,0.0552704442716704,0.0663810773518863,-0.0027850229218878,,0.0147344734730676,-0.20578356271505932,0
BAJAJHLDNG,2019,Financial Services,0.0896291192261966,,-0.0006671917563533,,0.0213614188746349,-0.20579723500089353,0
JUBLPHARMA,2020,Healthcare,-0.0523694561192875,0.3905951218561186,-0.0370439898643928,,0.018909635366554302,-0.2058045067318165,0
SPLPETRO,2007,Chemicals,-0.0713624600970892,0.269583120832625,-0.0469058653294761,,0.02157821562095625,-0.20583664903729104,0
NTPC,2024,Power,-0.0731030852007892,0.4947673762093511,-0.0037091400565159,0.2960019685183505,0.02714301304713805,-0.20584705956587007,0
3MINDIA,2020,Diversified,0.0325214223061871,0.0177661763713649,0.0112515798986884,,0.01061696811920515,-0.20586489733352764,0
NH,2019,Healthcare,-0.0831234543120197,0.3080847292655307,-0.0088698118752113,,0.018909635366554302,-0.20586775084796272,0
INDIANB,2021,Financial Services,-0.0222455917226844,0.8996977260287378,-0.0063893319335514,,0.0213614188746349,-0.20587032767274277,0
LAURUSLABS,2023,Healthcare,-0.0266030494491149,0.2630528431935669,0.0080801392481245,,0.018909635366554302,-0.20588101353933064,0
HEG,2017,Capital Goods,-0.1085662155669874,0.3691154163810182,-0.0021900725510935,,0.0147344734730676,-0.20589028990194214,0
ABSLAMC,2022,Financial Services,0.0450109662633382,0.0223309265054995,-0.0075549418273718,,0.0213614188746349,-0.20591410040789065,0
CHENNPETRO,2017,Oil Gas & Consumable Fuels,0.0380353561555794,0.4732970428130056,-0.0042125857098745,,0.02732774499087675,-0.20594821837409522,0
TITAN,2019,Consumer Durables,0.013768761998456,0.2043563362095468,0.0267486378908758,,0.006957110708254,-0.20602108977297506,0
RBLBANK,2019,Financial Services,0.0096967839538872,0.8730302163778383,0.014160069068495,,0.0213614188746349,-0.20602750702411682,0
MOTILALOFS,2024,Financial Services,0.0287734549958373,0.4339649900302005,-0.0138758345363325,0.5324818653369586,0.0213614188746349,-0.20602875335079113,0
LUPIN,2018,Healthcare,-0.0576456051821974,0.2745134964267665,-0.0293915593044266,,0.018909635366554302,-0.20604043787965992,0
MEDANTA,2020,Healthcare,-0.0520348499225515,0.3483904601524965,0.0245015209593583,,0.018909635366554302,-0.20606437717426446,0
SYNGENE,2020,Healthcare,-0.0636575464219654,0.1856638401114607,-0.0339392380578385,,0.018909635366554302,-0.20608791204932042,0
GMDCLTD,2026,Metals & Mining,-0.0645905613565253,0.0352298998344859,0.0189164293513651,0.2107120797670519,0.0350289974024058,-0.20611160587735072,0
TATAPOWER,2020,Power,-0.0709006666487498,0.5791667832929333,0.0022183439284918,,0.02714301304713805,-0.20612925426350098,0
JSWENERGY,2020,Power,-0.0393930363065558,0.3947036878527442,-0.0124106927246511,,0.02714301304713805,-0.20616366524221663,0
TORNTPHARM,2017,Healthcare,-0.0078421528475066,0.2614533553873267,-0.0036016930944258,,0.018909635366554302,-0.2061750131716819,0
SHRIRAMFIN,2020,Financial Services,0.0435462792494586,0.8290719383290485,-0.0048805910786149,,0.0213614188746349,-0.20618202481340775,0
TORNTPOWER,2017,Power,-0.0926799191825141,0.4216966381676496,-0.00866163884820365,,0.02714301304713805,-0.20621256486712902,0
DEEPAKNTR,2020,Chemicals,-0.0477625025648678,0.3441088871893401,-0.0601162777869653,,0.02157821562095625,-0.20626884583532712,0
FEDERALBNK,2025,Financial Services,-0.0213988869307953,0.8776281375267454,0.0041837760523457,0.6474586541348583,0.0206166484110104,-0.20627973578387399,0
INDIANB,2023,Financial Services,0.0469153299856729,0.9017033395295893,-0.0043812691665285,,0.0213614188746349,-0.20628883677303178,0
TTML,2009,Telecommunication,-0.1219206898350167,0.8305761622463349,-0.0018913893871495,0.2218491864311001,0.0481666198007109,-0.20631735154385772,0
BERGEPAINT,2021,Consumer Durables,-0.0128446475284065,0.10709674802793,-0.0494294281124924,,0.006957110708254,-0.20636080282870883,0
CIPLA,2024,Healthcare,-0.0787949784415783,0.0171954041078268,-0.0102148348000229,0.2812001181964578,0.018909635366554302,-0.2064207160998215,0
PNBHOUSING,2023,Financial Services,0.0435302667565874,0.8018306150250397,-0.0039117284941139,,0.0213614188746349,-0.20644212795934747,0
USHAMART,2021,Capital Goods,-0.0248255512271435,0.2051641483569675,-0.0386644560957941,,0.0147344734730676,-0.20646458160930542,0
LICHSGFIN,2022,Financial Services,0.0746600577611743,0.8785582989921145,-0.0035216879484053,,0.0213614188746349,-0.20647368925888615,0
HAL,2020,Capital Goods,0.0250067063129374,0.1093483234955627,0.0294164137847154,,0.0147344734730676,-0.20650912224382817,0
JPPOWER,2023,Power,-0.0411402461642998,0.2750645109475049,-0.0176943290049236,,0.02714301304713805,-0.2065237226013817,0
PAYTM,2015,Financial Services,-0.0542707545689298,,-0.0006671917563533,,0.0213614188746349,-0.20652438411761803,0
MCX,2019,Financial Services,-0.0539494858971023,,-0.0006671917563533,,0.0213614188746349,-0.20652438411761803,0
MAHABANK,2017,Financial Services,-0.0555443859701838,0.923253636024148,-0.0006671917563533,,0.0213614188746349,-0.20652438411761803,0
HAL,2018,Capital Goods,0.0564986078958603,0.0186642857246029,-0.0010874908201744,,0.0147344734730676,-0.20652996635930382,0
CESC,2019,Power,-0.0331628704922607,0.4325953714498444,-0.0093386337996139,,0.02714301304713805,-0.20653294261614402,0
3MINDIA,2021,Diversified,-0.0598486905623944,0.0087232983345401,-0.0090428780368247,,0.01061696811920515,-0.20656941302754994,0
PNB,2020,Financial Services,0.0155398173606463,0.907581430630621,-0.0146865663694286,,0.0213614188746349,-0.20658799980963982,0
ACE,2021,Capital Goods,-0.0059035904822371,0.0517203801798557,-0.0346985961312147,,0.0147344734730676,-0.20659627911129763,0
BIOCON,2022,Healthcare,-0.0259663646597875,0.2530073690989445,0.0106547460594637,,0.018909635366554302,-0.2066355750885736,0
AARTIIND,2023,Chemicals,-0.0901432250696313,0.3388117796501532,0.009292973022965,,0.02157821562095625,-0.20663691916713417,0
APLAPOLLO,2018,Capital Goods,0.0306072859644779,0.3553672782622251,0.0331475859745498,,0.0147344734730676,-0.20665822546433593,0
TRITURBINE,2024,Capital Goods,-0.1069392887079391,0.0018680397557178,-0.0008733620438797,0.2171235597934048,0.0147344734730676,-0.20666420999592816,0
LT,2022,Construction,-0.0328944574159671,0.3934078369506919,-0.0407464005967955,,0.00811929390513665,-0.206665055776241,0
TATAPOWER,2022,Power,-0.043991740914415,0.4548656112719335,-0.0185825236599157,,0.02714301304713805,-0.2066730757246728,0
SYNGENE,2022,Healthcare,-0.033214709371293,0.1836155145763686,0.0007641056641799,,0.018909635366554302,-0.20668640461032517,0
MEDANTA,2022,Healthcare,-0.036579007604466,0.3525426638520817,0.006832948955511,,0.018909635366554302,-0.20670954066212122,0
JINDALSAW,2022,Capital Goods,0.0205726129067177,0.3667894731080651,0.0294686206106544,,0.0147344734730676,-0.20674354875354284,0
BRIGADE,2024,Realty,-0.0054726808297153,0.3062747135717333,0.0230891919047062,0.2826072106780332,0.03750103869543505,-0.20677371050095955,0
SYRMA,2024,Capital Goods,0.042817750712409,0.1707856699356595,0.023402137655075,0.0914798206278026,0.0147344734730676,-0.2067748484641152,0
HDFCLIFE,2018,Financial Services,-0.0509769754247764,,-0.0006671917563533,,0.0213614188746349,-0.2067828009640003,0
KFINTECH,2019,Financial Services,-0.0530936209360136,0.4256102096341678,-0.0006671917563533,,0.0213614188746349,-0.2067828009640003,0
J&KBANK,2017,Financial Services,-0.0498717689688098,0.8990745637261219,-0.0006671917563533,,0.0213614188746349,-0.2067828009640003,0
GICRE,2018,Financial Services,-0.0505975905418191,,-0.0006671917563533,,0.0213614188746349,-0.2067828009640003,0
ICICIPRULI,2020,Financial Services,-0.0482561073510989,,-0.0006671917563533,,0.0213614188746349,-0.2067828009640003,0
HDFCLIFE,2021,Financial Services,-0.0464332645496614,0.0033397337475196,-0.0006671917563533,,0.0213614188746349,-0.2067828009640003,0
INDUSINDBK,2017,Financial Services,-0.0487049251077106,0.8341785245891545,-0.0006671917563533,,0.0213614188746349,-0.2067828009640003,0
SIEMENS,2018,Capital Goods,0.0559000578949938,,-0.0021900725510935,,0.0147344734730676,-0.20678781745709868,0
AXISBANK,2018,Financial Services,0.0552024072301941,0.8688673041312848,0.006283151110887,,0.0213614188746349,-0.20680991461799875,0
DEEPAKFERT,2022,Chemicals,-0.0609263086147684,0.3037818340677274,-0.0583376239038416,,0.02157821562095625,-0.20682578364936693,0
ACE,2019,Capital Goods,-0.0180403653173976,0.0600293155936407,-0.0358337581462434,,0.0147344734730676,-0.206877078965098,0
NHPC,2017,Power,-0.0880544023462831,0.3194492973661636,-0.00866163884820365,,0.02714301304713805,-0.20690965849883253,0
BANDHANBNK,2022,Financial Services,-0.0055909796557183,0.8371479551517593,0.0117633875196225,,0.0213614188746349,-0.20691984022410764,0
JUBLPHARMA,2024,Healthcare,-0.0767704208084532,0.3231696023002902,-0.0132502637466299,0.1576000439150244,0.018909635366554302,-0.20694839737203286,0
NMDC,2024,Metals & Mining,-0.1545659225210264,0.0941862868234596,0.023145800620445,0.3611558155433378,0.02556926581353005,-0.20696398037398034,0
BLUESTARCO,2022,Consumer Durables,0.0186220041552274,0.1283900348742301,-0.0153308232868933,,0.006957110708254,-0.20697134194614047,0
ABBOTINDIA,2020,Healthcare,-0.0093547795931601,0.0493057219786571,-0.0036016930944258,,0.018909635366554302,-0.20697240641663484,0
NTPC,2017,Power,-0.0380003573600441,0.4576541622026829,-0.00866163884820365,,0.02714301304713805,-0.20697309817948106,0
SAILIFE,2020,Healthcare,-0.0277726570144216,0.2153178575986613,0.0104176955214401,,0.018909635366554302,-0.20702972368031858,0
POWERINDIA,2023,Capital Goods,0.0225927712319223,0.0853155918958992,0.0313977513337915,,0.0147344734730676,-0.20703208603500484,0
BIOCON,2020,Healthcare,-0.0371097544054391,0.1883793534064104,-0.0102771867333487,,0.018909635366554302,-0.2070553440530254,0
GODREJPROP,2024,Realty,0.0239320931997494,0.2988479596673948,0.0205239387717561,0.0095677483279663,0.03750103869543505,-0.20708322801703444,0
CUMMINSIND,2023,Capital Goods,0.0515858783831567,0.0474942666922602,-0.0112136336281844,,0.0147344734730676,-0.20708625908095268,0
APOLLOHOSP,2018,Healthcare,-0.0488085792531545,0.3986495447681493,0.0129545993096098,,0.018909635366554302,-0.2071264184279008,0
WELCORP,2024,Capital Goods,-0.053438558651292,0.1665467461471653,-0.0547926193614065,0.1202293614795586,0.0147344734730676,-0.20717366191627357,0
HUDCO,2022,Financial Services,0.0319713862975318,0.7795687537415866,-0.0127878045461177,,0.0213614188746349,-0.20719048001531076,0
HDFCLIFE,2020,Financial Services,-0.046059920354762,,-0.0006671917563533,,0.0213614188746349,-0.20719572338516434,0
AXISBANK,2017,Financial Services,-0.0462098863672658,0.8625841530203977,-0.0006671917563533,,0.0213614188746349,-0.20719572338516434,0
DRREDDY,2024,Healthcare,-0.0807020167768188,0.0516249481042916,0.0097982593734671,0.2712022144800267,0.018909635366554302,-0.2071988588525519,0
CARBORUNIV,2019,Capital Goods,0.0206352135305792,0.0435432259342103,-0.0184238552514801,,0.0147344734730676,-0.20723520372970822,0
DIXON,2020,Consumer Durables,-0.0688525363002074,0.0510736847067697,-0.0436642164905338,,0.006957110708254,-0.20724343868510914,0
DRREDDY,2021,Healthcare,-0.0608810774826142,0.1139917029927147,0.0188200434955717,,0.018909635366554302,-0.207243518162808,0
IRCON,2020,Construction,0.0609988723739475,,-0.0014410977528105,,0.00811929390513665,-0.20725575167370364,0
HUDCO,2017,Financial Services,0.0874466973655947,0.7167465914911519,-0.0006671917563533,,0.0213614188746349,-0.2072683944560934,0
PIIND,2017,Chemicals,0.0523985400191187,0.0521899713218041,-0.0058768642923029,,0.02157821562095625,-0.20729533854617832,0
WOCKPHARMA,2018,Healthcare,-0.0832645347513838,0.4611231619705226,-0.001999586293776,,0.018909635366554302,-0.2073520566354079,0
RAINBOW,2017,Healthcare,-0.010483021517781,0.0661333199578672,-0.0036016930944258,,0.018909635366554302,-0.2073586118028174,0
GRANULES,2017,Healthcare,-0.0126256174416624,0.3494400442854709,-0.0036016930944258,,0.018909635366554302,-0.2073586118028174,0
ERIS,2021,Healthcare,-0.0113262082409088,0.0037978086979901,-0.0036016930944258,,0.018909635366554302,-0.2073586118028174,0
LAURUSLABS,2019,Healthcare,-0.0612093576169477,0.3109789594709398,-0.0138473419425158,,0.018909635366554302,-0.20739774545795775,0
ELECON,2023,Capital Goods,-0.0413959349781487,0.0298170971396859,-0.0583603892857985,,0.0147344734730676,-0.20741183312717654,0
JYOTICNC,2020,Capital Goods,-0.0573059762602646,0.4960089387527072,0.0321420722148346,,0.0147344734730676,-0.20745280103639302,0
FSL,2026,Services,-0.1147753904111089,0.3199837921895876,-0.0112032947546603,0.1656262500596358,0.0081656758498912,-0.20745341302982517,0
MANAPPURAM,2024,Financial Services,0.0798283816324622,0.7341481148568995,-0.0041713975586378,0.5348084946791056,0.0213614188746349,-0.2074539169880929,0
CUB,2020,Financial Services,-0.0273439267230779,0.8618911627628282,0.0017536604649365,,0.0213614188746349,-0.20747866881967464,0
FEDERALBNK,2024,Financial Services,-0.0172635234688361,0.8734443614743996,-0.0177752715416077,0.676614997928387,0.0213614188746349,-0.2074921360233989,0
EMCURE,2020,Healthcare,-0.0699138430046727,0.3903893423712888,0.008748978642984,,0.018909635366554302,-0.20751945228633356,0
RITES,2019,Construction,0.0563826493376287,0.0087726411547449,-0.0019278006350064,,0.00811929390513665,-0.20754413640336333,0
KEI,2023,Capital Goods,-0.0096972269007864,0.0429240215906528,-0.0578338312447033,,0.0147344734730676,-0.2075546609986535,0
ABCAPITAL,2022,Financial Services,0.0481161568857651,0.4149092139072899,-0.0111974468105834,,0.0213614188746349,-0.20758026319726824,0
KEI,2024,Capital Goods,-0.0957147520423327,0.0356989459758957,-0.0072250756147571,0.099435736677116,0.0147344734730676,-0.20759714806351148,0
GALLANTT,2024,Capital Goods,-0.0735601317799542,0.147314808022886,-0.0350416440057082,0.1780349095071178,0.0147344734730676,-0.20759954341324233,0
SOLARINDS,2022,Chemicals,0.0395324872844696,0.2446671920031299,-0.0282106016185931,,0.02157821562095625,-0.20761080184841257,0
CENTRALBK,2022,Financial Services,-0.034084758284682,0.9058480836315383,-0.0025604368696593,,0.0213614188746349,-0.20762292252542836,0
LICHSGFIN,2024,Financial Services,0.0294763044670097,0.867230382573166,-0.0119837583525307,0.9580098415980788,0.0213614188746349,-0.20764292767155512,0
ASTRAL,2020,Capital Goods,-0.0688043335808833,0.0834389061203093,-0.0477125397374392,,0.0147344734730676,-0.20764645304854074,0
AARTIIND,2018,Chemicals,-0.0004417665195629,0.4743342760721946,0.0273986792673476,,0.02157821562095625,-0.20768222506610767,0
ICICIGI,2024,Financial Services,-0.0265745607723727,0.0005528501875504,-8.251765412311803e-05,0.1561796494462848,0.0213614188746349,-0.20773347364058187,0
ABSLAMC,2023,Financial Services,0.0570348478544682,0.0172266616931839,-0.0051042648123156,,0.0213614188746349,-0.20778163717696602,0
INDIACEM,2023,Construction Materials,-0.0093684432669818,0.2568442918161507,0.0002157359034481,,0.02233657876759495,-0.20779478623378494,0
KEI,2018,Capital Goods,-0.0207080467226148,0.3793487123351848,-0.0494148703212135,,0.0147344734730676,-0.20780918154340333,0
AEGISLOG,2022,Oil Gas & Consumable Fuels,0.0195575998707436,0.2108772266429696,-0.0304836065040802,,0.02732774499087675,-0.20785029101131497,0
SCHNEIDER,2021,Capital Goods,-0.007492950882445,0.547377032060431,0.0343299804886209,,0.0147344734730676,-0.20787776540479197,0
SOBHA,2022,Realty,-0.056657054270289,0.2193430324580993,-0.0529247564791369,,0.03750103869543505,-0.20788544780984225,0
PNB,2021,Financial Services,-0.0221831867541923,0.9111449298336004,0.0035634992029792,,0.0213614188746349,-0.2079115264178113,0
AIAENG,2018,Capital Goods,0.0419191124400031,0.0346492361993188,-0.0092989538374196,,0.0147344734730676,-0.20795113260269565,0
SRF,2018,Chemicals,-0.0258603062772853,0.3756829179924453,0.0318114308499017,,0.02157821562095625,-0.20801131404649498,0
MAXHEALTH,2018,Healthcare,-0.057809736121544,0.2969904771135719,0.0191576046683222,,0.018909635366554302,-0.20801324196423104,0
CESC,2021,Power,-0.0411301469848051,0.3981168678525428,0.0035304079639227,,0.02714301304713805,-0.20802268085804598,0
KIMS,2020,Healthcare,-0.0689170182841068,0.3086949969861362,0.006621016020074,,0.018909635366554302,-0.20810959829163617,0
ASTERDM,2019,Healthcare,-0.0299962702072443,0.3123214207710254,-0.0020873372209899,,0.018909635366554302,-0.2081429171616786,0
ABBOTINDIA,2019,Healthcare,-0.0165934469485739,,-0.0036016930944258,,0.018909635366554302,-0.20815911215284977,0
POWERGRID,2021,Power,-0.0679142695474059,0.5601409295142423,-0.0175229472139273,,0.02714301304713805,-0.2081638682156941,0
KARURVYSYA,2021,Financial Services,-0.0402842601609499,0.8818534828114424,-0.0007018053575288,,0.0213614188746349,-0.20818049559127216,0
ICICIBANK,2017,Financial Services,-0.0430618733132016,0.7110241384346024,-0.0006671917563533,,0.0213614188746349,-0.20818049559127216,0
ICICIGI,2017,Financial Services,-0.0396520557906407,0.0207701040689276,-0.0006671917563533,,0.0213614188746349,-0.20818049559127216,0
GICRE,2019,Financial Services,-0.0396585578045683,,-0.0006671917563533,,0.0213614188746349,-0.20818049559127216,0
GICRE,2022,Financial Services,-0.0438914403228544,,-0.0006671917563533,,0.0213614188746349,-0.20818049559127216,0
GICRE,2017,Financial Services,-0.0434620873191845,,-0.0006671917563533,,0.0213614188746349,-0.20818049559127216,0
POLICYBZR,2016,Financial Services,-0.0382764020182102,0.001855825552398,-0.0006671917563533,,0.0213614188746349,-0.20818049559127216,0
AEGISLOG,2019,Oil Gas & Consumable Fuels,-0.1428041479763265,0.1018019477750678,-0.0355239839391236,,0.02732774499087675,-0.20818826258328282,0
ELGIEQUIP,2018,Capital Goods,0.0389294209677676,0.2124634812177717,-0.0141953614291543,,0.0147344734730676,-0.20822890454592352,0
DATAPATTNS,2019,Capital Goods,0.0439750567710773,0.2167754028043109,0.009400637721037,,0.0147344734730676,-0.20823293174043378,0
LAURUSLABS,2018,Healthcare,-0.0579702458299079,0.3248263014134557,0.0075953965092373,,0.018909635366554302,-0.20823928674023834,0
BEL,2021,Capital Goods,-0.1015298927389857,8.544803081283117e-05,-0.0002566391196874,,0.0147344734730676,-0.2082677242434992,0
GRANULES,2023,Healthcare,-0.0453077007795004,0.2317372132959695,-0.0134811494324175,,0.018909635366554302,-0.20830547714964348,0
GLAXO,2018,Healthcare,-0.0309234475578152,0.0002507922755979,-0.000281859263765,,0.018909635366554302,-0.2083423399770699,0
ESCORTS,2024,Capital Goods,-0.0377376140692689,0.0361650790783493,0.0304832721645918,0.1127129395322962,0.0147344734730676,-0.20835273365879187,0
COCHINSHIP,2022,Capital Goods,-0.0991569731854956,0.0658197969271654,-0.0056639369600506,,0.0147344734730676,-0.2083624174671843,0
APOLLOHOSP,2019,Healthcare,-0.0730097426330202,0.4007462442313357,0.0020966994631864,,0.018909635366554302,-0.20836407051124,0
MCX,2017,Financial Services,0.0848738686693626,,-0.0006671917563533,,0.0213614188746349,-0.20845483524414388,0
SRF,2024,Chemicals,-0.0891144097254475,0.2459395004884039,0.0069578038818412,0.1774606093414792,0.02157821562095625,-0.20845644866317076,0
ASHOKLEY,2021,Capital Goods,0.0213966630811385,0.5724759355898383,-0.0154392922480015,,0.0147344734730676,-0.2085001077624915,0
NH,2017,Healthcare,-0.0827273941174328,0.1315323079911142,-0.0036016930944258,,0.018909635366554302,-0.20850183240294834,0
CUMMINSIND,2024,Capital Goods,-0.0810299525890946,0.0141552709935109,-0.0333389956987493,0.1930042149120682,0.0147344734730676,-0.20856466966194287,0
RELIANCE,2024,Oil Gas & Consumable Fuels,-0.0799112047077914,0.1998344204830865,-0.0814216120273968,0.182464810447276,0.02732774499087675,-0.20857060996623605,0
KAYNES,2021,Capital Goods,-0.0437561103560102,0.3539833559863604,-0.0512054729568322,,0.0147344734730676,-0.20857314658642456,0
APARINDS,2020,Capital Goods,0.0088057071640379,0.0798358330826421,0.0287401032315435,,0.0147344734730676,-0.20857998909328174,0
APARINDS,2024,Capital Goods,0.0476519796667138,0.0494615090226877,0.0036783471698466,0.075485219721738,0.0147344734730676,-0.20860443248067628,0
CANBK,2023,Financial Services,0.0370974101379843,0.8958241632423856,-0.0039502508521159,,0.0213614188746349,-0.2086512723158525,0
GALLANTT,2019,Capital Goods,0.0398450778790158,0.0714146395831591,-0.0101641921165463,,0.0147344734730676,-0.20865536433327025,0
KEI,2021,Capital Goods,0.0396155237112512,0.1013414201203064,-0.0108223791014453,,0.0147344734730676,-0.20865536433327025,0
INDUSINDBK,2022,Financial Services,-0.0295226692275378,0.8475132733407372,0.001026316622515,,0.0213614188746349,-0.20867628301897145,0
AMBUJACEM,2026,Construction Materials,-0.0534143077774629,0.0096672090119068,-5.511716036097139e-05,0.1672631578947368,0.0258330503954478,-0.20867720533849193,0
UTIAMC,2024,Financial Services,-0.032658555856372,,-0.0006671917563533,0.5574979644618996,0.0213614188746349,-0.2086808765506014,0
BANKINDIA,2023,Financial Services,0.0131749745698052,0.8924666396097263,0.0086359371678979,,0.0213614188746349,-0.20873533703583452,0
ABBOTINDIA,2022,Healthcare,-0.035264149692717,0.0359104381504313,-0.003819281023103,,0.018909635366554302,-0.20874820840696529,0
CENTRALBK,2021,Financial Services,0.0027115924319969,0.9084085205011978,0.011652087054116,,0.0213614188746349,-0.20879741434868354,0
SAMMAANCAP,2022,Financial Services,0.0063503836629133,0.7485313456869945,0.0105755129336294,,0.0213614188746349,-0.20880563101160027,0
IDBI,2017,Financial Services,-0.0359068487655934,0.8954219305772784,-0.0006671917563533,,0.0213614188746349,-0.20881112379151806,0
MFSL,2024,Financial Services,-0.0371583591594226,0.0032104524472811,-0.0007541587908893,0.0099555402138597,0.0213614188746349,-0.20881112379151806,0
IFCI,2017,Financial Services,-0.0344025811999569,0.6977232479224356,-0.0006671917563533,,0.0213614188746349,-0.20881112379151806,0
HDFCLIFE,2024,Financial Services,-0.0340287228778354,0.0031385562918571,-0.0006910195221544,0.0258972836840118,0.0213614188746349,-0.20881112379151806,0
CAMS,2020,Financial Services,-0.033768342179207,,-0.0006671917563533,,0.0213614188746349,-0.20881112379151806,0
ANANDRATHI,2019,Financial Services,-0.0341376770783693,0.0025993155135814,-0.0006671917563533,,0.0213614188746349,-0.20881112379151806,0
PAYTM,2016,Financial Services,-0.0376805041071749,0.0043419534732729,-0.0006671917563533,,0.0213614188746349,-0.20881112379151806,0
LALPATHLAB,2019,Healthcare,-0.0177531613648659,,-0.0036016930944258,,0.018909635366554302,-0.20882668478975452,0
ECLERX,2017,Services,0.029753815783827,0.0007581501137225,-0.0050481660415734,,0.01447484218491725,-0.20885143309415688,0
PCBL,2023,Chemicals,-0.0114655215256929,0.1894857357426451,0.0252504199874912,,0.02157821562095625,-0.2088551301419609,0
DALBHARAT,2024,Construction Materials,-0.0928839491916859,0.1733905889145496,0.0223266757518081,0.1606413077648538,0.02233657876759495,-0.20888701148164346,0
MAHABANK,2019,Financial Services,0.0369162030252409,0.9156462972518176,0.0014140994119777,,0.0213614188746349,-0.2089244175359366,0
ULTRACEMCO,2020,Construction Materials,-0.0406137515668038,0.2905927640647508,-0.0405000486847987,,0.02233657876759495,-0.2089259117240735,0
TITAN,2017,Consumer Durables,-0.1190391516216933,0.2238970356476366,-0.00093218661901025,,0.006957110708254,-0.2089468273048431,0
ABBOTINDIA,2017,Healthcare,-0.0147981411559686,,-0.0036016930944258,,0.018909635366554302,-0.20899149720064875,0
DIVISLAB,2017,Healthcare,-0.0146142060806144,0.0058066895533203,-0.0036016930944258,,0.018909635366554302,-0.20899149720064875,0
ESCORTS,2020,Capital Goods,-0.0648010753974902,0.0095074551851231,-0.0501827489164538,,0.0147344734730676,-0.20899320393477555,0
JINDALSAW,2024,Capital Goods,-0.1008999110679534,0.2786068376605697,0.0011794268018918,0.1782141027829946,0.0147344734730676,-0.20903613076346483,0
KARURVYSYA,2024,Financial Services,-0.0233091893033937,0.868546595904195,0.0028325560489819,0.6470373138526573,0.0213614188746349,-0.20906100303538439,0
GRANULES,2024,Healthcare,-0.0585333646180625,0.2391935815376444,0.0074563682416749,0.2024171574228707,0.018909635366554302,-0.20906557106459178,0
RRKABEL,2026,Capital Goods,-0.0194941770639938,0.0729284326326768,-0.0095642029689291,0.0893882961934221,0.0139650338969642,-0.20915743767039763,0
HDFCLIFE,2023,Financial Services,-0.0222312519588784,0.0038295758140116,0.001229183891609,,0.0213614188746349,-0.20921529821287316,0
KAYNES,2020,Capital Goods,-0.0945995980112133,0.4051888289431926,-0.023217446861927,,0.0147344734730676,-0.20923718027979638,0
HEG,2024,Capital Goods,-0.0927533079826567,0.10921604669763,-0.0212434083934106,0.1399096952213721,0.0147344734730676,-0.20923718027979638,0
ICICIGI,2025,Financial Services,-0.0070655837447752,,-0.0006671917563533,0.1236643233488878,0.0229918075759613,-0.209262960232713,0
CAMS,2023,Financial Services,-0.0303124287343215,0.0850627137970353,-0.0005778133823875,,0.0213614188746349,-0.20926592316723874,0
MEDANTA,2021,Healthcare,-0.0790465125774374,0.3457097148965706,-0.0026807452559258,,0.018909635366554302,-0.20932102355577675,0
DRREDDY,2022,Healthcare,-0.0211225227345312,0.1137819165924257,-0.0002097864002889,,0.018909635366554302,-0.20933393801287037,0
JPPOWER,2022,Power,-0.0425208961100577,0.2927588399524286,-0.015336694331179,,0.02714301304713805,-0.20934015379802845,0
JINDALSAW,2021,Capital Goods,-0.0790936302969678,0.3373208524974107,-0.0372277702632741,,0.0147344734730676,-0.2093552480258521,0
NLCINDIA,2018,Power,-0.0673797030673812,0.3437225764400441,0.0010068439079876,,0.02714301304713805,-0.2093830786934791,0
GLAXO,2021,Healthcare,-0.0705571109341689,0.0111184599183212,0.0110610535385588,,0.018909635366554302,-0.2093880104628162,0
BAJAJHLDNG,2023,Financial Services,0.0587136972367879,0.0017445631635647,-0.0003770085499071,,0.0213614188746349,-0.20939221197335167,0
LICHSGFIN,2021,Financial Services,0.0596649062274681,0.8820799869405198,-0.0004014783240061,,0.0213614188746349,-0.20939221197335167,0
BSE,2023,Financial Services,0.0596915818152393,3.3367757736731727e-06,1.0335513798267546e-07,,0.0213614188746349,-0.20939221197335167,0
PNB,2019,Financial Services,0.0303268590656904,0.9222679970000496,0.0042706956293093,,0.0213614188746349,-0.20944510170691288,0
LICHSGFIN,2023,Financial Services,0.0808546201278473,0.8792141409256967,0.0006558419335822,,0.0213614188746349,-0.20944886858220302,0
JUBLPHARMA,2023,Healthcare,-0.066034110456392,0.3364198660469201,0.011686407920445,,0.018909635366554302,-0.20950426583790455,0
MAHABANK,2023,Financial Services,0.0151027252053152,0.914133428439446,0.0040942514550987,,0.0213614188746349,-0.2095333670459837,0
LINDEINDIA,2017,Chemicals,-0.069137524765243,0.3756872721304556,-0.024884200784167,,0.02157821562095625,-0.20957600315035668,0
CENTRALBK,2024,Financial Services,0.0153499916184944,0.9057154989604296,0.0014477819572905,0.6051197460029057,0.0213614188746349,-0.20959577032007087,0
SUPREMEIND,2019,Capital Goods,-0.0331684869955129,0.0502931002982098,-0.0340838474319501,,0.0147344734730676,-0.2095985884492073,0
YESBANK,2019,Financial Services,0.0690085514712363,0.8821676050133014,0.0001625203540611,,0.0213614188746349,-0.2096640806088052,0
PFC,2020,Financial Services,0.0709407179571059,0.8589537876918265,0.0010836586130579,,0.0213614188746349,-0.2096640806088052,0
CARBORUNIV,2025,Capital Goods,-0.0498521814696262,0.0472407935475137,0.0052247879157214,0.121701811195637,0.0136298562819873,-0.20968707957278265,0
BAJAJHLDNG,2021,Financial Services,0.0742624851092304,0.0029936519542163,-0.0021324253485082,,0.0213614188746349,-0.20969378620616574,0
BANKBARODA,2018,Financial Services,0.0772999506081839,0.8990569954276967,-0.0026179287974128,,0.0213614188746349,-0.20969378620616574,0
CEMPRO,2021,Construction,-0.054978651956408,0.1433467091434782,-0.0290809886096075,,0.00811929390513665,-0.20971497673673933,0
NIACL,2022,Financial Services,0.0440023760476817,,-0.0006671917563533,,0.0213614188746349,-0.20973013411985636,0
MAXHEALTH,2019,Healthcare,-0.0274135947104521,0.2989232502817078,0.0019327731681358,,0.018909635366554302,-0.20975479964249083,0
TATASTEEL,2022,Metals & Mining,-0.0149671942666439,0.2675479895009473,-0.0952977482918763,,0.02556926581353005,-0.20975588277741636,0
ABREL,2023,Realty,0.000109380573059,0.1259434074426346,-0.0467336345946732,,0.03750103869543505,-0.20976856791267495,0
HDFCBANK,2020,Financial Services,0.0279113048197079,0.8432539156018144,0.0076794347310576,,0.0213614188746349,-0.20984246676061097,0
JYOTICNC,2019,Capital Goods,-0.101012449197175,0.4638668665378726,-0.0021900725510935,,0.0147344734730676,-0.20986599490361096,0
ELGIEQUIP,2019,Capital Goods,-0.0500258164920114,0.1728905017126152,-0.0395729795051565,,0.0147344734730676,-0.2099051414990894,0
APOLLOHOSP,2017,Healthcare,-0.0495568930557903,0.3856949454585394,-0.0036016930944258,,0.018909635366554302,-0.209905818608141,0
UTIAMC,2018,Financial Services,0.0333986902474412,,-0.0006671917563533,,0.0213614188746349,-0.2099224538945319,0
DEEPAKFERT,2024,Chemicals,-0.0403699318356705,0.3481516415074865,0.0242910347941872,0.1884902017045234,0.02157821562095625,-0.21002550714846785,0
3MINDIA,2022,Diversified,-0.06738635040503,0.0081737886525058,-0.0005495096820343,0.1717974280736735,0.01061696811920515,-0.21009196536529529,0
ASTRAL,2019,Capital Goods,-0.069648897146396,0.1311514458577485,0.0182692116157693,,0.0147344734730676,-0.2100933206517976,0
NLCINDIA,2023,Power,-0.0522653352090536,0.4205332998410182,-0.0228061116752515,,0.02714301304713805,-0.21010251645359934,0
APLAPOLLO,2019,Capital Goods,-0.0754863224076023,0.3093608952081561,-0.046006383054069,,0.0147344734730676,-0.21011855272807978,0
JKCEMENT,2020,Construction Materials,-0.1018925221609826,0.4100847104438752,0.0090006191729953,,0.02233657876759495,-0.2101378853982182,0
BAJAJHLDNG,2020,Financial Services,0.0327592913015567,0.0051260773027245,-0.0006671917563533,,0.0213614188746349,-0.2101409482231688,0
ATUL,2018,Chemicals,-0.0263346828071714,0.0052915328826223,-0.0562582788231835,,0.02157821562095625,-0.21016795150640255,0
SARDAEN,2021,Metals & Mining,0.04139370385453,0.3792449405973901,-0.0338336214628832,,0.02556926581353005,-0.21017850455263737,0
CLEAN,2019,Chemicals,0.0394539957858735,0.0079396585946804,0.0055677822710887,,0.02157821562095625,-0.21019645143884036,0
SBIN,2023,Financial Services,0.0237910628764741,0.8379812073244461,-0.0082552702446827,,0.0213614188746349,-0.21020758684029606,0
ANANTRAJ,2021,Realty,0.0348178207900541,0.3606777470030821,-0.0078271683139612,,0.03750103869543505,-0.21022522986274472,0
ASTERDM,2022,Healthcare,-0.0629370573521472,0.4218040705233667,0.0084097734395407,,0.018909635366554302,-0.21023563821431096,0
J&KBANK,2019,Financial Services,0.0340768811581145,0.9098264757040148,-0.0003968584663273,,0.0213614188746349,-0.2102490918272612,0
AJANTPHARM,2023,Healthcare,-0.0445479840689617,0.0077756560641606,0.0015182029950586,,0.018909635366554302,-0.21026271613005443,0
UTIAMC,2019,Financial Services,0.0763688617349258,,-0.0006671917563533,,0.0213614188746349,-0.21027491634454365,0
IREDA,2017,Financial Services,0.0793528939847592,0.6797448730962308,-0.0006671917563533,,0.0213614188746349,-0.21027491634454365,0
IEX,2020,Financial Services,0.0744848257774447,0.0208467590857999,-0.0006671917563533,,0.0213614188746349,-0.21027491634454365,0
INDIANB,2018,Financial Services,0.0197102625050591,0.9013388770344826,0.0083856210721227,,0.0213614188746349,-0.21027780727849027,0
NAM-INDIA,2022,Financial Services,0.0433552655839264,,-0.0006671917563533,,0.0213614188746349,-0.21032171176409697,0
JSL,2024,Metals & Mining,-0.1353261920665955,0.1967264589295901,0.0507519085989302,0.1204192867885296,0.02556926581353005,-0.21036498854547608,0
BLUEDART,2018,Services,-0.1144654088050314,0.2779341785631094,-0.0733405684200131,,0.01447484218491725,-0.2103895113021516,0
PREMIERENE,2023,Capital Goods,-0.0234548245863421,0.3623794090331874,0.0230726452796249,,0.0147344734730676,-0.21042631792223254,0
NIACL,2024,Financial Services,0.0467292772666637,,-0.0006671917563533,0.0091918840839696,0.0213614188746349,-0.2104271799982394,0
BSE,2021,Financial Services,0.0459836441124856,,-0.0006671917563533,,0.0213614188746349,-0.2104271799982394,0
POWERGRID,2018,Power,-0.0643702655675266,0.583538565661654,-0.0245905445780576,,0.02714301304713805,-0.21048071529179163,0
PCBL,2022,Chemicals,0.028340216355398,0.1642353157551539,-0.0300320719610603,,0.02157821562095625,-0.2104832070967721,0
JYOTICNC,2021,Capital Goods,-0.0762377313389591,0.5228713194016877,0.0268623806489805,,0.0147344734730676,-0.21048843695204095,0
TARIL,2020,Capital Goods,-0.0171092267615749,0.3302745409131352,0.0309736826172221,,0.0147344734730676,-0.21050617597513155,0
DATAPATTNS,2020,Capital Goods,0.0258667388949079,0.2050717768147345,-0.0117036259895764,,0.0147344734730676,-0.2105092145116047,0
SUNDARMFIN,2017,Financial Services,0.0535997450356754,0.6574560804438461,-0.0006671917563533,,0.0213614188746349,-0.210518141441067,0
INDIANB,2017,Financial Services,0.0561395529598443,0.8929532559623599,-0.0006671917563533,,0.0213614188746349,-0.210518141441067,0
IPCALAB,2017,Healthcare,-0.0220658616849054,0.1807673171680334,-0.0036016930944258,,0.018909635366554302,-0.2105218857893516,0
PIDILITIND,2018,Chemicals,0.0319162851536952,0.0239622205978532,0.003521715234605,,0.02157821562095625,-0.21052675721600983,0
NTPC,2021,Power,-0.0447448618328157,0.5281315628473506,-0.0030971537461245,,0.02714301304713805,-0.21055471706538498,0
GICRE,2023,Financial Services,-0.0295883248610557,,-0.0006671917563533,,0.0213614188746349,-0.21056709144687835,0
PNB,2017,Financial Services,-0.028297383438629,0.91773743008951,-0.0006671917563533,,0.0213614188746349,-0.21056709144687835,0
ICICIPRULI,2021,Financial Services,-0.0292672554064915,0.0055243559878425,-0.0006671917563533,,0.0213614188746349,-0.21056709144687835,0
ICICIPRULI,2018,Financial Services,-0.0287036555854661,,-0.0006671917563533,,0.0213614188746349,-0.21056709144687835,0
KOTAKBANK,2017,Financial Services,-0.0299871217950584,0.7430816579863336,-0.0006671917563533,,0.0213614188746349,-0.21056709144687835,0
BAJAJHLDNG,2022,Financial Services,0.0456454222737598,0.0021215717134719,-0.0008720802407444,,0.0213614188746349,-0.2105946749264347,0
INDIANB,2024,Financial Services,0.0144864424149527,0.8936635263135577,-0.0080398132160315,0.6764959898948394,0.0213614188746349,-0.21059789772859244,0
IDFCFIRSTB,2022,Financial Services,-0.0133940418544217,0.8335828612305488,0.0098809051808351,,0.0213614188746349,-0.21060913181351665,0
PFC,2022,Financial Services,0.0115174549813996,0.8349886909646693,-0.0154381995569435,,0.0213614188746349,-0.21062497594728147,0
KOTAKBANK,2023,Financial Services,0.0260584542578503,0.675026538863208,0.0057922014577028,,0.0213614188746349,-0.21063074418201322,0
JPPOWER,2017,Power,-0.069926366034285,0.6341700188710163,-0.00866163884820365,,0.02714301304713805,-0.21064196351365427,0
CHOLAFIN,2017,Financial Services,0.0714770336313681,0.7866666753817705,-0.0006671917563533,,0.0213614188746349,-0.21068831765636475,0
NIACL,2023,Financial Services,0.0702825044429566,,-0.0006671917563533,,0.0213614188746349,-0.21068831765636475,0
CDSL,2017,Financial Services,0.0709645507007419,,-0.0006671917563533,,0.0213614188746349,-0.21068831765636475,0
SAREGAMA,2017,Media Entertainment & Publication,0.0250552382540542,0.0061700087547421,-0.002889931339874,,0.035357351082854704,-0.21069722606244312,0
KIRLOSENG,2019,Capital Goods,0.0105417682891588,0.0346036626480028,-0.0220946052827144,,0.0147344734730676,-0.21070845051258524,0
TITAGARH,2021,Capital Goods,-0.0335828321020846,0.3439752748480061,0.0227458925765013,,0.0147344734730676,-0.21071097274329648,0
WHIRLPOOL,2025,Consumer Durables,-0.0810006009079064,0.0422970745899249,0.0043365176729217,0.0512560321111261,0.0075170804771607,-0.21072566895492312,0
LALPATHLAB,2017,Healthcare,-0.0242290748898678,,-0.0036016930944258,,0.018909635366554302,-0.21073617062465827,0
LUPIN,2017,Healthcare,-0.059363057908023,0.3039050557311932,-0.0036016930944258,,0.018909635366554302,-0.21073618679155937,0
BRIGADE,2021,Realty,-0.0614759587158387,0.3623136157086566,-0.0067701621516551,,0.03750103869543505,-0.2107448484802527,0
TORNTPOWER,2023,Power,-0.0448035303179984,0.352891532506035,-0.0129954401419764,,0.02714301304713805,-0.21075261789946614,0
JUBLPHARMA,2022,Healthcare,-0.0430943273378367,0.3247334581264751,0.0018496459074733,,0.018909635366554302,-0.21076031481728386,0
POLYMED,2019,Healthcare,-0.0628182582766266,0.2457680250783699,0.0105426435408889,,0.018909635366554302,-0.21080036982972267,0
SUNPHARMA,2018,Healthcare,-0.0281729942692852,0.1615193089486214,0.000594559233217,,0.018909635366554302,-0.21080593934446712,0
IDBI,2023,Financial Services,0.0193288218892619,0.8083043110103026,-0.0087607249279619,,0.0213614188746349,-0.21084393418353692,0
FORTIS,2021,Healthcare,-0.0547811698184053,0.1408573195557502,-0.0036016930944258,,0.018909635366554302,-0.21086697203101096,0
VIJAYA,2022,Healthcare,-0.0677262915930815,0.2571412552911165,-0.0034640214807407,,0.018909635366554302,-0.21087891941728615,0
FORTIS,2024,Healthcare,-0.0656985345418409,0.0890437941404801,0.012469721445031,0.1945380809641853,0.018909635366554302,-0.21090614092888005,0
UPL,2023,Chemicals,-0.0485513557452244,0.277988735992568,-0.053835141530601,,0.02157821562095625,-0.2110022124306657,0
SWANCORP,2022,Chemicals,-0.029176325674385,0.6435095376025235,0.0201651969287122,,0.02157821562095625,-0.21100546766057016,0
LUPIN,2023,Healthcare,-0.0643483325643369,0.1991870275277321,0.0071272662826631,,0.018909635366554302,-0.21101198234246998,0
REDINGTON,2018,Services,0.0272495466386825,0.1341940294385684,-0.0151470173792744,,0.01447484218491725,-0.2110208671268462,0
SHREECEM,2022,Construction Materials,-0.0141497199025806,0.0896555963902297,-0.0139962596588787,,0.02233657876759495,-0.21103161747287558,0
JUBLPHARMA,2017,Healthcare,-0.0778581261413119,0.454590813316477,-0.0036016930944258,,0.018909635366554302,-0.21106119226300718,0
PFIZER,2006,Healthcare,-0.026088033566087,,-0.0036016930944258,,0.018909635366554302,-0.21107273250942504,0
ADANIENSOL,2023,Power,-0.0467379604778261,0.6354333022755613,0.0054459286578951,,0.02714301304713805,-0.21107309634816446,0
ASHOKLEY,2018,Capital Goods,0.0089252388800719,0.4730283744412552,-0.0218380357212983,,0.0147344734730676,-0.21107584461966372,0
SOLARINDS,2020,Chemicals,-0.0231297288363787,0.2854453621628594,0.0176187348520003,,0.02157821562095625,-0.21108729978140123,0
KAYNES,2019,Capital Goods,0.0475639966969446,0.4284062758051197,-0.0021900725510935,,0.0147344734730676,-0.21110195826623857,0
IEX,2019,Financial Services,0.0379409555394928,,-0.0006671917563533,,0.0213614188746349,-0.21117165244654296,0
UNIONBANK,2020,Financial Services,0.0082094070616958,0.9093464830258572,-0.0148380228515682,,0.0213614188746349,-0.2112041020646112,0
ZYDUSLIFE,2020,Healthcare,-0.0566007999420702,0.3401840974242546,0.0001441504572969,,0.018909635366554302,-0.21120697934426835,0
KOTAKBANK,2018,Financial Services,0.0491334742013121,0.7397827262291801,-0.0032989317571535,,0.0213614188746349,-0.21121515566653415,0
SAILIFE,2022,Healthcare,-0.0457229736620097,0.3484429899783993,-0.0021529097035673,,0.018909635366554302,-0.21121988258427665,0
COCHINSHIP,2024,Capital Goods,0.0289589948342696,0.0417212898209025,-0.016889155737435,0.2069028615245198,0.0147344734730676,-0.2112324861097133,0
NAM-INDIA,2021,Financial Services,0.0661393832375752,,-0.0006671917563533,,0.0213614188746349,-0.21130746716954868,0
KAJARIACER,2020,Consumer Durables,0.0126788996848739,0.0681172859768907,0.0173853771113495,,0.006957110708254,-0.21131966859828,0
PIDILITIND,2020,Chemicals,-0.0250095819215968,0.0441059683873242,0.02500976069701,,0.02157821562095625,-0.2113480804144507,0
FORTIS,2017,Healthcare,-0.056819390703059,0.2312595821904235,-0.0036016930944258,,0.018909635366554302,-0.21142554118306617,0
AJANTPHARM,2017,Healthcare,-0.0561963526669408,0.0007020430549842,-0.0036016930944258,,0.018909635366554302,-0.21142554118306617,0
ACE,2020,Capital Goods,0.0047293967135411,0.0864189763110705,0.0263896607174297,,0.0147344734730676,-0.21144470185869746,0
TATAINVEST,2017,Financial Services,0.0523741392833634,,-0.0006671917563533,,0.0213614188746349,-0.21144737127573854,0
SHRIRAMFIN,2017,Financial Services,0.0529631735564543,0.7129974885047072,-0.0006671917563533,,0.0213614188746349,-0.21144737127573854,0
APLAPOLLO,2023,Capital Goods,-0.0084420922033689,0.1491909091996588,0.0186503704801788,,0.0147344734730676,-0.2114593380840069,0
DRREDDY,2018,Healthcare,-0.038309924695628,0.2269153843744546,-0.000219853105053,,0.018909635366554302,-0.21146010472257804,0
NTPC,2022,Power,-0.0603906506150978,0.5067114938067931,-0.0214200690405574,,0.02714301304713805,-0.21146045295097965,0
LALPATHLAB,2018,Healthcare,-0.0287695920484954,,-0.0036016930944258,,0.018909635366554302,-0.21146158317777425,0
SYNGENE,2021,Healthcare,-0.0606774246395806,0.1828514089121887,-0.002812431199272,,0.018909635366554302,-0.2115049366789396,0
AUROPHARMA,2017,Healthcare,-0.060303257012911,0.2076614247301871,-0.0036016930944258,,0.018909635366554302,-0.2115049366789396,0
SBIN,2017,Financial Services,-0.0224201516043751,0.8531032779800469,-0.0006671917563533,,0.0213614188746349,-0.21154342614903726,0
BANKBARODA,2017,Financial Services,-0.0223157632989774,0.9016749242251096,-0.0006671917563533,,0.0213614188746349,-0.21154342614903726,0
SBIN,2018,Financial Services,0.0254260104145481,0.8547793768089289,0.0016760988288819,,0.0213614188746349,-0.21157527750063293,0
HBLENGINE,2022,Capital Goods,0.0277500640114426,0.0552793989104811,-0.0122133152732179,,0.0147344734730676,-0.21160777421342664,0
FEDERALBNK,2017,Financial Services,-0.0222000569074588,0.9006096337088891,-0.0006671917563533,,0.0213614188746349,-0.2117623630083379,0
SCHNEIDER,2022,Capital Goods,-0.0792839311972095,0.5047789214512876,-0.0425981106091434,,0.0147344734730676,-0.21176602439693737,0
SHYAMMETL,2026,Capital Goods,-0.0836502526466978,0.0500892822880187,0.0017178795216276,0.1402891611320803,0.0152269083195041,-0.21179115325952136,0
GRAPHITE,2020,Capital Goods,-0.0373117203942532,0.0745069144912103,0.0224040504927404,,0.0147344734730676,-0.2117959411638598,0
USHAMART,2023,Capital Goods,0.0320520117475257,0.1354738201249556,-0.015199722364258,,0.0147344734730676,-0.21179939513052254,0
CDSL,2023,Financial Services,0.0186078755722728,0.0016267305461559,0.0014079567356442,,0.0213614188746349,-0.21180399448213294,0
JAINREC,2024,Metals & Mining,0.0165166540202517,0.5981121955048536,-0.0637274926532179,0.0501358970327276,0.02556926581353005,-0.2118650072862549,0
HFCL,2026,Telecommunication,0.0684211475960746,0.2138497763764183,0.0121665651560703,0.2162424672842536,0.0332308082911833,-0.21186887298471452,0
CENTRALBK,2019,Financial Services,0.0267956066540351,0.9218596835894448,0.0011912135280007,,0.0213614188746349,-0.2118818673027033,0
HSCL,2020,Chemicals,-0.0300926467948267,0.1970402978434448,0.0261338808270525,,0.02157821562095625,-0.21188362214261708,0
DEEPAKFERT,2020,Chemicals,-0.0708402404767984,0.4350122561219293,0.0090111124796111,,0.02157821562095625,-0.21189991876162062,0
BRIGADE,2020,Realty,-0.0272887187419648,0.3690837778603117,0.0185727527173932,,0.03750103869543505,-0.21190521618088037,0
SHYAMMETL,2019,Capital Goods,0.0364151879242824,0.1798032291736069,0.0162829562556436,,0.0147344734730676,-0.2119271712691978,0
PIIND,2022,Chemicals,0.0404435830627254,0.040597604959505,-0.0126450863100074,,0.02157821562095625,-0.2119536675487642,0
KOTAKBANK,2022,Financial Services,0.0067180496027523,0.6692343374055051,-0.0138760881432141,,0.0213614188746349,-0.21195639383722037,0
BANKBARODA,2023,Financial Services,0.0237082648489435,0.8798858493160534,-0.004609319403786,,0.0213614188746349,-0.21197907916615188,0
KAJARIACER,2023,Consumer Durables,0.014724221344111,0.0750694893099148,0.0198445739608782,,0.006957110708254,-0.21200424714041877,0
DIVISLAB,2023,Healthcare,-0.0441158221446383,0.0002260038975273,-5.018874571859262e-05,,0.018909635366554302,-0.21204521462082404,0
DIVISLAB,2024,Healthcare,-0.0434670116429495,0.0001940491591203,-3.1954738407026604e-05,0.3203967227253126,0.018909635366554302,-0.21204521462082404,0
POWERGRID,2019,Power,-0.0535112941491299,0.5917058068083837,0.0081672411467297,,0.02714301304713805,-0.21207682694778962,0
MOTILALOFS,2019,Financial Services,0.0095798661617892,0.4978412724764895,-0.0134268269352045,,0.0213614188746349,-0.21209559764080016,0
HDFCAMC,2023,Financial Services,0.0419238266010213,,-0.0006671917563533,,0.0213614188746349,-0.21210121767792117,0
ATGL,2026,Oil Gas & Consumable Fuels,-0.1054539818319296,0.2362069073855698,-0.0030845987509963,0.1540378550694884,0.0285521335102904,-0.21210671035810857,0
TATAPOWER,2017,Power,-0.0738583201153795,0.5893498263777801,-0.00866163884820365,,0.02714301304713805,-0.21211903284971512,0
SBIN,2019,Financial Services,-0.007009553856723,0.8626265138695538,0.0078471370606248,,0.0213614188746349,-0.2121402282667854,0
IGIL,2024,Services,-0.185895603263146,0.0964383306628016,-0.0496818529213589,0.5744528301886792,0.01447484218491725,-0.21216052959136705,0
UNIONBANK,2021,Financial Services,-0.0163195757782821,0.9031749554268226,-0.0061715275990347,,0.0213614188746349,-0.21216921737169864,0
LICI,2020,Financial Services,-0.0147596825504367,0.0724073182349261,-0.0061981702839231,,0.0213614188746349,-0.21216921737169864,0
AFCONS,2023,Construction,-0.0562594572218912,0.1442014818295476,-0.0156004258686891,,0.00811929390513665,-0.2121692927725382,0
FLUOROCHEM,2022,Chemicals,0.0066620333886806,0.2261936264317847,-0.0402841641536753,,0.02157821562095625,-0.2121954758860593,0
BAJAJHLDNG,2018,Financial Services,0.0405103677097959,,-0.0006671917563533,,0.0213614188746349,-0.21221110525398035,0
SHYAMMETL,2018,Capital Goods,0.0511202544775603,0.1635202729179632,-0.0021900725510935,,0.0147344734730676,-0.21221524507639444,0
ASTRAL,2018,Capital Goods,-0.0637365523993743,0.1128822342419792,-0.0437737820688013,,0.0147344734730676,-0.21223560346929948,0
LALPATHLAB,2021,Healthcare,-0.064152670468574,0.0906255081086614,-0.0036016930944258,,0.018909635366554302,-0.2122356476572106,0
KIMS,2017,Healthcare,-0.0633330316859074,0.3622742492211033,-0.0036016930944258,,0.018909635366554302,-0.2122356476572106,0
BANKBARODA,2024,Financial Services,0.0069421403798746,0.8834672654429535,0.0035814161269001,0.6728740454359002,0.0213614188746349,-0.21227782446072263,0
HINDALCO,2026,Metals & Mining,-0.0093912922383305,0.2877008016107647,0.0393390914329364,0.1642440318302387,0.023176328746743,-0.2123544919177736,0
ADANIENSOL,2019,Power,-0.0624163427877117,0.6184871766047904,0.0144870514995223,,0.02714301304713805,-0.2123751602910433,0
IIFL,2022,Financial Services,-0.0129783116868407,0.7860125060879399,-0.0152074538254145,,0.0213614188746349,-0.2124223647128371,0
TATAPOWER,2018,Power,-0.0483021499100032,0.5933346195834015,0.0039847932056213,,0.02714301304713805,-0.21247061739164463,0
CAMS,2018,Financial Services,-0.0229275632299204,0.1610518019631726,-0.0006671917563533,,0.0213614188746349,-0.21249354694599815,0
ACE,2022,Capital Goods,0.0011697183318256,0.0241897751021554,-0.0275306050777003,,0.0147344734730676,-0.21249453506327537,0
NAVINFLUOR,2019,Chemicals,0.045096734216143,0.0031670988915153,-0.0069158103384083,,0.02157821562095625,-0.21250938617041515,0
TRITURBINE,2021,Capital Goods,-0.0894307228280356,0.0037965872898694,0.0023806538024373,,0.0147344734730676,-0.21254041250485733,0
INDIANB,2020,Financial Services,0.0298493626897911,0.9060870579622892,-0.0004356397767174,,0.0213614188746349,-0.2125562720538821,0
UNIONBANK,2017,Financial Services,0.0157942435238881,0.9182300933584688,-0.0006671917563533,,0.0213614188746349,-0.21257171839676847,0
PRESTIGE,2024,Realty,-0.0266727810897569,0.2805269520990536,0.0208188098039481,0.3524327591417346,0.03750103869543505,-0.21257757555513385,0
MAXHEALTH,2017,Healthcare,-0.0445853596516321,0.2778328724452497,-0.0036016930944258,,0.018909635366554302,-0.21259193742441523,0
EMCURE,2019,Healthcare,-0.0446788327843218,0.3816403637283048,-0.0036016930944258,,0.018909635366554302,-0.21259193742441523,0
GALLANTT,2022,Capital Goods,-0.0216143044150898,0.1437544626918957,0.0211172134821673,,0.0147344734730676,-0.21262013247223144,0
BEL,2023,Capital Goods,0.0503003804734799,0.0017283746769159,0.0001743589173678,,0.0147344734730676,-0.21262345492546808,0
HDFCBANK,2023,Financial Services,0.0099522159145256,0.8453938054951589,0.0045908046674836,,0.0213614188746349,-0.2126237885781762,0
NAM-INDIA,2019,Financial Services,0.0360395411839298,,-0.0006671917563533,,0.0213614188746349,-0.21262850793681626,0
SYNGENE,2018,Healthcare,-0.0441517717152712,0.2469112574474757,-0.0036016930944258,,0.018909635366554302,-0.21264772187711606,0
APLAPOLLO,2022,Capital Goods,-0.0073510750357671,0.13054053871948,-0.0225861621734428,,0.0147344734730676,-0.2126531055575404,0
BRIGADE,2022,Realty,-0.0628638405938659,0.3248906532989428,-0.0374229624097138,,0.03750103869543505,-0.21265323600554736,0
ASTERDM,2017,Healthcare,-0.0380688540250578,0.4052893412205607,-0.0036016930944258,,0.018909635366554302,-0.21266565869690052,0
HUDCO,2021,Financial Services,-0.0075679197440049,0.7923565582877043,-0.0146844485935406,,0.0213614188746349,-0.21269133321458233,0
INDIANB,2019,Financial Services,-0.0210055855401659,0.9065226977390066,0.005183820704524,,0.0213614188746349,-0.21271451329418095,0
BANKBARODA,2026,Financial Services,-0.0150573674363053,0.8785177174341602,0.0016616193547154,0.6545642657225559,0.0208576105140137,-0.21276494760236864,0
CDSL,2018,Financial Services,0.0345916504910623,,-0.0006671917563533,,0.0213614188746349,-0.21276910506516783,0
NAM-INDIA,2023,Financial Services,0.0354242911645182,,-0.0006671917563533,,0.0213614188746349,-0.21276910506516783,0
CDSL,2019,Financial Services,0.0354814427333852,,-0.0006671917563533,,0.0213614188746349,-0.21276910506516783,0
APOLLOHOSP,2023,Healthcare,-0.0386939239856545,0.3005334461732694,-0.0062382904981732,,0.018909635366554302,-0.21277610295052235,0
SPLPETRO,2008,Chemicals,-0.0581825962440541,0.2299652714913507,-0.0396178493412742,,0.02157821562095625,-0.21278714890844663,0
INDUSINDBK,2024,Financial Services,0.035580032125012,0.8390645303030825,-0.0021338246647145,0.5526753468736646,0.0213614188746349,-0.21279019534760618,0
LALPATHLAB,2020,Healthcare,-0.042166614519286,,-0.0036016930944258,,0.018909635366554302,-0.21280063758002365,0
MEDANTA,2016,Healthcare,-0.0386509224893403,0.1111567659322228,-0.0036016930944258,,0.018909635366554302,-0.21280063758002365,0
GLENMARK,2020,Healthcare,-0.0420251480056393,0.3319137245063524,-0.002854903788624,,0.018909635366554302,-0.21280063758002365,0
DRREDDY,2017,Healthcare,-0.0393590246830912,0.2271352374795077,-0.0036016930944258,,0.018909635366554302,-0.21280063758002365,0
CONCOR,2025,Services,-0.095158199825105,0.0595043537243926,-0.0073633839278353,0.2227725990353237,0.0086329710744059,-0.21280807379678363,0
CIPLA,2017,Healthcare,-0.0659051202408939,0.1970708622479148,-0.0036016930944258,,0.018909635366554302,-0.21286855783784775,0
BHEL,2023,Capital Goods,0.0241888283136338,0.0945742225496373,0.0098249891640616,,0.0147344734730676,-0.21287286380259313,0
ZEEL,2023,Media Entertainment & Publication,-0.0059147891581623,0.0205415091453421,0.014778495157004,,0.035357351082854704,-0.21288373414875128,0
TATASTEEL,2026,Metals & Mining,-0.1104367467614244,0.311558600381998,-0.0325985865170268,0.1523883246271977,0.0223950405181074,-0.21288824277195245,0
JPPOWER,2019,Power,-0.0418455229348441,0.6224839572838359,-0.0086412661523266,,0.02714301304713805,-0.21289180431488125,0
IDBI,2018,Financial Services,0.0124872876539142,0.8861619827392793,-0.0092599478379991,,0.0213614188746349,-0.21289605703676562,0
KARURVYSYA,2018,Financial Services,0.013372585557255,0.8856111977291194,-0.0106449596831865,,0.0213614188746349,-0.21289605703676562,0
SUMICHEM,2023,Chemicals,0.0334905646375021,0.0100839787336992,-0.0024026059959851,,0.02157821562095625,-0.2129113858513661,0
TATACAP,2021,Financial Services,-0.0242484468274909,0.8340201755065039,-0.0006671917563533,,0.0213614188746349,-0.2129174432330359,0
RITES,2020,Construction,0.0503198568776005,0.0080421641841616,-0.0007304769705833,,0.00811929390513665,-0.21295008670413412,0
IOB,2021,Financial Services,-0.0152810428877553,0.8898551037503939,-0.0118239156386916,,0.0213614188746349,-0.21296569823286626,0
BEML,2022,Capital Goods,0.0133941396768272,0.1430950337089862,0.0158754861158957,,0.0147344734730676,-0.21296736165428243,0
CDSL,2022,Financial Services,0.0209494783376207,0.0002187738105117,-3.953353833237026e-05,,0.0213614188746349,-0.21296896122873,0
FSL,2017,Services,0.0242384678386963,0.2915506877136354,-0.0050481660415734,,0.01447484218491725,-0.21302558110156888,0
INOXWIND,2019,Capital Goods,-0.0393499330317123,0.2752892291791903,0.0162421771882288,,0.0147344734730676,-0.2130376608375929,0
ADANIENSOL,2021,Power,-0.059219939685772,0.6267109964060343,0.0161594113238446,,0.02714301304713805,-0.21304889398527943,0
UTIAMC,2022,Financial Services,0.0495224752952518,,-0.0006671917563533,,0.0213614188746349,-0.2130623282278753,0
ASHOKLEY,2017,Capital Goods,0.0495793537990443,0.4948664101625536,-0.0021900725510935,,0.0147344734730676,-0.2130921124949658,0
ELECON,2019,Capital Goods,-0.0079582090103738,0.2531846692470416,-0.0206928817733665,,0.0147344734730676,-0.21310442962037285,0
NBCC,2023,Construction,0.049620608420495,3.48491959128863e-05,7.317041715443543e-07,,0.00811929390513665,-0.21314462447770777,0
HDFCBANK,2022,Financial Services,0.0235581101120274,0.8408030008276752,0.0008963315202105,,0.0213614188746349,-0.21314902809394326,0
AXISBANK,2023,Financial Services,-0.0083726417936279,0.8569048646151678,0.0031466217439878,,0.0213614188746349,-0.21315184707844526,0
RPOWER,2024,Power,-0.0715759240422496,0.4288547399664656,-0.0086820115440807,0.2654951317976727,0.02714301304713805,-0.21322181785669136,0
TATACHEM,2022,Chemicals,-0.0114265368324166,0.2075631257728669,-0.0370810169088376,,0.02157821562095625,-0.21332446874849725,0
NAVINFLUOR,2017,Chemicals,0.0375491553351056,0.0157297072337967,-0.0058768642923029,,0.02157821562095625,-0.2133499275539697,0
NIACL,2020,Financial Services,0.0311879546325956,,-0.0006671917563533,,0.0213614188746349,-0.21336174669260044,0
NAM-INDIA,2018,Financial Services,0.0293044867674337,,-0.0006671917563533,,0.0213614188746349,-0.21336174669260044,0
THERMAX,2024,Capital Goods,-0.0129576470333003,0.1259702210787586,0.0319731410511434,0.0745396880635262,0.0147344734730676,-0.21341348982159858,0
SAILIFE,2019,Healthcare,-0.0457847581593951,0.2049001620772211,-0.0036016930944258,,0.018909635366554302,-0.21342476005481908,0
ATGL,2022,Oil Gas & Consumable Fuels,-0.050441084876281,0.2344510503369005,0.0692889222575907,,0.02732774499087675,-0.2134325921765594,0
KEI,2022,Capital Goods,0.0418109082042601,0.1007578528353562,-0.0005835672849501,,0.0147344734730676,-0.2134406986516606,0
PETRONET,2019,Oil Gas & Consumable Fuels,0.0058454988871649,0.0480938847189452,-0.0441953103221261,,0.02732774499087675,-0.21344778725123392,0
IDFCFIRSTB,2023,Financial Services,-0.0044941670291712,0.8407531534768858,0.007170292246337,,0.0213614188746349,-0.2134942091814942,0
ABSLAMC,2021,Financial Services,0.0070696127585598,0.0298858683328714,-0.0096062307027274,,0.0213614188746349,-0.21349730340378031,0
PNB,2023,Financial Services,-0.0128836498889759,0.9108537177417338,0.0047049041437046,,0.0213614188746349,-0.21351597889780066,0
AXISBANK,2022,Financial Services,-0.0117253665493932,0.85375824287118,0.0040604482937448,,0.0213614188746349,-0.21351597889780066,0
BANDHANBNK,2019,Financial Services,-0.0131799692107131,0.7751885972271216,0.0043929810623047,,0.0213614188746349,-0.21351597889780066,0
FEDERALBNK,2020,Financial Services,-0.0117280117028689,0.8986999581627452,0.0043803628304528,,0.0213614188746349,-0.21351597889780066,0
TATACHEM,2021,Chemicals,-0.0628477760682071,0.2446441426817046,-0.0336866322418322,,0.02157821562095625,-0.21354624943342904,0
GAIL,2022,Oil Gas & Consumable Fuels,0.0293646342399031,0.0954164246930217,-0.0017398277751877,,0.02732774499087675,-0.21356081340966104,0
KPIL,2020,Construction,-0.0347914419342174,0.2093998198328689,0.0247716789124873,,0.00811929390513665,-0.21363004740625186,0
SIEMENS,2017,Capital Goods,0.0428749752629736,,-0.0021900725510935,,0.0147344734730676,-0.21365991132911116,0
GPIL,2023,Capital Goods,-0.0327578754770446,0.061379587042604,-0.0262412991459507,,0.0147344734730676,-0.21367161507589588,0
GALLANTT,2021,Capital Goods,-0.0111068103133131,0.1226372492097284,-0.0249463045291511,,0.0147344734730676,-0.21369848362104643,0
KARURVYSYA,2019,Financial Services,0.0257645934272972,0.8859703444412845,0.000359146712165,,0.0213614188746349,-0.21373059238150843,0
BANKINDIA,2024,Financial Services,0.0076531325154754,0.8888771788775992,-0.003589460732127,0.7551364011071501,0.0213614188746349,-0.21373785090141767,0
LAURUSLABS,2017,Healthcare,-0.0534063457487101,0.3172309049042183,-0.0036016930944258,,0.018909635366554302,-0.21374740104918377,0
HUDCO,2023,Financial Services,0.0315193653098268,0.7769006686116844,-0.0026680851299022,,0.0213614188746349,-0.213795684999805,0
NAVINFLUOR,2021,Chemicals,0.0106717680352879,0.0132066423192255,0.012346971327595,,0.02157821562095625,-0.21379801244516655,0
PVRINOX,2022,Media Entertainment & Publication,-0.0894444049966408,0.7094965125107192,0.0425836843416675,,0.035357351082854704,-0.2138310342042774,0
PHOENIXLTD,2021,Realty,-0.0328651441224942,0.3567067950799304,-0.0518814870739681,,0.03750103869543505,-0.213833481693795,0
PCBL,2018,Chemicals,-0.0221911883012178,0.2498215162585629,-0.0440492164318963,,0.02157821562095625,-0.21384284732173653,0
ICICIGI,2022,Financial Services,0.0090840795070828,0.005014916919543,-0.0073267346020935,,0.0213614188746349,-0.21386350062090276,0
ESCORTS,2023,Capital Goods,0.04093974904857,0.0056818069137575,-2.213281223379087e-05,,0.0147344734730676,-0.21387479924821273,0
ICICIBANK,2023,Financial Services,0.0193045766624857,0.7147821038703022,-0.0001224646948165,,0.0213614188746349,-0.21395778633009438,0
CENTRALBK,2023,Financial Services,0.0257077907420146,0.9042677170031392,-0.0015803666283993,,0.0213614188746349,-0.21395962043565236,0
BEL,2019,Capital Goods,0.0178919127132865,0.001615228778449,-0.0026221576673982,,0.0147344734730676,-0.21411351736642126,0
SRF,2022,Chemicals,-0.0137519735160332,0.231854594446816,-0.0367936485223109,,0.02157821562095625,-0.2141347566743418,0
KOTAKBANK,2024,Financial Services,-0.0143082621962558,0.677864756324341,0.0028382174611329,0.3629573249548792,0.0213614188746349,-0.21413679631071503,0
VTL,2024,Textiles,0.1056345668214994,0.149493191085237,0.001492827619218,0.126860828296759,0.0200266138250189,-0.21419557827085717,0
POWERGRID,2017,Power,-0.0721883756319883,0.6081291102397116,-0.00866163884820365,,0.02714301304713805,-0.21423203275560448,0
CUB,2019,Financial Services,0.0058386332140786,0.8601375022978917,-0.0059336468172828,,0.0213614188746349,-0.21423519490670123,0
CANBK,2018,Financial Services,0.0113531632931548,0.8928172501934363,-0.0043566988595633,,0.0213614188746349,-0.21425100778936496,0
UNIONBANK,2024,Financial Services,-0.0109177636616643,0.8927041948360606,-0.0100412481568374,0.6970163983384973,0.0213614188746349,-0.21425174076645348,0
CGCL,2020,Financial Services,-0.0109715433334309,0.6386618004318372,-0.0086852948520176,,0.0213614188746349,-0.21425174076645348,0
IDBI,2022,Financial Services,-0.0083761252450711,0.8170650359382646,-0.0086925895375218,,0.0213614188746349,-0.21425174076645348,0
JKCEMENT,2022,Construction Materials,-0.0167798242213877,0.3608951344297718,-0.006395181615609,,0.02233657876759495,-0.21430587280587615,0
BANKBARODA,2020,Financial Services,-0.0146698067580089,0.8908653555232728,-0.0051741091634087,,0.0213614188746349,-0.21432035625648732,0
GROWW,2024,Financial Services,-0.0159466797705653,0.0113607309580854,-0.0042764238202114,1.0408397808196688,0.0213614188746349,-0.21432035625648732,0
PNB,2024,Financial Services,0.0204802349122685,0.9081560132051578,-0.002697704536576,0.7650491616188219,0.0213614188746349,-0.21432729831359731,0
DLF,2022,Realty,-0.0260123447090558,0.0817294631720609,-0.0470034312437527,,0.03750103869543505,-0.21433379654849832,0
GVT&D,2010,Capital Goods,0.0177262502937588,0.2004722523752504,-0.0021900725510935,,0.0147344734730676,-0.21433826797730177,0
MAZDOCK,2021,Capital Goods,0.0177264271136173,0.0011797729792211,-0.0021900725510935,,0.0147344734730676,-0.21433826797730177,0
DLF,2024,Realty,-0.025056827675734,0.0818342231694394,0.0184169139583425,0.2616519810820888,0.03750103869543505,-0.21434133942052125,0
ADANIENSOL,2022,Power,-0.0609302481390676,0.6299873736176661,0.0032763772116317,,0.02714301304713805,-0.21436375793724183,0
FEDERALBNK,2023,Financial Services,0.0099827592164088,0.8912196330160074,0.0016157790734977,,0.0213614188746349,-0.21437626485332656,0
PINELABS,2022,Financial Services,0.0089821698417617,0.0377608950541358,-0.0040051285024795,,0.0213614188746349,-0.2143947259218924,0
AXISBANK,2024,Financial Services,0.0080994914547452,0.8531610312906497,-0.0037438333245181,0.6296046290365709,0.0213614188746349,-0.2143947259218924,0
UNIONBANK,2019,Financial Services,0.0097397503721264,0.9241845058774256,-0.0042410434531359,,0.0213614188746349,-0.2143947259218924,0
LT,2021,Construction,-0.0370560252412929,0.4341542375474874,-0.0326853349953281,,0.00811929390513665,-0.21442341373279433,0
WELCORP,2020,Capital Goods,-0.0015938441859938,0.1335442512079727,-0.0255707440418708,,0.0147344734730676,-0.21444023156230574,0
CUB,2018,Financial Services,0.0194079462156257,0.8660711491151745,-0.0028279421153261,,0.0213614188746349,-0.2144492485562557,0
UNIONBANK,2023,Financial Services,0.00190615628302,0.902745442992898,-0.0066566547941204,,0.0213614188746349,-0.21450881821600398,0
POLICYBZR,2024,Financial Services,0.0093408496086057,0.037650237571171,0.0014191993446195,0.0213375450984035,0.0213614188746349,-0.21451992690441696,0
CDSL,2020,Financial Services,0.0278199761112335,,-0.0006671917563533,,0.0213614188746349,-0.21453313574304522,0
POLICYBZR,2018,Financial Services,0.0273155094802891,0.0009548492702223,-0.0009009762821757,,0.0213614188746349,-0.21453313574304522,0
CRISIL,2021,Financial Services,0.0250372423488439,0.052774305375279,-0.0006671917563533,,0.0213614188746349,-0.21453313574304522,0
NIACL,2018,Financial Services,0.0233036219459781,,-0.0006671917563533,,0.0213614188746349,-0.21453313574304522,0
NIACL,2019,Financial Services,0.0240676773075068,,-0.0006671917563533,,0.0213614188746349,-0.21453313574304522,0
UTIAMC,2020,Financial Services,0.0287273163827528,,-0.0006671917563533,,0.0213614188746349,-0.21453313574304522,0
GROWW,2022,Financial Services,0.0273387954218525,,-0.0006671917563533,,0.0213614188746349,-0.21453313574304522,0
NIACL,2017,Financial Services,0.0166701231875536,,-0.0006671917563533,,0.0213614188746349,-0.21454285440838566,0
RAMCOCEM,2018,Construction Materials,-0.0781147786789781,0.1562992977146085,-0.0469618531783256,,0.02233657876759495,-0.21455092312177615,0
KEC,2019,Construction,0.0254674345565898,0.1577140956158424,-0.0103098454295235,,0.00811929390513665,-0.21455173889353651,0
ANANTRAJ,2017,Realty,0.0305245415640614,0.2570902168455782,-0.0193720440279249,,0.03750103869543505,-0.21455439725797054,0
NTPC,2023,Power,-0.0676207094500939,0.498476516265867,-0.0082349775409261,,0.02714301304713805,-0.21456878247176264,0
ATUL,2019,Chemicals,0.0080853405579308,0.0154284666074023,0.01013693372478,,0.02157821562095625,-0.21457097784314527,0
AXISBANK,2021,Financial Services,-0.005431923415652,0.8496977945774351,-0.0096206709765512,,0.0213614188746349,-0.21459293375475263,0
AIAENG,2024,Capital Goods,-0.0858679668756288,0.0615224080553175,-0.0142716155960977,0.2654892986438071,0.0147344734730676,-0.21467352429668474,0
HINDCOPPER,2023,Metals & Mining,-0.1183781702288857,0.0489579452565142,-0.08031656869976,,0.02556926581353005,-0.2146881987435863,0
LINDEINDIA,2020,Chemicals,-0.0571682455440964,0.0020997598970204,-0.0312768570857604,,0.02157821562095625,-0.21470340839147495,0
MAHABANK,2020,Financial Services,-0.0017425411435133,0.909491755085996,-0.0061545421658214,,0.0213614188746349,-0.21477681907539775,0
KARURVYSYA,2023,Financial Services,-0.0012322101872023,0.8657140398552131,-0.0063222897569376,,0.0213614188746349,-0.21477681907539775,0
UCOBANK,2024,Financial Services,-0.0011175760539109,0.8915549124095634,-0.0058074844098543,0.5872272490498331,0.0213614188746349,-0.21477681907539775,0
PIDILITIND,2022,Chemicals,0.0265621412336191,0.043797673139997,0.0062430572692575,,0.02157821562095625,-0.21482329014348922,0
SWANCORP,2020,Chemicals,0.025878252694875,0.3457379271602708,0.0059494058073626,,0.02157821562095625,-0.21482329014348922,0
KARURVYSYA,2022,Financial Services,0.0047180438638953,0.8720363296121507,-0.0098171531992916,,0.0213614188746349,-0.21483038999238951,0
MAHABANK,2018,Financial Services,0.003907993534233,0.9142321978398396,-0.0090214381843084,,0.0213614188746349,-0.21483038999238951,0
SOLARINDS,2017,Chemicals,0.0400290402207056,0.2910759401771454,-0.0058768642923029,,0.02157821562095625,-0.21487923724040148,0
THERMAX,2021,Capital Goods,-0.0866018652709443,0.0504457019074257,0.0117511250962795,,0.0147344734730676,-0.21490076339258923,0
ZENTEC,2024,Capital Goods,0.0350433044636908,0.0080346435709527,-0.0062151822645093,0.2903882793508968,0.0147344734730676,-0.21492105277741502,0
IRFC,2024,Financial Services,-0.0129533448572853,0.8494195718447275,-0.0035534113415195,0.9941863817619164,0.0213614188746349,-0.21493186048458174,0
ABSLAMC,2020,Financial Services,-0.0016603475915417,0.0394920990355988,-0.0084704758746423,,0.0213614188746349,-0.2149494949580823,0
SBIN,2022,Financial Services,-0.0041636781635747,0.8462364775691289,-0.0100279154960037,,0.0213614188746349,-0.2149494949580823,0
CESC,2024,Power,-0.0561349103981997,0.391296709138937,0.0130913208648409,0.171300196573996,0.02714301304713805,-0.21499264318837685,0
ASHOKLEY,2022,Capital Goods,-0.0735116291612017,0.5541197489767324,-0.0183561866131058,,0.0147344734730676,-0.21499695864292112,0
TITAGARH,2020,Capital Goods,-0.0827218262894471,0.3212293822715047,-0.0123532570980114,,0.0147344734730676,-0.21503747975227067,0
PIIND,2018,Chemicals,0.0183521169661894,0.0317544928419128,-0.0204354784798912,,0.02157821562095625,-0.21510340052383242,0
FINCABLES,2020,Capital Goods,0.0241282141599154,0.0023306328519431,0.0021562588545936,,0.0147344734730676,-0.21516501722970494,0
CANBK,2024,Financial Services,-0.007056817926861,0.8923545855798766,-0.0034695776625089,0.6503513900320415,0.0213614188746349,-0.2151987381205912,0
HAVELLS,2019,Consumer Durables,0.0400553973993998,0.0132198339476942,-0.0042421146532159,,0.006957110708254,-0.21526591895105196,0
POLYCAB,2021,Capital Goods,-0.0527934195332658,0.0402725704591785,0.013922785706688,,0.0147344734730676,-0.2152671792431483,0
BANKBARODA,2021,Financial Services,0.0020244336583814,0.8873386854262145,-0.0035266700970583,,0.0213614188746349,-0.21536084735184058,0
JKCEMENT,2021,Construction Materials,-0.0895208670988654,0.3672903160453808,-0.0427943943984943,,0.02233657876759495,-0.21536772164548162,0
LINDEINDIA,2024,Chemicals,-0.0667271561878282,0.0043057162597497,-0.0007058979573247,0.3171524774700426,0.02157821562095625,-0.21537588434536126,0
CARBORUNIV,2018,Capital Goods,0.0012550537469581,0.0619670811856904,-0.0195442896374724,,0.0147344734730676,-0.21539712826614166,0
TARIL,2023,Capital Goods,0.0104022775512954,0.278166166908123,-0.0144947641381767,,0.0147344734730676,-0.21541006925217582,0
LINDEINDIA,2016,Chemicals,-0.0758268619984369,0.4005714729146227,-0.0058768642923029,,0.02157821562095625,-0.21546597469869033,0
ELGIEQUIP,2021,Capital Goods,-0.0779479100553087,0.2633511651101641,-0.0255405891287631,,0.0147344734730676,-0.21548665753943425,0
JSL,2018,Metals & Mining,-0.1024084208427673,0.4628740630252528,-0.07682162975994,,0.02556926581353005,-0.2155054827176392,0
SOBHA,2021,Realty,-0.0491210476587293,0.2722677889372363,-0.0120856769947157,,0.03750103869543505,-0.21555470058999876,0
CLEAN,2023,Chemicals,0.0137346657058767,0.0017884583662519,0.0014315781482305,,0.02157821562095625,-0.21557115432117951,0
ELECON,2020,Capital Goods,-0.0622061924418959,0.2270389833612758,-0.0261456858857657,,0.0147344734730676,-0.2155786040734246,0
MAHABANK,2021,Financial Services,-0.0095275685318538,0.9054687956838594,-0.0040229594021365,,0.0213614188746349,-0.21560099305413022,0
BANDHANBNK,2025,Financial Services,-0.0133005501621114,0.8478908276319747,-0.0044039046596605,0.4312661565314735,0.0212750160254997,-0.21560099305413022,0
PNB,2022,Financial Services,-0.0120746482159691,0.9061488135980292,-0.004996116235571,,0.0213614188746349,-0.21560099305413022,0
ICICIGI,2023,Financial Services,-0.0101854911030348,0.0006353678416735,-0.0043795490778694,,0.0213614188746349,-0.21560099305413022,0
APARINDS,2021,Capital Goods,-0.0241789325022304,0.0649752549520102,-0.0148605781306319,,0.0147344734730676,-0.21560429727502972,0
SUPREMEIND,2018,Capital Goods,-0.0258266890545653,0.0843769477301599,-0.0150248174011916,,0.0147344734730676,-0.21560429727502972,0
CANBK,2020,Financial Services,0.0044544518737834,0.9011785804404716,0.0017951575674185,,0.0213614188746349,-0.2156403756536418,0
COROMANDEL,2019,Chemicals,0.0183545931877676,0.2794110415058937,0.0023662107369441,,0.02157821562095625,-0.2156492419504114,0
ACE,2017,Capital Goods,-0.0899982266359283,0.1679523556186085,-0.0021900725510935,,0.0147344734730676,-0.2157460496550786,0
TORNTPOWER,2019,Power,-0.0621438204645369,0.3957215483043705,-0.0158981626792352,,0.02714301304713805,-0.21584109971362136,0
PCBL,2019,Chemicals,0.0276931434374926,0.2342491556248376,-0.0155723606337252,,0.02157821562095625,-0.21588840527229325,0
MAZDOCK,2019,Capital Goods,0.0224089944849211,,-0.0021900725510935,,0.0147344734730676,-0.21600012910308874,0
BANKINDIA,2020,Financial Services,0.0026787240722204,0.9006386938859726,0.0021806280284526,,0.0213614188746349,-0.21602798479168944,0
SBIN,2024,Financial Services,-0.0004127369879785,0.8325438776431742,-0.0054373296812719,0.4794342179764316,0.0213614188746349,-0.21602908376529623,0
ATUL,2020,Chemicals,-0.0518683164517553,0.0261779093873157,0.0107494427799133,,0.02157821562095625,-0.21606466543400926,0
GMDCLTD,2025,Metals & Mining,-0.1203150703489384,0.0163134704831207,0.0159307680885166,0.1742035742035742,0.0237081290568351,-0.2160738228528764,0
ANURAS,2024,Chemicals,-0.0067019147396488,0.2323200055631977,0.0148167233338228,0.3186035782026964,0.02157821562095625,-0.21609146762907788,0
ASTRAL,2017,Capital Goods,0.0208605578779565,0.1566560163107805,-0.0021900725510935,,0.0147344734730676,-0.21609343493171407,0
CUB,2023,Financial Services,0.0032037151382935,0.8572164152747612,-0.0041633593166149,,0.0213614188746349,-0.21617720999276796,0
AEGISLOG,2024,Oil Gas & Consumable Fuels,-0.0670031453441591,0.3361545582267018,0.0640085415603416,0.1364389949560337,0.02732774499087675,-0.21622003618430452,0
OIL,2022,Oil Gas & Consumable Fuels,-0.0603305474170155,0.2735290509071814,-0.0815314528653686,,0.02732774499087675,-0.21622518150543873,0
CUB,2024,Financial Services,-0.0021206940345385,0.8525246495383679,-0.0046917657363932,0.6922109363376929,0.0213614188746349,-0.21629581431405953,0
LTF,2020,Financial Services,-0.0042143345991219,0.8576217015908911,-0.0052454144679531,,0.0213614188746349,-0.21629581431405953,0
AMBER,2020,Consumer Durables,-0.044779054123978,0.1320673358860257,0.0260498054946711,,0.006957110708254,-0.2163342820632818,0
CUMMINSIND,2019,Capital Goods,0.0312494327810477,0.0515802101226512,0.0066370977018756,,0.0147344734730676,-0.21636797340128944,0
FINCABLES,2023,Capital Goods,0.0297101667520003,0.0027326847975584,0.0007767609517537,,0.0147344734730676,-0.21637215701755025,0
DCMSHRIRAM,2023,Diversified,-0.0359599216044044,0.1592510813909341,-0.0090937647445213,,0.01061696811920515,-0.21644437464473065,0
PGEL,2023,Consumer Durables,0.0210060367506245,0.3823430014114466,0.0095849546927873,,0.006957110708254,-0.2164635585647669,0
RPOWER,2018,Power,-0.0566841991998576,0.5098045901546532,-0.0033294045031962,,0.02714301304713805,-0.21652163502292504,0
DEEPAKNTR,2018,Chemicals,-0.040111098252517,0.3805655209659375,-0.024025383298003,,0.02157821562095625,-0.21653112834023047,0
HDFCLIFE,2022,Financial Services,-0.0200039916016008,0.0026003919224025,-0.0007393418251171,,0.0213614188746349,-0.21657887010007243,0
WELCORP,2019,Capital Goods,-0.0776354831195661,0.1591149952498436,-0.0211067933841063,,0.0147344734730676,-0.21658931711967894,0
SIEMENS,2022,Capital Goods,0.028067034661097,0.0090556467253468,0.0088280611309598,,0.0147344734730676,-0.2166273236866087,0
PNB,2018,Financial Services,-0.0133387081446461,0.9179973013707404,0.0002598712812302,,0.0213614188746349,-0.21664823387450843,0
CENTRALBK,2025,Financial Services,0.0077508106659486,0.9055769088436746,-0.000138590116755,0.5751545207376423,0.0211886139848502,-0.21665563328078707,0
PIIND,2023,Chemicals,-0.0320648136136891,0.0054836845643124,-0.0351139203951926,,0.02157821562095625,-0.21665998697946126,0
SARDAEN,2022,Metals & Mining,-0.0213427812624461,0.2983440327229553,-0.0809009078744348,,0.02556926581353005,-0.21666464984859307,0
ACE,2023,Capital Goods,-0.0641854301323965,0.004657006763599,-0.0195327683385563,,0.0147344734730676,-0.21667661123307103,0
IOB,2022,Financial Services,-0.0128076794443045,0.8871498733053415,-0.0027052304450524,,0.0213614188746349,-0.2166913263199543,0
FLUOROCHEM,2018,Chemicals,-0.0716033204959416,0.2050947629183943,-0.0058768642923029,,0.02157821562095625,-0.21670604306303382,0
CUB,2017,Financial Services,0.0062136437622427,0.8688990912305006,-0.0006671917563533,,0.0213614188746349,-0.2167074783958231,0
FSL,2022,Services,-0.0296091605066286,0.3177920428164959,0.0680748334636003,,0.01447484218491725,-0.21671961154017128,0
TATACHEM,2023,Chemicals,-0.0187178019461934,0.1801946193474528,-0.0273685064254141,,0.02157821562095625,-0.2167347077022979,0
KOTAKBANK,2019,Financial Services,0.0136187792001568,0.7383209178299281,-0.0014618083992519,,0.0213614188746349,-0.2167399739502841,0
INDIACEM,2020,Construction Materials,-0.0288347254107035,0.3078611881631005,0.0108137206882257,,0.02233657876759495,-0.21678850078178813,0
JINDALSAW,2018,Capital Goods,-0.0292963821495228,0.4782529623362541,-0.0057201301319394,,0.0147344734730676,-0.21678886594219204,0
ELECON,2018,Capital Goods,-0.0291558441558441,0.2738775510204081,-0.0056963603980183,,0.0147344734730676,-0.21678886594219204,0
SPLPETRO,2009,Chemicals,-0.0556257502053193,0.2175121612230716,-0.0124531102682791,,0.02157821562095625,-0.21681614594720183,0
SBIN,2021,Financial Services,-0.0139329006182422,0.8562643930651327,-0.0030741567290555,,0.0213614188746349,-0.2168555237009691,0
GESHIP,2024,Services,-0.1317472896609086,0.1813615772620666,-0.0585859016190257,0.4940131137467963,0.01447484218491725,-0.2168575270724818,0
LT,2023,Construction,-0.0373230918130152,0.3659157833262385,-0.0274920536244534,,0.00811929390513665,-0.216905891097319,0
CUB,2022,Financial Services,-0.006587419788295,0.8613797745913762,0.0007231343685658,,0.0213614188746349,-0.2169136814597677,0
DALBHARAT,2023,Construction Materials,-0.0476899565029977,0.1510639131627414,0.0223141158544878,,0.02233657876759495,-0.2169276886168679,0
DATAPATTNS,2018,Capital Goods,-0.0610459464713887,0.2073747650832739,-0.0222033465891885,,0.0147344734730676,-0.2169563085916114,0
WELCORP,2023,Capital Goods,0.0256533310636291,0.2213393655085719,-0.0029984740241938,,0.0147344734730676,-0.21696366035645104,0
TATAINVEST,2018,Financial Services,0.0064980215039813,,-0.0006671917563533,,0.0213614188746349,-0.21696758572511715,0
JIOFIN,2024,Financial Services,0.0067122150647965,,-0.0006671917563533,0.7148625527546482,0.0213614188746349,-0.21696758572511715,0
INOXWIND,2017,Capital Goods,0.0367885709629669,0.3247823784238901,-0.0021900725510935,,0.0147344734730676,-0.2170069356724838,0
SOLARINDS,2018,Chemicals,-0.0168765122210093,0.2603560415901648,-0.0307198985869805,,0.02157821562095625,-0.2170482682174792,0
JKCEMENT,2023,Construction Materials,-0.0716565427777205,0.3977046339430713,0.0368094995132994,,0.02233657876759495,-0.21711467562052056,0
SPLPETRO,2010,Chemicals,0.0199577156248407,0.1975520912934943,-0.0199600699295772,,0.02157821562095625,-0.21713053076009065,0
HDFCBANK,2021,Financial Services,-0.0059145322515427,0.8399066693074647,-0.0033472462943496,,0.0213614188746349,-0.21713447891607324,0
SJVN,2017,Power,-0.054264467406106,0.1569935758167964,-0.00866163884820365,,0.02714301304713805,-0.2171655997401304,0
ICICIPRULI,2017,Financial Services,-0.0196250112833954,,-0.0006671917563533,,0.0213614188746349,-0.21720365658650853,0
CUB,2021,Financial Services,-0.0061708792199234,0.8606566402228103,-0.0012345225400178,,0.0213614188746349,-0.21721358800173668,0
ACMESOLAR,2020,Power,-0.0540848055028555,0.6851731706039156,-0.00866163884820365,,0.02714301304713805,-0.21725296631297603,0
GROWW,2023,Financial Services,-0.0187529379464118,0.0156371547782968,-0.0006671917563533,,0.0213614188746349,-0.2172764562028478,0
BANKBARODA,2022,Financial Services,0.00122327759956,0.8844951687198395,-0.002843516706375,,0.0213614188746349,-0.21728193424390807,0
ASTRAL,2023,Capital Goods,-0.0229935122991219,0.0199674468719194,-0.0090561440224086,,0.0147344734730676,-0.21728964429528091,0
GICRE,2024,Financial Services,0.0102375552609174,,-0.0006671917563533,0.1730934034230662,0.0213614188746349,-0.21730852612011603,0
UTIAMC,2023,Financial Services,0.0100432821628147,,-0.0006671917563533,,0.0213614188746349,-0.21730852612011603,0
CRISIL,2016,Financial Services,0.0110594554012301,,-0.0006671917563533,,0.0213614188746349,-0.21730852612011603,0
GRAVITA,2021,Metals & Mining,-0.0330979031569672,0.3594647061253149,-0.0951547352445659,,0.02556926581353005,-0.2173293767976484,0
CESC,2017,Power,-0.0524231901199985,0.4163116312485254,-0.00866163884820365,,0.02714301304713805,-0.21734847611346153,0
JSWSTEEL,2022,Metals & Mining,-0.028526350612006,0.3676463852202458,-0.0857760103547288,,0.02556926581353005,-0.21735592567279854,0
SUMICHEM,2020,Chemicals,-0.0079291221939453,0.0168933034527291,0.0062747955278275,,0.02157821562095625,-0.21736167073915574,0
PTCIL,2022,Capital Goods,-0.0282635742623066,0.4606446160707997,0.0051614592618234,,0.0147344734730676,-0.21739242326952163,0
BANKBARODA,2019,Financial Services,0.0031099973830916,0.8960394646866816,-0.003017530741015,,0.0213614188746349,-0.21742947910632215,0
THERMAX,2018,Capital Goods,-0.0508521462210047,0.0394227265980271,0.0125159813765366,,0.0147344734730676,-0.21743429569366102,0
UCOBANK,2021,Financial Services,-0.0088203100382157,0.873861167512089,-0.0006671917563533,,0.0213614188746349,-0.21744349437145416,0
CRISIL,2018,Financial Services,-0.0094383507981588,0.0015853001664871,-0.0006671917563533,,0.0213614188746349,-0.21744349437145416,0
IDBI,2024,Financial Services,0.0087768524693741,0.8074613502141178,-0.0008429607961848,0.6953109313553091,0.0213614188746349,-0.21745087530772056,0
BANKINDIA,2017,Financial Services,0.0081547137960462,0.920600827947135,-0.0006671917563533,,0.0213614188746349,-0.21745087530772056,0
CRISIL,2017,Financial Services,0.0091789766645258,,-0.0006671917563533,,0.0213614188746349,-0.21745087530772056,0
NIACL,2021,Financial Services,0.0093390036254903,,-0.0006671917563533,,0.0213614188746349,-0.21745087530772056,0
MAZDOCK,2022,Capital Goods,0.0259790466747545,0.0003909603517837,-0.0007888126274374,,0.0147344734730676,-0.217490170090064,0
SIEMENS,2023,Capital Goods,0.025912408759124,0.0080938741568881,-0.0009617725684587,,0.0147344734730676,-0.217490170090064,0
CHOLAHLDNG,2017,Financial Services,-0.0176827893092359,,-0.0006671917563533,,0.0213614188746349,-0.2175189289150452,0
PINELABS,2020,Financial Services,-0.0167702421723886,0.0511836026876466,-0.0006671917563533,,0.0213614188746349,-0.2175189289150452,0
JIOFIN,2023,Financial Services,-0.0176077416462744,0.0064628281879787,-0.0006671917563533,,0.0213614188746349,-0.2175189289150452,0
KARURVYSYA,2017,Financial Services,-0.0162644994257989,0.896256157412306,-0.0006671917563533,,0.0213614188746349,-0.2175189289150452,0
SBIN,2020,Financial Services,-0.000991243393697,0.8593385497941882,-0.0032879640753655,,0.0213614188746349,-0.217547617929982,0
NLCINDIA,2021,Power,-0.0570486668252752,0.5050185165989242,-0.0123794001809581,,0.02714301304713805,-0.21755006782114017,0
CDSL,2021,Financial Services,0.0071772541928817,0.000258307348844,-0.0006671917563533,,0.0213614188746349,-0.2175557897629401,0
REDINGTON,2022,Services,0.0157930792076895,0.0451317755927905,0.0024155949445095,,0.01447484218491725,-0.2176288642430026,0
UPL,2022,Chemicals,-0.0356066151383943,0.3318238775231691,-0.0247383270867341,,0.02157821562095625,-0.21765294286428882,0
PREMIERENE,2022,Capital Goods,-0.0144138229457318,0.3393067637535624,-0.0162453740501902,,0.0147344734730676,-0.2176552380547277,0
TATAINVEST,2024,Financial Services,-0.006548492614578,,-0.0006671917563533,-1.4663072776280324,0.0213614188746349,-0.21770827936028964,0
ICICIGI,2021,Financial Services,-0.0076472435366643,0.0123416515216365,-0.0007515621712193,,0.0213614188746349,-0.21770827936028964,0
KPIL,2023,Construction,-0.0110467689583948,0.1939552186813547,-0.0302691821646472,,0.00811929390513665,-0.21777652047325824,0
ICICIPRULI,2022,Financial Services,-0.0043853349300882,0.0049092317817283,-0.0006151242061141,,0.0213614188746349,-0.2177812947353046,0
YESBANK,2017,Financial Services,-0.0048556286861568,0.8437848580549893,-0.0006671917563533,,0.0213614188746349,-0.2177812947353046,0
PVRINOX,2024,Media Entertainment & Publication,-0.1155389857114825,0.4937357664841209,0.004956818476715,0.3072264601409189,0.035357351082854704,-0.21779676320054314,0
RHIM,2021,Capital Goods,-0.0228557365596519,0.0495300244514305,-0.0176063400493015,,0.0147344734730676,-0.2178186837177648,0
FSL,2019,Services,-0.0061217517797712,0.1533936875978047,-0.0444859614230012,,0.01447484218491725,-0.21784698728858914,0
GRAVITA,2024,Metals & Mining,0.0221770040758749,0.3417930104674461,0.0532047458811733,0.0810200517853917,0.02556926581353005,-0.21787414802999305,0
UPL,2018,Chemicals,-0.0355913744282291,0.2891744717926378,-0.0295965553199685,,0.02157821562095625,-0.2178797159458512,0
SOLARINDS,2023,Chemicals,0.0205164665474235,0.2433801749532466,-0.0012870170498832,,0.02157821562095625,-0.21788484458687024,0
BEML,2020,Capital Goods,-0.0081321596994257,0.0660604828167213,-0.0132988540269154,,0.0147344734730676,-0.2178949931088185,0
NCC,2023,Construction,-0.0296620205774942,0.0588406609740594,-0.0312430920234181,,0.00811929390513665,-0.21790897334232767,0
LICI,2022,Financial Services,0.0018587547252355,3.032398868827776e-07,-6.551037084956154e-07,,0.0213614188746349,-0.21793313252779917,0
ICICIPRULI,2023,Financial Services,0.0005371479449195,0.0046902243607908,-0.0002190074209375,-0.005859350613234,0.0213614188746349,-0.21793313252779917,0
CANBK,2022,Financial Services,0.0041355866899827,0.8997744140945015,0.000272761076663,,0.0213614188746349,-0.21808037521215262,0
MCX,2023,Financial Services,0.0024977255810106,0.0005127780994127,0.0002056944655421,,0.0213614188746349,-0.21808037521215262,0
BANKINDIA,2018,Financial Services,0.0022833650333259,0.9210171471255046,0.0004163191783695,,0.0213614188746349,-0.21808037521215262,0
IOB,2024,Financial Services,0.0056675016262429,0.8995062172653695,0.0005172431758795,0.5991472593691856,0.0213614188746349,-0.21808037521215262,0
KAYNES,2024,Capital Goods,-0.0065080838057436,0.0987850556020054,-0.0102835545732205,0.1422154330137028,0.0147344734730676,-0.21809575794426894,0
APLAPOLLO,2017,Capital Goods,-0.0884971104533281,0.3222196922876753,-0.0021900725510935,,0.0147344734730676,-0.21812079484950936,0
LICI,2023,Financial Services,-0.0040454067822025,,-0.0006671917563533,,0.0213614188746349,-0.21813431050160176,0
KPRMILL,2023,Textiles,0.0920782545470136,0.2408322808045547,-0.0031595264392414,,0.0200266138250189,-0.2182201857181385,0
JINDALSAW,2020,Capital Goods,-0.0735915637710007,0.3745486227606848,-0.0105477174544629,,0.0147344734730676,-0.2182581938344728,0
PCBL,2021,Chemicals,-0.0191570161431006,0.1942673877162142,0.0079087764423292,,0.02157821562095625,-0.21830035970395284,0
J&KBANK,2021,Financial Services,0.0036801316872209,0.9151066237963724,-0.0019768046784434,,0.0213614188746349,-0.21830630471949763,0
NUVOCO,2025,Construction Materials,-0.0704645537635948,0.2243567996722041,-0.0110123331893298,0.1420479996446116,0.0246510568518699,-0.21830969448400545,0
PIDILITIND,2019,Chemicals,0.0135726372381131,0.0190962076903141,-0.004866012907539,,0.02157821562095625,-0.21844883554653366,0
BRIGADE,2023,Realty,-0.0412491705070813,0.2831855216670271,-0.0417051316319156,,0.03750103869543505,-0.2184621464060747,0
CUMMINSIND,2018,Capital Goods,0.0139847903156377,0.0449431124207756,-0.0034120005944861,,0.0147344734730676,-0.218467438213585,0
COROMANDEL,2024,Chemicals,-0.0578035995350064,0.0310576332028641,0.0034787420347409,0.1028508231209238,0.02157821562095625,-0.2184677193201673,0
POLYCAB,2024,Capital Goods,-0.0695076500019476,0.0133507265450633,-0.0069662682332344,0.1377538719417687,0.0147344734730676,-0.2184677782576529,0
HAL,2022,Capital Goods,-0.0845265253921958,0.0008177004345247,-0.0001374725054578,,0.0147344734730676,-0.21847337892075241,0
PHOENIXLTD,2023,Realty,-0.0012102820605668,0.2444253283514167,-0.0334598003475667,,0.03750103869543505,-0.21850533798014543,0
MAZDOCK,2020,Capital Goods,0.0270288982784989,,-0.0021900725510935,,0.0147344734730676,-0.21856589859555514,0
TATACOMM,2026,Telecommunication,-0.1535983387550986,0.4330188685915406,-0.0342852493791784,0.186871280089688,0.0085997966331466,-0.21859845317684085,0
CARBORUNIV,2020,Capital Goods,-0.0589000705363831,0.0308169515139035,-0.0127262744203067,,0.0147344734730676,-0.21861111248795068,0
TEGA,2017,Capital Goods,-0.0839116045692324,0.3178712501334472,-0.0021900725510935,,0.0147344734730676,-0.21862316806125598,0
HAL,2024,Capital Goods,-0.083832895567516,0.0006194472829598,-0.0001266985684172,0.2418334097517575,0.0147344734730676,-0.21862316806125598,0
FINCABLES,2018,Capital Goods,0.0339205276127391,0.0003017393116033,-0.0002065428177708,,0.0147344734730676,-0.21867906611819343,0
ONGC,2024,Oil Gas & Consumable Fuels,-0.1225352463918375,0.2595572003880042,0.0275372345258354,0.1456488164315418,0.02732774499087675,-0.21870970396344713,0
APARINDS,2023,Capital Goods,-0.0073768048042931,0.0457831618528411,-0.0085776270664508,,0.0147344734730676,-0.21872024174805477,0
ABSLAMC,2018,Financial Services,0.0016394818204702,0.0452083884668263,-0.0006671917563533,,0.0213614188746349,-0.2187251857277115,0
PFC,2017,Financial Services,0.0016977894676329,0.7821326615331242,-0.0006671917563533,,0.0213614188746349,-0.2187251857277115,0
TATAINVEST,2023,Financial Services,0.001054102035939,0.0114011827944752,-0.0006671917563533,,0.0213614188746349,-0.2187251857277115,0
IDEA,2023,Telecommunication,-0.2324318299269407,1.147282871724794,0.0455867859314775,,0.0271052256093291,-0.21876457567038193,0
DEEPAKNTR,2017,Chemicals,0.0264421330322659,0.4045909042639406,-0.0058768642923029,,0.02157821562095625,-0.21877060906835488,0
CEMPRO,2023,Construction,-0.0691354382411746,0.1527310710790128,-0.0022481625277032,,0.00811929390513665,-0.2187794390729625,0
ABB,2012,Capital Goods,0.028463765353045,0.0503781280700324,-0.0021900725510935,,0.0147344734730676,-0.21878081747580952,0
HBLENGINE,2023,Capital Goods,-0.0183821540886577,0.0664662839304893,0.0111868850200082,,0.0147344734730676,-0.21878501981422904,0
KAJARIACER,2021,Consumer Durables,-0.0794787215928215,0.0499063488732165,-0.0182109371036741,,0.006957110708254,-0.21882514820100085,0
RITES,2022,Construction,0.0353859004114719,0.004722342035177,-0.0015397259378146,,0.00811929390513665,-0.21883999207823046,0
TARIL,2022,Capital Goods,0.0109121079306675,0.2926609310462998,0.0083084247237525,,0.0147344734730676,-0.21884164076873053,0
SOLARINDS,2019,Chemicals,-0.0231429903016045,0.2678266273108591,0.0074705857206942,,0.02157821562095625,-0.2188463052491481,0
RAMCOCEM,2021,Construction Materials,-0.0967928084598548,0.2714881483984122,-0.0277757940592185,,0.02233657876759495,-0.2188501253924336,0
TATAINVEST,2021,Financial Services,0.0045740196490049,,-0.0006671917563533,,0.0213614188746349,-0.2188720608725524,0
TATAINVEST,2019,Financial Services,0.0044312304682966,,-0.0006671917563533,,0.0213614188746349,-0.2188720608725524,0
TATAINVEST,2022,Financial Services,0.0043715909475289,,-0.0006671917563533,,0.0213614188746349,-0.2188720608725524,0
MCX,2018,Financial Services,0.0045873192662323,,-0.0006671917563533,,0.0213614188746349,-0.2188720608725524,0
SRF,2023,Chemicals,-0.0394628058371455,0.2389816966065627,0.0071271021597466,,0.02157821562095625,-0.21890610894076157,0
FINCABLES,2022,Capital Goods,0.0280571601498874,0.0019559238458046,0.000231639488152,,0.0147344734730676,-0.21891727741171163,0
LT,2020,Construction,0.0093096517365631,0.4668395725428155,0.015261121777604,,0.00811929390513665,-0.2189509953506023,0
LICI,2024,Financial Services,-0.0029230910955507,,-0.0006671917563533,0.0585704180959416,0.0213614188746349,-0.21898966345492954,0
HDFCBANK,2017,Financial Services,-0.0022425316259143,0.8310133278622006,-0.0006671917563533,,0.0213614188746349,-0.21898966345492954,0
LICI,2019,Financial Services,-0.0031064067085661,0.0786054885188492,-0.0006671917563533,,0.0213614188746349,-0.21898966345492954,0
UTIAMC,2017,Financial Services,-0.0014052692882641,,-0.0006671917563533,,0.0213614188746349,-0.21898966345492954,0
BAJAJHLDNG,2024,Financial Services,-0.0029582075680759,0.0009602357726421,-0.0007843273909225,0.7573023034908573,0.0213614188746349,-0.21898966345492954,0
CANBK,2017,Financial Services,-0.0020415199810453,0.8971739490529996,-0.0006671917563533,,0.0213614188746349,-0.21898966345492954,0
TATAINVEST,2020,Financial Services,-0.0032691564744947,,-0.0006671917563533,,0.0213614188746349,-0.21898966345492954,0
RECLTD,2017,Financial Services,-0.0023360849812685,0.7983624051415844,-0.0006671917563533,,0.0213614188746349,-0.21898966345492954,0
ATUL,2021,Chemicals,-0.0126018492438687,0.0256677318495072,-0.0005101775378084,,0.02157821562095625,-0.2189947801173932,0
ONGC,2020,Oil Gas & Consumable Fuels,-0.1176113479623775,0.2546846547210538,0.0358501703514181,,0.02732774499087675,-0.2190481419111921,0
TEGA,2020,Capital Goods,-0.0714082923560875,0.3255732082628297,0.0043525186954969,,0.0147344734730676,-0.21916282053581226,0
PIIND,2019,Chemicals,0.006149359705845,0.0155952833777101,-0.0161592094642027,,0.02157821562095625,-0.2191641523174669,0
PHOENIXLTD,2020,Realty,-0.0383039660110388,0.4085882821538986,-0.0109352839921514,,0.03750103869543505,-0.21919079717804263,0
RAMCOCEM,2024,Construction Materials,-0.1054575471524157,0.3034190188068776,-0.0054489839479904,0.1406942448763518,0.02233657876759495,-0.21925956739557356,0
SHREECEM,2019,Construction Materials,-0.0693044510998657,0.1809014509965919,-0.0438412623236692,,0.02233657876759495,-0.21926985990577275,0
BAYERCROP,2005,Chemicals,0.023041202396285,0.1423237348016684,-0.0058768642923029,0.1288872910300197,0.02157821562095625,-0.2192817690257457,0
BEML,2019,Capital Goods,-0.0380732916763337,0.0793593368436368,-0.0146421177324807,,0.0147344734730676,-0.2193520942033358,0
SUNTV,2025,Media Entertainment & Publication,-0.1059572234614879,0.0098285808237542,0.0065232515823163,0.4867194024311033,0.0353822921217789,-0.21936388059340978,0
TEGA,2023,Capital Goods,0.0033633456696924,0.2214898148318634,0.0119817946296705,,0.0147344734730676,-0.21948504946398567,0
PRESTIGE,2023,Realty,-0.0164786841314434,0.2597081422951054,0.0140351450460915,,0.03750103869543505,-0.21953214398647725,0
THERMAX,2020,Capital Goods,-0.0190087171594292,0.0386945768111461,0.0033103964528566,,0.0147344734730676,-0.21958089196663066,0
SCI,2021,Services,-0.0480598627436643,0.274497748954312,-0.0680101182162366,,0.01447484218491725,-0.2196233335519842,0
BEL,2020,Capital Goods,-0.030658893526709,0.0003420871505002,-0.0012731416279487,,0.0147344734730676,-0.2196530901909189,0
GPIL,2017,Capital Goods,-0.0273943127291952,0.6807019485250044,-0.0021900725510935,,0.0147344734730676,-0.21982184224378115,0
AIAENG,2021,Capital Goods,-0.006796973518285,0.040550651534258,0.0101025689872979,,0.0147344734730676,-0.21985451122627553,0
HINDZINC,2022,Metals & Mining,-0.0685471233490038,0.0636668905305574,-0.093811185879441,,0.02556926581353005,-0.21987535198350738,0
PIDILITIND,2017,Chemicals,0.0138855407164553,0.0204405053632481,-0.0058768642923029,,0.02157821562095625,-0.21987584723618847,0
CONCOR,2026,Services,-0.0800940709472593,0.0635598302031262,0.0040554764787336,0.2057126717783457,0.0087904332879661,-0.21991997610288944,0
VOLTAS,2018,Consumer Durables,0.0338659697029086,0.019501371222286,-0.0069237683699747,,0.006957110708254,-0.219945604596464,0
CLEAN,2018,Chemicals,0.0166878441338415,0.0023718763235916,-0.0058768642923029,,0.02157821562095625,-0.21995291448293858,0
BDL,2024,Capital Goods,-0.0253777066740328,0.000774979666375,-0.0002837773506027,0.1524623260509049,0.0147344734730676,-0.21997573965963074,0
BEML,2017,Capital Goods,-0.0260383712301958,0.0919719751703204,-0.0021900725510935,,0.0147344734730676,-0.21997573965963074,0
ELGIEQUIP,2024,Capital Goods,-0.0727816763438179,0.2273002529120507,-0.0053598549492381,0.1409289868922474,0.0147344734730676,-0.2199828347575124,0
SOBHA,2018,Realty,-0.0151349278988389,0.2583176174150842,0.008464923623085,,0.03750103869543505,-0.21999410673851322,0
ELECON,2017,Capital Goods,-0.0849733335250061,0.2795739114184265,-0.0021900725510935,,0.0147344734730676,-0.22002755754414627,0
BEL,2024,Capital Goods,-0.0847206591965283,0.0015815514840422,-0.0001468231928736,0.2893050917654561,0.0147344734730676,-0.22002755754414627,0
NAVINFLUOR,2018,Chemicals,0.008290922992378,0.0100829092299237,-0.005646798003873,,0.02157821562095625,-0.22004734375088186,0
POLYCAB,2023,Capital Goods,-0.0167198457576455,0.0203169947782978,0.0043764127413032,,0.0147344734730676,-0.22006343297501374,0
NCC,2020,Construction,-0.043068689368363,0.1579414547900396,-0.0256419063393179,,0.00811929390513665,-0.2200825585068868,0
ULTRACEMCO,2026,Construction Materials,-0.0899874111117637,0.1681001534867823,-0.0122621038936696,0.2034813901217938,0.0204946869412436,-0.22022155984806857,0
CLEAN,2021,Chemicals,0.0083798036125591,0.0005000606134076,-0.0057574996359642,,0.02157821562095625,-0.22027048612463912,0
OBEROIRLTY,2017,Realty,0.0242049691349997,0.1026831626754552,-0.0193720440279249,,0.03750103869543505,-0.2203039956483756,0
CARBORUNIV,2021,Capital Goods,-0.0621346393615194,0.0230396511949112,-0.0077773003189922,,0.0147344734730676,-0.22030453541252853,0
RPOWER,2017,Power,-0.0561239064744938,0.5131339946578495,-0.00866163884820365,,0.02714301304713805,-0.2203133319574756,0
TRITURBINE,2020,Capital Goods,-0.0797400491341022,0.001415933487432,0.0013487553713751,,0.0147344734730676,-0.2203452410277757,0
JSWDULUX,2020,Consumer Durables,-0.0587754751053401,0.0276464012382836,0.0262640665226155,,0.006957110708254,-0.22034588236858643,0
JWL,2022,Capital Goods,-0.0091755951548381,0.1298477261495137,-0.0090602200952903,,0.0147344734730676,-0.22034678158314597,0
FSL,2023,Services,-0.0507324005641341,0.2512561364021656,-0.0665359064143302,,0.01447484218491725,-0.2203469964216957,0
BHEL,2021,Capital Goods,-0.0582036403678145,0.0884723711140136,0.0042150332455652,,0.0147344734730676,-0.22039243696598787,0
CPPLUS,2020,Capital Goods,-0.0805772855188082,0.3467456690677201,-0.0021900725510935,,0.0147344734730676,-0.22043447594748655,0
JINDALSAW,2017,Capital Goods,-0.0815961256638985,0.4839730924681935,-0.0021900725510935,,0.0147344734730676,-0.22043447594748655,0
SYRMA,2020,Capital Goods,-0.0818852563287113,0.1591527795445872,-0.0021900725510935,,0.0147344734730676,-0.22043447594748655,0
AARTIIND,2017,Chemicals,-0.0440948257384147,0.4469355968048469,-0.0058768642923029,,0.02157821562095625,-0.22049217079376837,0
VOLTAS,2023,Consumer Durables,-0.0023720693457974,0.0633246153052494,0.0262555027736847,,0.006957110708254,-0.2204926612732515,0
INDIACEM,2022,Construction Materials,-0.0299369673759878,0.2566285559127026,-0.0185830322473775,,0.02233657876759495,-0.22053288854230313,0
ATUL,2023,Chemicals,-0.0334865089010478,0.00908273740909,-0.0162552310542167,,0.02157821562095625,-0.2205391885660029,0
DLF,2017,Realty,0.0252156696940376,0.4566110352583126,-0.0193720440279249,,0.03750103869543505,-0.22057715732586142,0
ANURAS,2019,Chemicals,0.0078109050215121,0.5250546309668735,-0.0058768642923029,,0.02157821562095625,-0.22058883846177968,0
SRF,2019,Chemicals,-0.0256889733917211,0.3772479495140525,0.0015650315216072,,0.02157821562095625,-0.22059450768860173,0
ANURAS,2020,Chemicals,-0.0250737551748793,0.5087154282006141,-0.0163392027662594,,0.02157821562095625,-0.2206164830601614,0
UPL,2017,Chemicals,-0.0424500296853354,0.3187710271126063,-0.0058768642923029,,0.02157821562095625,-0.2206740778488599,0
SRF,2020,Chemicals,-0.0262692750287687,0.3806223245109321,0.0033743749968795,,0.02157821562095625,-0.2207814396764789,0
KAJARIACER,2018,Consumer Durables,-0.0014997967565142,0.0795826733760378,-0.0249013765818077,,0.006957110708254,-0.22081226880597965,0
IOC,2021,Oil Gas & Consumable Fuels,-0.078874833944628,0.3284546606008265,-0.0648950101837017,,0.02732774499087675,-0.22091478131417674,0
ABB,2011,Capital Goods,0.0102406254203625,,-0.0021900725510935,,0.0147344734730676,-0.22098067494169238,0
TECHNOE,2020,Construction,0.0324938566076933,,-0.0014410977528105,,0.00811929390513665,-0.22099241809712206,0
PFOCUS,2021,Media Entertainment & Publication,-0.0697092741799295,0.7325787796795898,0.0541040181993486,,0.035357351082854704,-0.2210497416014902,0
NCC,2019,Construction,-0.0064418565152175,0.1835833611293575,0.0174946645479371,,0.00811929390513665,-0.22108920246609154,0
SOLARINDS,2021,Chemicals,-0.0271438322373978,0.2728777936217231,-0.0125675685411362,,0.02157821562095625,-0.22109370675233153,0
CLEAN,2020,Chemicals,-0.0476179398902019,0.0062575602493719,-0.0016820983453085,,0.02157821562095625,-0.22110981701492033,0
TARIL,2017,Capital Goods,-0.0492458409929094,0.2391614619609276,-0.0021900725510935,,0.0147344734730676,-0.22114305178219335,0
INDIACEM,2024,Construction Materials,-0.020709976225721,0.246036685656185,-0.0108076061599657,-0.2022578311201906,0.02233657876759495,-0.2211474139669406,0
TEGA,2018,Capital Goods,-0.0205488376941519,0.3243250286667361,0.0064537785332889,,0.0147344734730676,-0.22119839720585455,0
LT,2024,Construction,-0.0438967528904541,0.3425247894346075,-0.0233909938916309,0.1221343921192284,0.00811929390513665,-0.2212446307773176,0
CEMPRO,2017,Construction,0.0019350218004079,0.2046432146492039,0.0152473820912623,,0.00811929390513665,-0.22126555047583102,0
TECHNOE,2023,Construction,0.0337681661899396,,-0.0014410977528105,,0.00811929390513665,-0.2212918782323085,0
COALINDIA,2022,Oil Gas & Consumable Fuels,-0.1323515143226569,0.0195815418204329,-0.0169549332454531,,0.02732774499087675,-0.2213057002515607,0
NCC,2024,Construction,-0.0644527536949515,0.0541598323511077,-0.0046808286229517,0.0824957152372897,0.00811929390513665,-0.2213457157902352,0
HSCL,2017,Chemicals,-0.0580589254766031,0.3663143639135911,-0.0058768642923029,,0.02157821562095625,-0.2213498056898181,0
SIEMENS,2024,Capital Goods,-0.0413341014282592,0.0111002959814068,0.0030064218245186,0.1150560995208476,0.0147344734730676,-0.22151244225209316,0
POLYCAB,2018,Capital Goods,-0.0009959308468784,0.1799195161979271,-0.0069681428523792,,0.0147344734730676,-0.2215185553449437,0
BEL,2022,Capital Goods,-0.0533245616466551,0.001554015759548,0.0014685677287352,,0.0147344734730676,-0.2215460406588753,0
JINDALSTEL,2026,Metals & Mining,-0.0651348789685331,0.231572324415829,0.0169633038336937,0.1718122764761696,0.0318330371528691,-0.22157217131647527,0
JSWINFRA,2025,Services,-0.1036075889491743,0.3000005354889341,-0.0474963590434711,0.4769349317605915,0.0134166124616603,-0.22157639260900114,0
MRPL,2023,Oil Gas & Consumable Fuels,-0.1053271429589698,0.481034003420817,-0.05065018732977,,0.02732774499087675,-0.22167073424048533,0
BLUESTARCO,2023,Consumer Durables,0.0288641587299256,0.1215202561297097,-0.0068697787445204,,0.006957110708254,-0.22170981009778157,0
LINDEINDIA,2023,Chemicals,-0.0207101264154116,0.0050116142170744,-0.0010357740033402,,0.02157821562095625,-0.22183042241504042,0
APARINDS,2022,Capital Goods,0.0019644284088432,0.0543607889192919,-0.0106144660327182,,0.0147344734730676,-0.2218536904342973,0
LINDEINDIA,2021,Chemicals,-0.0203305772778537,0.0060473882204147,0.0039476283233942,,0.02157821562095625,-0.2219396488289686,0
JUBLINGREA,2021,Chemicals,-0.0172067032467551,0.1650797800441456,-0.0058768642923029,,0.02157821562095625,-0.2219510809975011,0
ASTRAL,2022,Capital Goods,-0.0175086362160087,0.0290235908943281,-0.0009835180217492,,0.0147344734730676,-0.22195477991618373,0
SIEMENS,2021,Capital Goods,-0.0185121452995248,0.0002275855943869,-0.0021900725510935,,0.0147344734730676,-0.22195477991618373,0
TATACHEM,2019,Chemicals,-0.0158318160773063,0.2281410921563694,-0.008080199421462,,0.02157821562095625,-0.222127112011974,0
NMDC,2020,Metals & Mining,0.0462379407453658,0.0180725451781674,0.0058900421496872,,0.02556926581353005,-0.22217301762256308,0
APARINDS,2018,Capital Goods,-0.0187798917174362,0.0847854812493422,-0.003555749878602,,0.0147344734730676,-0.22217422703046907,0
TECHNOE,2021,Construction,0.0256150657628903,0.0181602734937188,-0.0014410977528105,,0.00811929390513665,-0.22220506673718343,0
CGPOWER,2017,Capital Goods,0.0048300050780004,0.1478170502722044,-0.0021900725510935,,0.0147344734730676,-0.22223170990012797,0
COROMANDEL,2022,Chemicals,-0.0487020525063049,0.0349994771700544,-0.0082752609275658,,0.02157821562095625,-0.22224251991130523,0
ENGINERSIN,2017,Construction,0.0212900995009031,,-0.0014410977528105,,0.00811929390513665,-0.22224753081831378,0
HINDALCO,2022,Metals & Mining,-0.0140091501205742,0.2906673277591219,-0.0652551812705461,,0.02556926581353005,-0.2222654820886515,0
GRAPHITE,2017,Capital Goods,-0.0741148671080126,0.1012478762669166,-0.0021900725510935,,0.0147344734730676,-0.22229347037150576,0
TITAGARH,2022,Capital Goods,-0.0206122885570272,0.3452107955547716,0.0012355207067654,,0.0147344734730676,-0.22234604168374006,0
POLYCAB,2017,Capital Goods,-0.0139121242962037,0.1868876590503064,-0.0021900725510935,,0.0147344734730676,-0.22239053502480904,0
JWL,2021,Capital Goods,-0.0141046854191048,0.138907946244804,-0.0021900725510935,,0.0147344734730676,-0.22239053502480904,0
SRF,2017,Chemicals,-0.0187204107727389,0.3438714871425435,-0.0058768642923029,,0.02157821562095625,-0.22247385119279078,0
DALBHARAT,2020,Construction Materials,-0.1013507040904301,0.2897308171280774,0.003286177922702,,0.02233657876759495,-0.2224971351820309,0
DATAPATTNS,2017,Capital Goods,-0.0516370316908339,0.2295781116724624,-0.0021900725510935,,0.0147344734730676,-0.2226176931436447,0
BHEL,2018,Capital Goods,-0.0085691192657623,0.0017161385209835,-0.000810535074086,,0.0147344734730676,-0.22266559050155094,0
SWANCORP,2019,Chemicals,-0.0148829990599547,0.3397885213529081,-0.0059962289486416,,0.02157821562095625,-0.22267281549423767,0
ESCORTS,2017,Capital Goods,-0.0539381474234344,0.0829670982301936,-0.0021900725510935,,0.0147344734730676,-0.22270769621749498,0
CARBORUNIV,2023,Capital Goods,-0.0041788161398379,0.0716080694024396,-0.0012064188572519,,0.0147344734730676,-0.2227956985161888,0
BDL,2022,Capital Goods,-0.0044818990954822,0.001523604568101,-0.0003487875164401,,0.0147344734730676,-0.2227956985161888,0
BHEL,2022,Capital Goods,-0.0037588496677711,0.0847492333855756,-0.0037231377284379,,0.0147344734730676,-0.2227956985161888,0
JSL,2019,Metals & Mining,-0.1191148169510444,0.4095077566913245,-0.0533663063339282,,0.02556926581353005,-0.22285332888000015,0
COROMANDEL,2017,Chemicals,-0.0506975130133024,0.2577651821862348,-0.0058768642923029,,0.02157821562095625,-0.2229111673383266,0
SUPREMEIND,2023,Capital Goods,-0.0043921731158964,0.0089863054114523,-0.0001572471629741,,0.0147344734730676,-0.22293048622041672,0
ELGIEQUIP,2017,Capital Goods,-0.0465378712647828,0.226658842646926,-0.0021900725510935,,0.0147344734730676,-0.2229524404360509,0
BDL,2020,Capital Goods,0.0053358377682701,0.0025235660370795,0.0015477248946031,,0.0147344734730676,-0.22297455632051966,0
VOLTAS,2020,Consumer Durables,0.0067103478885638,0.0268843044313062,-0.0149831169533457,,0.006957110708254,-0.2230021486990994,0
PIDILITIND,2023,Chemicals,-0.0270655419819569,0.0371837062238752,-0.0066139669161218,,0.02157821562095625,-0.22310895173205647,0
FINCABLES,2024,Capital Goods,-0.0762445076980955,0.003204877944903,0.0004721931473446,0.1165204591789258,0.0147344734730676,-0.22312536112939402,0
AIAENG,2020,Capital Goods,-0.0213311994924919,0.0304480825469601,-0.0013194793775922,,0.0147344734730676,-0.22314316633840214,0
THERMAX,2017,Capital Goods,-0.0221173326778287,0.0269067452214905,-0.0021900725510935,,0.0147344734730676,-0.22314316633840214,0
DCMSHRIRAM,2017,Diversified,-0.0396133393614502,0.1926575383754225,-0.00240368687431485,,0.01061696811920515,-0.2232855740888236,0
VEDL,2020,Metals & Mining,-0.1436562519019348,0.3274758350531435,-0.006042153746663,,0.02556926581353005,-0.22329064581010405,0
SCHNEIDER,2017,Capital Goods,-0.0323312223870172,0.3764625562068884,-0.0021900725510935,,0.0147344734730676,-0.22330899230902657,0
HAVELLS,2018,Consumer Durables,-0.0662216175230911,0.0174619486009101,-0.022851690076033,,0.006957110708254,-0.2233153138531339,0
KAJARIACER,2019,Consumer Durables,-0.0382776531696376,0.0507319088655412,-0.0288507645104965,,0.006957110708254,-0.22333921098304838,0
SUNTV,2021,Media Entertainment & Publication,0.0076524930062933,0.0101114588563669,-0.002889931339874,,0.035357351082854704,-0.2233476844832113,0
SHREECEM,2023,Construction Materials,-0.0492915226509971,0.1034660973633265,0.0138105009730968,,0.02233657876759495,-0.22336296170242737,0
SUNTV,2022,Media Entertainment & Publication,0.0009136782009642,0.0106629505175262,0.0005514916611592,,0.035357351082854704,-0.22341207615731468,0
SUZLON,2017,Capital Goods,-0.0612001546039917,0.913996595422735,-0.0021900725510935,,0.0147344734730676,-0.22348507992558658,0
RRKABEL,2020,Capital Goods,-0.0603031008955842,0.2585740539421235,-0.0021900725510935,,0.0147344734730676,-0.22348507992558658,0
TRITURBINE,2019,Capital Goods,-0.0640879227182952,6.71781160569133e-05,-7.843046161202572e-05,,0.0147344734730676,-0.2235009765287752,0
CARBORUNIV,2017,Capital Goods,-0.0629250011760216,0.0815113708231629,-0.0021900725510935,,0.0147344734730676,-0.2235009765287752,0
WELCORP,2017,Capital Goods,-0.0456035814496043,0.2234744038394847,-0.0021900725510935,,0.0147344734730676,-0.22351559526260073,0
TEGA,2019,Capital Goods,-0.0459032262173143,0.3212206895673328,-0.0031043390994033,,0.0147344734730676,-0.22351559526260073,0
ZENTEC,2021,Capital Goods,-0.0124938426402758,0.0087770364067887,-0.0029953638548201,,0.0147344734730676,-0.2235795851443319,0
SUPREMEIND,2017,Capital Goods,-0.0123210016425626,0.0994017651313515,-0.0021900725510935,,0.0147344734730676,-0.2235795851443319,0
TRITURBINE,2018,Capital Goods,0.006221457409491,0.0001456085776689,-0.0005047475697451,,0.0147344734730676,-0.2236356971281488,0
WAAREEENER,2020,Capital Goods,-0.0442623125539556,0.1674038389802508,-0.0021900725510935,,0.0147344734730676,-0.22370402401826706,0
HAL,2023,Capital Goods,-0.0433336220336047,0.0007461458513771,-7.155458314761628e-05,,0.0147344734730676,-0.22370402401826706,0
COCHINSHIP,2018,Capital Goods,-0.0427331891155024,0.0224163351296775,-0.0021900725510935,,0.0147344734730676,-0.22370402401826706,0
MAZDOCK,2024,Capital Goods,0.0041845094070853,3.156455307477779e-05,-0.0001733501427015,0.259923273169149,0.0147344734730676,-0.22371636994999233,0
RHIM,2020,Capital Goods,-0.0354555308346169,0.0671363645007321,-0.0021900725510935,,0.0147344734730676,-0.22372290128963873,0
DLF,2019,Realty,-0.010887039519442,0.2590516753827159,-0.0296490870066266,,0.03750103869543505,-0.2237669097085987,0
PIDILITIND,2021,Chemicals,-0.0296034754471098,0.0375546158707395,-0.0065513525165847,,0.02157821562095625,-0.2237853635736154,0
ESCORTS,2021,Capital Goods,-0.0373936672109005,0.0088119368960057,-0.0006955182891173,,0.0147344734730676,-0.2238009290398318,0
OIL,2020,Oil Gas & Consumable Fuels,-0.0314643763557007,0.2238195853202308,-0.0639629783472184,,0.02732774499087675,-0.2238034426463269,0
SOBHA,2024,Realty,-0.0457367769002781,0.1417770647331625,-0.0193938002552356,0.0549224321741048,0.03750103869543505,-0.2238380042063407,0
AMBER,2017,Consumer Durables,-0.0956329817434486,0.3155672485625864,-0.00093218661901025,,0.006957110708254,-0.2238689570292186,0
FSL,2021,Services,-0.1283545452454581,0.2497172093528955,-0.0506339554730175,,0.01447484218491725,-0.22389794739285585,0
BEML,2018,Capital Goods,-1.4756569308448476e-05,0.0940014545761175,0.0020294794057971,,0.0147344734730676,-0.22390144394254013,0
ONGC,2018,Oil Gas & Consumable Fuels,-0.075530755234169,0.2320174708927331,0.0519843740153719,,0.02732774499087675,-0.22397955134103792,0
DATAPATTNS,2024,Capital Goods,-0.0559886982273004,0.002068839144801,0.0003335749525699,0.4616370471633629,0.0147344734730676,-0.22398731479713568,0
SWANCORP,2017,Chemicals,-0.0371993852414658,0.444255038205944,-0.0058768642923029,,0.02157821562095625,-0.2239946110126862,0
AFCONS,2021,Construction,-0.0610018454837689,0.1654322074948258,0.0037352102176324,,0.00811929390513665,-0.22399835451499667,0
TRITURBINE,2023,Capital Goods,-0.0023213482980463,0.0027414017995976,0.0011284627731321,,0.0147344734730676,-0.22406025938554497,0
APARINDS,2017,Capital Goods,-0.0394029383276009,0.0883412311279442,-0.0021900725510935,,0.0147344734730676,-0.22409045074131273,0
PTCIL,2015,Capital Goods,-0.0408572502819902,0.1541546559719263,-0.0021900725510935,,0.0147344734730676,-0.22409045074131273,0
ATUL,2017,Chemicals,-0.0252416992725163,0.0615498117058059,-0.0058768642923029,,0.02157821562095625,-0.22410924221751566,0
SIEMENS,2019,Capital Goods,-0.0112968232161111,,-0.0021900725510935,,0.0147344734730676,-0.2242184636638727,0
GALLANTT,2017,Capital Goods,-0.0088883824283516,0.140884659943403,-0.0021900725510935,,0.0147344734730676,-0.224240213231301,0
CONCOR,2021,Services,-0.0422063664089537,0.0582517152883255,0.0523138558357622,,0.01447484218491725,-0.22427514752327404,0
ECLERX,2019,Services,0.0139521963661157,0.0010543062412404,-0.0034139753027834,,0.01447484218491725,-0.22438694249658236,0
SUMICHEM,2021,Chemicals,-0.0299783302706283,0.0122158888893047,-0.0046774145634244,,0.02157821562095625,-0.2244368181136283,0
DALBHARAT,2018,Construction Materials,-0.0615053360793858,0.3401048492791612,-0.0379404898234632,,0.02233657876759495,-0.22445563092182091,0
ENGINERSIN,2022,Construction,0.0218292107827061,0.0008904996612749,-1.4606080742850898e-05,,0.00811929390513665,-0.22449669504490433,0
BERGEPAINT,2017,Consumer Durables,0.0230145047200667,0.1180990647086699,-0.00093218661901025,,0.006957110708254,-0.22450901636134235,0
MAZDOCK,2018,Capital Goods,0.0002787263650365,,-0.0021900725510935,,0.0147344734730676,-0.22456069007558171,0
KIRLOSENG,2017,Capital Goods,0.001156506153442,0.0057364548248423,-0.0021900725510935,,0.0147344734730676,-0.22456069007558171,0
SIEMENS,2020,Capital Goods,0.0030831893670949,,-0.0021900725510935,,0.0147344734730676,-0.22456069007558171,0
PTCIL,2021,Capital Goods,0.000553473043347,0.4554831568089763,-0.0021900725510935,,0.0147344734730676,-0.22456069007558171,0
WELCORP,2021,Capital Goods,-0.0008983733072618,0.1327408316518628,-0.0008034195561099,,0.0147344734730676,-0.22456069007558171,0
INDIACEM,2019,Construction Materials,-0.0315098491513991,0.2970474674748747,0.0049319141931907,,0.02233657876759495,-0.2246116157372871,0
SPLPETRO,2006,Chemicals,-0.0287524710533747,0.3164889861621011,-0.0058768642923029,,0.02157821562095625,-0.22469555982764794,0
CUMMINSIND,2017,Capital Goods,-0.0022879213860239,0.0483551130152617,-0.0021900725510935,,0.0147344734730676,-0.22471918087989595,0
HBLENGINE,2017,Capital Goods,-0.003095743012417,0.3266418007132483,-0.0021900725510935,,0.0147344734730676,-0.22471918087989595,0
THERMAX,2022,Capital Goods,-0.0016626396818458,0.049303970758995,-0.0011417311484306,,0.0147344734730676,-0.22471918087989595,0
BHEL,2017,Capital Goods,-0.0016718608078223,0.0025266735950696,-0.0021900725510935,,0.0147344734730676,-0.22471918087989595,0
AMBER,2021,Consumer Durables,-0.0388810775222345,0.1112338611585372,-0.0208334747274884,,0.006957110708254,-0.22473461308473958,0
JSWDULUX,2019,Consumer Durables,0.0342247008913675,0.001382334715668,8.340073734680923e-05,,0.006957110708254,-0.22474061889987162,0
ASIANPAINT,2017,Consumer Durables,0.0332199668042166,0.0451698039288394,-0.00093218661901025,,0.006957110708254,-0.2249947757986488,0
MAZDOCK,2023,Capital Goods,-0.0134541425337769,0.0002049146957763,-0.0001860456560073,,0.0147344734730676,-0.22499698022593045,0
RELIANCE,2023,Oil Gas & Consumable Fuels,-0.0300956110100244,0.2812560325104833,0.0682883862327695,,0.02732774499087675,-0.22507237701477162,0
ULTRACEMCO,2021,Construction Materials,-0.0816619641003593,0.2520342298089905,-0.0385585342557603,,0.02233657876759495,-0.22512214449978146,0
NUVOCO,2023,Construction Materials,-0.0892966141818953,0.2520122205234644,-0.0322232976747931,,0.02233657876759495,-0.22517611700986928,0
OBEROIRLTY,2021,Realty,0.0036010280569009,0.1276168399647551,-0.0080788052560482,,0.03750103869543505,-0.22526129252283156,0
SIGNATURE,2021,Realty,-0.032541108194003,0.315260254461581,-0.0193502878006142,,0.03750103869543505,-0.2255374545846664,0
TECHNOE,2019,Construction,-0.0020918428044573,0.0220486179957964,-0.0127226211105175,,0.00811929390513665,-0.22554348463811852,0
SOBHA,2019,Realty,0.0084657700573199,0.2424541794385701,-0.0158634379765141,,0.03750103869543505,-0.22568004201841269,0
HINDALCO,2018,Metals & Mining,-0.0327503904054734,0.3542117332914687,-0.0824622300402745,,0.02556926581353005,-0.22571717430296206,0
CROMPTON,2021,Consumer Durables,-0.0593868400497021,0.1440222603358509,0.0169354596003376,,0.006957110708254,-0.22576912993589926,0
BERGEPAINT,2018,Consumer Durables,0.009874069471041,0.1070777269095659,-0.011021337799104,,0.006957110708254,-0.2258144249198919,0
BHARTIARTL,2025,Telecommunication,-0.181585547088101,0.4230490559013714,-0.0646951416357491,0.5702461579501164,0.0178340006192004,-0.22582270394394222,0
VOLTAS,2017,Consumer Durables,0.0138092764699698,0.0264251395922607,-0.00093218661901025,,0.006957110708254,-0.22589604935479324,0
SCI,2018,Services,0.0053873367599047,0.385032234403953,0.0075176367292706,,0.01447484218491725,-0.22597167166962556,0
KEC,2024,Construction,-0.0095415645769874,0.2081284314874258,0.0122338359194978,0.0700006355876755,0.00811929390513665,-0.22616153970877917,0
PHOENIXLTD,2019,Realty,0.0069941683958491,0.4195235661460501,-0.0119735458301866,,0.03750103869543505,-0.2262572206031368,0
DIXON,2024,Consumer Durables,-0.0591055478694561,0.0699589242767396,-0.026866971184887,0.0373571794812927,0.006957110708254,-0.22626670368053037,0
GODREJIND,2017,Diversified,-0.0208757613699355,0.5039066590977163,-0.00240368687431485,,0.01061696811920515,-0.22631713081084315,0
BRIGADE,2017,Realty,-0.0385436105796108,0.4057213048921645,-0.0193720440279249,,0.03750103869543505,-0.22635206460573748,0
GODREJPROP,2019,Realty,-0.0277940832994521,0.434482903506051,-0.0131938768713512,,0.03750103869543505,-0.22654165939626025,0
JSWINFRA,2019,Services,-0.0107530088251855,0.359750417928932,0.0257716740495645,,0.01447484218491725,-0.22655441384257996,0
SAIL,2020,Metals & Mining,0.0215285542382174,0.4255352185159498,0.0433905385159396,,0.02556926581353005,-0.2266146265677057,0
SIGNATURE,2020,Realty,-0.0444339052909204,0.3346105422621952,-0.0193720440279249,,0.03750103869543505,-0.22666221823372185,0
BATAINDIA,2018,Consumer Durables,0.0281311291678341,,-0.00093218661901025,,0.006957110708254,-0.22680641023023718,0
AFCONS,2020,Construction,-0.0613837905195017,0.1616969972771933,-0.0014410977528105,,0.00811929390513665,-0.2268173365825159,0
KPIL,2022,Construction,-0.0101286530574089,0.2242244008460019,0.0114755107590495,,0.00811929390513665,-0.2268293041990302,0
INDIACEM,2021,Construction Materials,-0.0757064510718723,0.2752115881600802,-0.0326496000030203,,0.02233657876759495,-0.22683539348589465,0
ENGINERSIN,2021,Construction,0.0174446748486424,0.0009051057420178,-6.027780172462491e-05,,0.00811929390513665,-0.2270095381557699,0
AFCONS,2024,Construction,-0.0344100275723744,0.1554327926453956,0.0112313108158479,0.1134969325153374,0.00811929390513665,-0.2274031707092039,0
RITES,2024,Construction,-0.0585200760565021,0.0014123770128579,0.0005076201954652,0.2038001945254967,0.00811929390513665,-0.22762865539421728,0
WHIRLPOOL,2020,Consumer Durables,0.0249912506760841,,-0.00093218661901025,,0.006957110708254,-0.2280965816377844,0
INDIGO,2018,Services,-0.0785998961630987,0.1066907596043217,-0.0640006333395371,,0.01447484218491725,-0.22813238639422934,0
KALYANKJIL,2020,Consumer Durables,-0.0215034531092584,0.4574165194410781,-0.0273345509803037,,0.006957110708254,-0.22827249948590844,0
JSWINFRA,2018,Services,-0.0640692106384743,0.3339787438793674,-0.0577986615027301,,0.01447484218491725,-0.22831105872362228,0
IRCON,2017,Construction,-0.0579846415661312,,-0.0014410977528105,,0.00811929390513665,-0.22831515904234606,0
KPIL,2017,Construction,-0.0567546221398812,0.2787895870584976,-0.0014410977528105,,0.00811929390513665,-0.22831515904234606,0
DLF,2021,Realty,-0.0068535446967664,0.1287328944158137,-0.016238384219445,,0.03750103869543505,-0.2283756190944553,0
PETRONET,2022,Oil Gas & Consumable Fuels,-0.0018937700768413,0.1609423729416483,-0.0304102905415082,,0.02732774499087675,-0.22839841391583493,0
BLUESTARCO,2019,Consumer Durables,-0.0203971399240814,0.1037195311194403,-0.0123479797419967,,0.006957110708254,-0.228517203117388,0
NBCC,2022,Construction,0.0107128924067813,3.411749174134195e-05,-3.880732027962644e-06,,0.00811929390513665,-0.2286006322302953,0
NBCC,2024,Construction,0.0113137640460463,4.945307256649672e-05,1.4603876653610418e-05,0.0511735200617998,0.00811929390513665,-0.2286006322302953,0
DLF,2023,Realty,-0.0064564492591527,0.0634173092110969,-0.018312153960964,,0.03750103869543505,-0.22874508369384017,0
AMBER,2023,Consumer Durables,-0.0261767519674629,0.2331806155823385,0.015532406555978,,0.006957110708254,-0.22901245416359856,0
LODHA,2017,Realty,-0.0260945961159749,0.4769389327330524,-0.0193720440279249,,0.03750103869543505,-0.22910519135231838,0
JSWINFRA,2026,Services,-0.0828523812138543,0.3412754123029753,0.0412748768140412,0.4663732065364092,0.0149661698723566,-0.22919510122640807,0
GMDCLTD,2023,Metals & Mining,0.039085938151684,0.0002977072229237,0.0002042608704746,,0.02556926581353005,-0.2293355801065251,0
KEC,2023,Construction,-0.0253430820235557,0.1958945955679279,0.007858294114434,,0.00811929390513665,-0.22940376147529362,0
PRESTIGE,2017,Realty,-0.0148067164977243,0.3410179320507183,-0.0193720440279249,,0.03750103869543505,-0.22945127467358634,0
ECLERX,2023,Services,-0.0016491490390958,0.0851224768019701,0.0057526861743396,,0.01447484218491725,-0.2295575353207942,0
KPIL,2024,Construction,-0.0318427793431665,0.1820716521587451,-0.0118835665226096,0.0835955816679691,0.00811929390513665,-0.22966947203967514,0
KPIL,2018,Construction,-0.0297868148673275,0.2679900944771138,-0.0107994925813837,,0.00811929390513665,-0.229898750887636,0
ENGINERSIN,2020,Construction,0.0094595814316716,0.0009653835437424,-0.0014410977528105,,0.00811929390513665,-0.229958887579777,0
ASIANPAINT,2020,Consumer Durables,-0.0206333262485926,0.0693085933360887,-0.0119033577939611,,0.006957110708254,-0.23009959664485075,0
NSLNISP,2023,Metals & Mining,-0.05957886073633005,0.1502600299356114,0.0677976436301663,,0.02556926581353005,-0.23032586704186114,0
JSL,2021,Metals & Mining,-0.0827741555040705,0.3008772640763295,-0.0646470046222658,,0.02556926581353005,-0.23049830125665832,0
SOBHA,2017,Realty,-0.021706862895028,0.2498526937919991,-0.0193720440279249,,0.03750103869543505,-0.23067783480620402,0
AMBUJACEM,2020,Construction Materials,-0.0621099512334397,0.0118485947984517,0.010826647064632,,0.02233657876759495,-0.23070131033766017,0
RAMCOCEM,2023,Construction Materials,-0.0751750060819539,0.3088680027548681,0.0086836209431533,,0.02233657876759495,-0.23075333374027546,0
TATASTEEL,2018,Metals & Mining,0.0259241305210841,0.4414819146641559,-0.0399083785018112,,0.02556926581353005,-0.23079422269205602,0
IRB,2017,Construction,-0.0530989237550671,0.299374561409339,-0.0014410977528105,,0.00811929390513665,-0.23113658206308096,0
ADANIPORTS,2026,Services,-0.0914035191871829,0.3471656490087604,-0.0396726669269618,0.5778537631228745,0.0130117822270931,-0.23127216226416913,0
SAREGAMA,2024,Media Entertainment & Publication,-0.015212976757679,0.0026698921717581,0.0022532524008513,0.1745237159464658,0.035357351082854704,-0.2313107878537095,0
KAJARIACER,2017,Consumer Durables,-0.041600494088583,0.1044840499578456,-0.00093218661901025,,0.006957110708254,-0.2318189092295127,0
GMRAIRPORT,2020,Services,-0.0821832690593186,0.7438503417580671,0.055651722552508,,0.01447484218491725,-0.23183328683681043,0
TRIDENT,2020,Textiles,-0.1513014846411655,0.3446683793590561,-0.0509986544255398,,0.0200266138250189,-0.2318796664343971,0
DELHIVERY,2021,Services,-0.0914591575517803,0.2506204067606393,0.0684387805242085,,0.01447484218491725,-0.23213104894318198,0
RITES,2018,Construction,-0.0130680015783731,0.0107004417897514,-0.0066829811381145,,0.00811929390513665,-0.23217944279482033,0
LLOYDSME,2021,Metals & Mining,0.0209232905241235,0.2151336341548073,0.0225342352979136,,0.02556926581353005,-0.23223210768055752,0
REDINGTON,2024,Services,-0.0278465762681839,0.1213035391219198,-0.0213566647041471,0.0225519612158669,0.01447484218491725,-0.23231750221952446,0
GMRAIRPORT,2018,Services,-0.0979224266360863,0.6185163567739351,0.0355401933362471,,0.01447484218491725,-0.23234858730449315,0
ADANIPORTS,2024,Services,-0.1068154312166237,0.4228254552167878,-0.0518787531483091,0.6030049412636325,0.01447484218491725,-0.23239002675154036,0
ENGINERSIN,2018,Construction,-0.0477365671674856,,-0.0014410977528105,,0.00811929390513665,-0.23262352494451494,0
ASIANPAINT,2021,Consumer Durables,-0.026728121465915,0.0537018787207681,-0.0156067146153206,,0.006957110708254,-0.2326972998575932,0
GRAVITA,2019,Metals & Mining,-0.1284299512689291,0.437147398389604,-0.0356560339697363,,0.02556926581353005,-0.2327169590196947,0
RITES,2023,Construction,-0.002966333698352,0.0009047568173926,-0.0038175852177843,,0.00811929390513665,-0.2329428080723267,0
ACC,2024,Construction Materials,-0.0814533198332401,0.0151854650899059,0.0077360047425598,0.186831753963217,0.02233657876759495,-0.23304735909269014,0
INDIGO,2017,Services,-0.1395764421853642,0.1706913929438589,-0.0050481660415734,,0.01447484218491725,-0.2331187901367326,0
DELHIVERY,2026,Services,-0.0688393461612212,0.1144710942055357,-0.0033755029491022,0.0474830502980486,0.0173134036593827,-0.23314841604152114,0
BATAINDIA,2020,Consumer Durables,-0.0677194129340971,0.3346613225593844,-0.00093218661901025,,0.006957110708254,-0.2333207754312227,0
GMRAIRPORT,2017,Services,-0.1375410050034991,0.582976163437688,-0.0050481660415734,,0.01447484218491725,-0.23340068550990972,0
ATGL,2024,Oil Gas & Consumable Fuels,-0.1232960044661142,0.236238330304345,-0.0156685656976388,0.2045022634921125,0.02732774499087675,-0.2336541253365425,0
NCC,2021,Construction,-0.0423585733403841,0.1522938164887724,-0.0056476383012671,,0.00811929390513665,-0.23365508685134884,0
ADANIPORTS,2017,Services,-0.0034828728201493,0.5122108068436317,-0.0050481660415734,,0.01447484218491725,-0.2337469837170889,0
BLUESTARCO,2021,Consumer Durables,-0.0702813111890574,0.1437208581611235,-0.0075209787456528,,0.006957110708254,-0.23376307902526683,0
TECHNOE,2022,Construction,0.0018362553110306,,-0.0014410977528105,,0.00811929390513665,-0.23377669510032256,0
INDIACEM,2018,Construction Materials,-0.0448572942552258,0.292115553281684,0.0089710681765989,,0.02233657876759495,-0.23379405195095077,0
AFCONS,2022,Construction,-0.0195857018980634,0.1598019076982368,-0.0056302997965889,,0.00811929390513665,-0.2339363625976283,0
ECLERX,2018,Services,-0.0105857395569776,0.0044682815440238,0.0037101314303013,,0.01447484218491725,-0.2339403576802621,0
PETRONET,2018,Oil Gas & Consumable Fuels,-0.056222065695197,0.0922891950410714,-0.0671232930371312,,0.02732774499087675,-0.23394592066398695,0
COALINDIA,2018,Oil Gas & Consumable Fuels,-0.1121884500975407,0.0122556132042651,-0.013164291626779,,0.02732774499087675,-0.23397660392798575,0
ECLERX,2024,Services,-0.1331853572150346,0.0910258649923443,0.0059033881903741,0.2430020379002599,0.01447484218491725,-0.23399267417069253,0
HINDALCO,2020,Metals & Mining,-0.0527701668860975,0.4056447117152379,0.0607456513620149,,0.02556926581353005,-0.23415197347327982,0
RITES,2017,Construction,-0.0472475726132433,0.0173834229278659,-0.0014410977528105,,0.00811929390513665,-0.23439916941474254,0
NUVOCO,2024,Construction Materials,-0.0883974445655328,0.2353691328615339,-0.0166430876619304,0.1071861407178669,0.02233657876759495,-0.2345536552855763,0
LGEINDIA,2021,Consumer Durables,-0.0464416861153283,,-0.00093218661901025,,0.006957110708254,-0.2346961371462517,0
LT,2017,Construction,-0.0029022456564745,0.4440783728744984,-0.0014410977528105,,0.00811929390513665,-0.2347221404355277,0
NBCC,2020,Construction,-0.0027612162439319,,-0.0014410977528105,,0.00811929390513665,-0.2347221404355277,0
TRIDENT,2021,Textiles,-0.0347456966378765,0.2706764963225421,-0.073991883036514,,0.0200266138250189,-0.2347459752976952,0
KPRMILL,2021,Textiles,-0.0441843155829217,0.2021910696381229,-0.0710654301086177,,0.0200266138250189,-0.23475161833521063,0
SCI,2022,Services,-0.0546126569347367,0.2245441929060657,-0.0499535560482462,,0.01447484218491725,-0.2348799528697132,0
IGIL,2025,Services,-0.0686122598216222,,-0.0050481660415734,0.5985860418556636,0.0170647576215349,-0.23492835844970217,0
KPIL,2021,Construction,-0.0169688441109012,0.2127488900869524,0.0033490702540835,,0.00811929390513665,-0.23516970573334128,0
ENGINERSIN,2024,Construction,-0.0239242234082563,0.0069767540134295,0.0026741104400475,0.1280424802835506,0.00811929390513665,-0.23520455397864154,0
CONCOR,2023,Services,-0.0172268077528061,0.0578267011064191,0.001276532135794,,0.01447484218491725,-0.23533068338920693,0
ULTRACEMCO,2023,Construction Materials,-0.0438228547916183,0.1210077872278957,-0.0138043577489714,,0.02233657876759495,-0.23542190798209445,0
NBCC,2018,Construction,-0.0430733040879903,,-0.0014410977528105,,0.00811929390513665,-0.2354744746554967,0
JSL,2020,Metals & Mining,-0.1038666209632555,0.3655242686985953,-0.0439834879927292,,0.02556926581353005,-0.2354918938759903,0
RITES,2021,Construction,-0.0142751163750935,0.0062620679729917,-0.0017800962111699,,0.00811929390513665,-0.23550739600310816,0
WHIRLPOOL,2021,Consumer Durables,-0.0341314032283303,0.010068476734351,-0.00093218661901025,,0.006957110708254,-0.23556416293130178,0
BATAINDIA,2022,Consumer Durables,-0.0307845056238741,0.3104009758449995,0.0006348878316759,,0.006957110708254,-0.23559629885786604,0
ENGINERSIN,2019,Construction,-0.0379264493659319,,-0.0014410977528105,,0.00811929390513665,-0.23565241484665017,0
JSWSTEEL,2018,Metals & Mining,-0.0670327280634989,0.4283244536261824,-0.0640793870646874,,0.02556926581353005,-0.2356657224340678,0
NBCC,2019,Construction,-0.0200525779050666,,-0.0014410977528105,,0.00811929390513665,-0.2357102101321537,0
ULTRACEMCO,2019,Construction Materials,-0.0464238199697695,0.3310928127495496,-0.009821580028047,,0.02233657876759495,-0.23589288877078612,0
ECLERX,2022,Services,-0.0129233793469216,0.0793697906276305,-0.0084099687353595,,0.01447484218491725,-0.23589321355010784,0
JSWCEMENT,2021,Construction Materials,-0.0771355085605607,0.4615132993004786,-0.0196922675474055,,0.02233657876759495,-0.23615611647111356,0
HAVELLS,2022,Consumer Durables,-0.0505121536109229,0.058575282637142,-0.000319282140666,,0.006957110708254,-0.23619731263508043,0
CONCOR,2018,Services,-0.0223810875917088,0.0056788517728092,-0.0004441272737638,,0.01447484218491725,-0.23620093721092011,0
RELIANCE,2019,Oil Gas & Consumable Fuels,-0.002764551988212,0.308445014684803,0.0128071714433787,,0.02732774499087675,-0.23621056672679897,0
IRB,2023,Construction,-0.0244510160056127,0.3922063615917749,-0.0008437487510232,,0.00811929390513665,-0.23622404203449154,0
ZEEL,2025,Media Entertainment & Publication,-0.0731973700497302,0.0233652004863806,0.0062421419794994,0.1121003464760317,0.0353324100439305,-0.2362509082619712,0
NATIONALUM,2020,Metals & Mining,0.0333233663618148,0.000846161513055,-0.0035631789739859,,0.02556926581353005,-0.2362776029461125,0
TRIDENT,2023,Textiles,-0.1443222123616468,0.2112003444367317,-0.0348572934900781,,0.0200266138250189,-0.23629191549116646,0
PGEL,2011,Consumer Durables,-0.0329787234042553,0.4268460575719648,-0.00093218661901025,,0.006957110708254,-0.23630159305184856,0
NBCC,2017,Construction,-0.0310196308887087,0.0007351974866908,-0.0014410977528105,,0.00811929390513665,-0.23635194257524927,0
INDIGO,2019,Services,-0.1206067478945795,0.0970663169486947,-0.009624442655627,,0.01447484218491725,-0.23653824919268646,0
JSWINFRA,2023,Services,-0.1135505763975022,0.4905000456392991,-0.0260012521053927,,0.01447484218491725,-0.2365758112648667,0
BERGEPAINT,2023,Consumer Durables,-0.0145799676391247,0.1492479046396055,0.0087041335187969,,0.006957110708254,-0.23665656324563056,0
COALINDIA,2021,Oil Gas & Consumable Fuels,0.0130857436074223,0.036536475065886,-0.006349481007833,,0.02732774499087675,-0.23672978915815962,0
ULTRACEMCO,2024,Construction Materials,-0.0946268201538714,0.1131277474125994,-0.0078800398152962,0.1627486173162125,0.02233657876759495,-0.23683471083634916,0
IRCON,2021,Construction,-0.0112902279904531,0.0294055969532556,-0.0014410977528105,,0.00811929390513665,-0.23683746543620837,0
NCC,2017,Construction,-0.025373824877492,0.2315076853282061,-0.0014410977528105,,0.00811929390513665,-0.23689253539650096,0
VOLTAS,2022,Consumer Durables,-0.0082330146558756,0.0370691125315646,0.0069598638243872,,0.006957110708254,-0.23700017038475646,0
ASIANPAINT,2023,Consumer Durables,-0.0033740209695131,0.0749678133605489,0.0058481043909024,,0.006957110708254,-0.2370709591097963,0
PVRINOX,2017,Media Entertainment & Publication,-0.1006032057102275,0.3683869865784482,-0.002889931339874,,0.035357351082854704,-0.23718802898547453,0
NBCC,2021,Construction,-0.0171878632183154,3.799822376930459e-05,-0.0014410977528105,,0.00811929390513665,-0.2372725707885764,0
RVNL,2017,Construction,-0.0143674982335505,0.2750559281591226,-0.0014410977528105,,0.00811929390513665,-0.2372725707885764,0
BATAINDIA,2017,Consumer Durables,-0.0507297998575239,,-0.00093218661901025,,0.006957110708254,-0.2372828634349436,0
PFOCUS,2023,Media Entertainment & Publication,-0.0158321246043822,0.7254613191904631,-0.0021234015463639,,0.035357351082854704,-0.23733725593948468,0
DELHIVERY,2024,Services,-0.0390648056145889,0.1020988350670827,0.0195790616515251,0.0421267291763024,0.01447484218491725,-0.23734398250023553,0
VOLTAS,2021,Consumer Durables,-0.0035780800140489,0.0301092487071774,0.0032249442758711,,0.006957110708254,-0.23735019176533123,0
SAREGAMA,2021,Media Entertainment & Publication,-0.0984183673469387,0.0014030612244897,-0.01424815860254,,0.035357351082854704,-0.23737543204701433,0
DELHIVERY,2023,Services,-0.0874024733412983,0.0825197734155576,-0.0509848564385171,,0.01447484218491725,-0.2374237363054501,0
JINDALSTEL,2021,Metals & Mining,-0.10698001025945,0.3842436379141277,-0.0260925538000038,,0.02556926581353005,-0.23749995094141496,0
WHIRLPOOL,2018,Consumer Durables,-0.0104066885526425,,-0.00093218661901025,,0.006957110708254,-0.23750425311831902,0
PGEL,2013,Consumer Durables,-0.0236943885214187,0.2780960316633684,0.0080842088662336,,0.006957110708254,-0.23754095815140103,0
ADANIPORTS,2019,Services,-0.0362125415745968,0.4921121697673101,0.0184989626515649,,0.01447484218491725,-0.23767145117676697,0
DIXON,2018,Consumer Durables,-0.0072291153137104,0.0462228390330799,-0.0082359333305195,,0.006957110708254,-0.23777496542791787,0
KPRMILL,2020,Textiles,-0.1427966777915779,0.2732564997467406,-0.0147074782742027,,0.0200266138250189,-0.23779240627686893,0
BLUEDART,2019,Services,-0.0847862813731877,0.3161776884599671,0.0382435098968576,,0.01447484218491725,-0.23798982052467527,0
CROMPTON,2018,Consumer Durables,0.0034556843533375,0.2674444018325849,-0.00093218661901025,,0.006957110708254,-0.23809956007255395,0
NUVOCO,2019,Construction Materials,-0.0668533695880848,0.3531218824721699,-0.0228722583259656,,0.02233657876759495,-0.2381234716099041,0
COALINDIA,2019,Oil Gas & Consumable Fuels,0.0083261007905116,0.0166134108446419,0.0043577976403767,,0.02732774499087675,-0.23814536273652792,0
JSWINFRA,2022,Services,-0.0924308032941576,0.5165012977446919,0.0307620750367629,,0.01447484218491725,-0.23823904619898073,0
WHIRLPOOL,2019,Consumer Durables,0.0019559506971105,,-0.00093218661901025,,0.006957110708254,-0.23824893216789123,0
BERGEPAINT,2020,Consumer Durables,-0.0136401673640167,0.1565261761404225,-0.0087129129312021,,0.006957110708254,-0.23839550778595192,0
JSWDULUX,2021,Consumer Durables,-0.0298802418876724,0.0252559187383897,-0.0023904824998938,,0.006957110708254,-0.2384097343753694,0
TATACOMM,2025,Telecommunication,-0.0962617016811092,0.4673041179707191,0.005044047969931,0.1984336650525046,0.0037096095504536,-0.23841531575672598,0
ASIANPAINT,2018,Consumer Durables,-0.0054136017925699,0.038756913222528,-0.0064128907063114,,0.006957110708254,-0.2385091049401702,0
IGL,2026,Oil Gas & Consumable Fuels,-0.0995129345035741,0.0057382972490808,-0.0002586417398104,0.0640761501112993,0.0261033564714631,-0.2386168088056707,0
JKCEMENT,2017,Construction Materials,-0.0926659054607167,0.5174203853449136,-0.0022687504685464,,0.02233657876759495,-0.23866175896462943,0
JINDALSTEL,2019,Metals & Mining,-0.1199114975142383,0.4444789259972568,-0.036994208388976,,0.02556926581353005,-0.23883650510327997,0
LGEINDIA,2023,Consumer Durables,-0.0584637344752604,0.0354017422392977,-0.00093218661901025,,0.006957110708254,-0.2389881768351263,0
VTL,2018,Textiles,0.0579525775296269,0.2815321105812842,-0.0168363245026934,,0.0200266138250189,-0.23905781374686585,0
WHIRLPOOL,2023,Consumer Durables,-0.0085811813997003,0.0189267336935519,-0.0047857977909174,,0.006957110708254,-0.23913038625181415,0
ADANIENT,2023,Metals & Mining,-0.1073233517234896,0.3765644987120473,-0.0329789675564556,,0.02556926581353005,-0.23920199527339653,0
JSWCEMENT,2020,Construction Materials,-0.092174578320674,0.4812055668478842,-0.0022687504685464,,0.02233657876759495,-0.23945444069735422,0
BLUEDART,2023,Services,-0.1074172210087371,0.3475414515488483,-0.0292809017084093,,0.01447484218491725,-0.2394715229373071,0
JSWDULUX,2023,Consumer Durables,-0.0551359241014413,0.0254333150884875,-0.001769957021406,,0.006957110708254,-0.23950452736210204,0
HAVELLS,2017,Consumer Durables,-0.0527407585148605,0.0403136386769432,-0.00093218661901025,,0.006957110708254,-0.23959013385949196,0
JINDALSTEL,2018,Metals & Mining,-0.1023573575020716,0.4814731343862329,-0.0247429323942547,,0.02556926581353005,-0.23962452901159564,0
KALYANKJIL,2019,Consumer Durables,-0.0236943885214187,0.4847510704213819,-0.0059911970652837,,0.006957110708254,-0.23967175025558762,0
JINDALSTEL,2020,Metals & Mining,-0.0994349911050517,0.4103361917141315,-0.0341427342831253,,0.02556926581353005,-0.23968636691901124,0
NATIONALUM,2023,Metals & Mining,0.0298650733181252,0.0059347770217869,0.0014718195686479,,0.02556926581353005,-0.2397161338011531,0
SARDAEN,2023,Metals & Mining,-0.0181213490033531,0.2566817115397947,-0.0416623211831605,,0.02556926581353005,-0.23972767797091277,0
SARDAEN,2025,Metals & Mining,-0.0686774167422253,0.282584561532429,0.0549480827800443,0.2435990877671455,0.0254878237003426,-0.2398841781688661,0
VOLTAS,2024,Consumer Durables,-0.0524726894066662,0.0619979440456945,-0.0013266712595548,0.0531285526116627,0.006957110708254,-0.23994494374423814,0
ADANIENT,2019,Metals & Mining,-0.059215002381502,0.2643208675532217,-0.0483567973629014,,0.02556926581353005,-0.2400702433801541,0
GMRAIRPORT,2022,Services,-0.1153871146831006,0.7181080439060994,-0.021500857138257,,0.01447484218491725,-0.24008832823271586,0
NUVOCO,2020,Construction Materials,-0.057683095909648,0.3356651730991229,-0.0174567093730469,,0.02233657876759495,-0.2400987194438235,0
CONCOR,2022,Services,-0.024172720742394,0.0565501689706251,-0.0017015463177004,,0.01447484218491725,-0.24010916923734893,0
AEGISVOPAK,2024,Oil Gas & Consumable Fuels,-0.066191360481054,0.723579608259274,0.0412512502219147,0.7342414860681115,0.02732774499087675,-0.24013465644326154,0
BATAINDIA,2019,Consumer Durables,-0.0064104636875121,,-0.00093218661901025,,0.006957110708254,-0.24024773160118207,0
DIXON,2017,Consumer Durables,-0.0067328540454182,0.0544587723635994,-0.00093218661901025,,0.006957110708254,-0.24024773160118207,0
JSWINFRA,2021,Services,-0.0860250660751194,0.4857392227079289,0.0251205472364101,,0.01447484218491725,-0.2402606337374827,0
HINDALCO,2021,Metals & Mining,-0.0728146084672336,0.3559225090296681,-0.0497222026855698,,0.02556926581353005,-0.2402929189343132,0
CHENNPETRO,2021,Oil Gas & Consumable Fuels,-0.01366974457907,0.6426153936746236,-0.0329495097327772,,0.02732774499087675,-0.24030698111679116,0
DALBHARAT,2017,Construction Materials,-0.0861160756278807,0.3780453391026244,-0.0022687504685464,,0.02233657876759495,-0.2404823485727136,0
GRAVITA,2020,Metals & Mining,-0.0011231199947913,0.4546194413698808,0.0174720429802768,,0.02556926581353005,-0.24060053132697917,0
CONCOR,2017,Services,-0.1157371424846851,0.0061229790465731,-0.0050481660415734,,0.01447484218491725,-0.24065629508433128,0
ACC,2017,Construction Materials,-0.0424391104788309,,-0.0022687504685464,,0.02233657876759495,-0.2406576530121861,0
KAJARIACER,2022,Consumer Durables,-0.0162570040089892,0.0552249153490366,0.00531856647582,,0.006957110708254,-0.24071132554984154,0
BLUESTARCO,2017,Consumer Durables,-0.0133839965587243,0.0834358420937445,-0.00093218661901025,,0.006957110708254,-0.24079934457105512,0
ADANIPORTS,2018,Services,-0.040957200855678,0.4736132071157451,-0.0385975997278865,,0.01447484218491725,-0.24117477917870045,0
HAVELLS,2020,Consumer Durables,-0.0129159038375898,0.0102312167329945,-0.0029886172146997,,0.006957110708254,-0.24120936032374657,0
ITI,2026,Telecommunication,0.0110319016790188,0.0818474877842364,-0.0599170440854986,0.004234995176811,0.0309738697634528,-0.24167636310228502,0
GRASIM,2020,Construction Materials,-0.0499979031985395,0.3471884677230177,-0.0031973331525209,,0.02233657876759495,-0.2421247589438501,0
ACC,2021,Construction Materials,-0.0462240313629458,0.0059689602658701,0.0003382621922743,,0.02233657876759495,-0.24219611710998035,0
ONGC,2023,Oil Gas & Consumable Fuels,-0.0795460691421889,0.2320199658621687,0.0228748840982226,,0.02732774499087675,-0.24273654591595528,0
SAIL,2024,Metals & Mining,-0.0196351340685981,0.2575668754588373,0.0222644503477024,0.0828778055942222,0.02556926581353005,-0.24276430593174203,0
NMDC,2021,Metals & Mining,-0.0267932744811167,0.0540070766717059,0.0359345314935384,,0.02556926581353005,-0.24299810315751347,0
VTL,2022,Textiles,0.0093002669318681,0.1806138795464253,-0.0409925181921258,,0.0200266138250189,-0.24307561988396237,0
RAILTEL,2022,Telecommunication,-0.0762061039056459,0.0110245366790638,-0.0018913893871495,0.1636951928156365,0.0041749499923948,-0.24311452420066965,0
SARDAEN,2024,Metals & Mining,-0.0908253288569357,0.2276364787523846,-0.02904523278741,0.2796443137195445,0.02556926581353005,-0.24315427827979869,0
SARDAEN,2018,Metals & Mining,-0.028719953349489,0.406000099630488,-0.0314918749964925,,0.02556926581353005,-0.24339555126895912,0
OIL,2024,Oil Gas & Consumable Fuels,-0.1037292870692064,0.2599154211293652,0.0060466069384061,0.3049262915472178,0.02732774499087675,-0.24345645060559812,0
ACC,2020,Construction Materials,-0.0433516499516764,0.0056306980735957,-0.0022687504685464,,0.02233657876759495,-0.2435142421506018,0
JSWSTEEL,2023,Metals & Mining,-0.0910947615406171,0.3840286122761103,0.0163822270558645,,0.02556926581353005,-0.24354780251418068,0
SCI,2020,Services,-0.043699797393416,0.3425078671705487,-0.0250873097121449,,0.01447484218491725,-0.2435732379359744,0
JINDALSTEL,2017,Metals & Mining,-0.1008127411814479,0.5062160667804877,-0.0054679898835277504,,0.02556926581353005,-0.24389883284209762,0
GAIL,2018,Oil Gas & Consumable Fuels,-0.0647019820487059,0.0631825700197611,-0.0492422767917673,,0.02732774499087675,-0.24396398586251272,0
ZEEL,2021,Media Entertainment & Publication,-0.0583210465959886,0.0330064671144499,-0.0193063791682455,,0.035357351082854704,-0.2441259818117789,0
GESHIP,2022,Services,-0.049602680297238,0.3332803573729651,-0.023527097940119,,0.01447484218491725,-0.24425222540331087,0
SHREECEM,2017,Construction Materials,-0.0772462426047691,0.1157560733585408,-0.0022687504685464,,0.02233657876759495,-0.24450784226412842,0
GESHIP,2021,Services,-0.0435239673441224,0.3568074553130841,-0.0259951836282163,,0.01447484218491725,-0.24454756275868272,0
TATASTEEL,2025,Metals & Mining,-0.0742357707645193,0.3441571868990248,0.020807376296157,0.1438483291931568,0.0239056893439795,-0.24462443570246323,0
GESHIP,2020,Services,-0.0920918511192945,0.3828026389413004,-0.0346537395970935,,0.01447484218491725,-0.24465347870651866,0
WELSPUNLIV,2022,Textiles,0.0015560917933071,0.3548136287437753,0.0115551204502905,,0.0200266138250189,-0.24481200282639054,0
GMDCLTD,2020,Metals & Mining,0.0287571991752056,,-0.0054679898835277504,,0.02556926581353005,-0.24490727690379055,0
IOC,2022,Oil Gas & Consumable Fuels,0.0012945323761598,0.3213078276787814,-0.007146832922045,,0.02732774499087675,-0.24498743323574668,0
JSWSTEEL,2020,Metals & Mining,-0.0664163252920649,0.4659611591564254,0.0530932270676077,,0.02556926581353005,-0.24515231333630388,0
HINDPETRO,2021,Oil Gas & Consumable Fuels,-0.0533895829532272,0.3256308097565729,-0.0507154485517377,,0.02732774499087675,-0.2453291163411428,0
SUNTV,2023,Media Entertainment & Publication,-0.0383422282835768,0.0061952605813119,-0.0044676899362142,,0.035357351082854704,-0.24536352577629494,0
HINDPETRO,2019,Oil Gas & Consumable Fuels,-0.0173575015630507,0.2626031445823804,0.0178248609636436,,0.02732774499087675,-0.245560720149139,0
AMBUJACEM,2024,Construction Materials,-0.053600503114187,0.0107429694495221,0.0006363328619238,0.181892077119648,0.02233657876759495,-0.24559878191266105,0
HINDALCO,2024,Metals & Mining,-0.0880753110873211,0.2442582664060366,-0.0255134002084275,0.1298681281041274,0.02556926581353005,-0.24580672078471122,0
ADANIPORTS,2021,Services,-0.0343445121358484,0.4807509003856565,-0.0076846913044691,,0.01447484218491725,-0.24602955093918782,0
BHARTIARTL,2021,Telecommunication,-0.1837553942588797,0.4726397150431846,0.059853050481832,,0.0271052256093291,-0.2461516484362542,0
REDINGTON,2019,Services,-0.0451447965440469,0.1052729051505135,-0.0289211242880548,,0.01447484218491725,-0.24616563525884594,0
IGL,2024,Oil Gas & Consumable Fuels,-0.0847269841113617,0.0057062995663156,-0.0008482084892278,0.0962923943002479,0.02732774499087675,-0.24622926583533195,0
AMBUJACEM,2017,Construction Materials,-0.0535035689322378,0.0006792602034063,-0.0002030261612783,,0.02233657876759495,-0.24644086442253027,0
VEDL,2022,Metals & Mining,-0.0833268882736005,0.2762765085306811,-0.0380028218089448,,0.02556926581353005,-0.24667176072465435,0
NMDC,2018,Metals & Mining,0.0150630922522909,0.0174300101912355,-0.0054679898835277504,,0.02556926581353005,-0.2467549897636549,0
GMDCLTD,2019,Metals & Mining,0.0148556362959537,,-0.0054679898835277504,,0.02556926581353005,-0.2467549897636549,0
ACC,2019,Construction Materials,-0.0511963716110779,,-0.0022687504685464,,0.02233657876759495,-0.24677630061577505,0
NMDC,2017,Metals & Mining,0.0168843368241746,,-0.0054679898835277504,,0.02556926581353005,-0.246795872067765,0
NMDC,2019,Metals & Mining,0.0206217676555966,0.0121825030284802,-0.0052475071627552,,0.02556926581353005,-0.24685711624645162,0
GMDCLTD,2018,Metals & Mining,0.0196071889318919,,-0.0054679898835277504,,0.02556926581353005,-0.24685711624645162,0
NUVOCO,2018,Construction Materials,-0.068234571184397,0.3759941407981355,-0.0063026633970118,,0.02233657876759495,-0.2468820442453299,0
GAIL,2019,Oil Gas & Consumable Fuels,-0.0210220124200655,0.0324981436250381,-0.030684426394723,,0.02732774499087675,-0.24691495513331474,0
JSL,2023,Metals & Mining,-0.0361833904470804,0.1459745503306598,-0.0315265216079367,,0.02556926581353005,-0.24692690331480283,0
SCI,2017,Services,-0.0343773090789116,0.3775145976746824,-0.0050481660415734,,0.01447484218491725,-0.2474611124150105,0
AEGISLOG,2018,Oil Gas & Consumable Fuels,0.0028682026983689,0.1373259317141915,-0.0063112797803956,,0.02732774499087675,-0.24752217834198736,0
AMBUJACEM,2019,Construction Materials,-0.0657993965878992,0.0010219477338197,-3.927730178402539e-05,,0.02233657876759495,-0.2475428937509344,0
VTL,2019,Textiles,0.0256964680939771,0.2525581147791838,-0.0289739958021004,,0.0200266138250189,-0.24782767375632153,0
ULTRACEMCO,2017,Construction Materials,-0.0542560598884932,0.2007739561435907,-0.0022687504685464,,0.02233657876759495,-0.2480336354393745,0
INDIACEM,2017,Construction Materials,-0.054713777807814,0.283144485105085,-0.0022687504685464,,0.02233657876759495,-0.2480336354393745,0
AMBUJACEM,2016,Construction Materials,-0.0519503982017931,0.0008822863646846,-0.0022687504685464,,0.02233657876759495,-0.2480336354393745,0
ACC,2016,Construction Materials,-0.0545955857649056,,-0.0022687504685464,,0.02233657876759495,-0.2480336354393745,0
AMBUJACEM,2021,Construction Materials,-0.0559407794650941,0.0105425134925457,-0.0013060813059059,,0.02233657876759495,-0.24817717793110028,0
ATGL,2020,Oil Gas & Consumable Fuels,-0.0226465077211345,0.172946145893907,-0.0194116864490823,,0.02732774499087675,-0.24820001939308933,0
BPCL,2017,Oil Gas & Consumable Fuels,-0.002935016747297,0.3274971568371672,-0.0042125857098745,,0.02732774499087675,-0.24843016511649818,0
ECLERX,2021,Services,-0.0411996684333475,0.0877797593629901,-0.0031071717231261,,0.01447484218491725,-0.24849982706113993,0
CONCOR,2024,Services,-0.0727908785766795,0.0668677376522279,0.0090410365458088,0.2105637342583242,0.01447484218491725,-0.24858574846818232,0
SCI,2024,Services,-0.0759130240745791,0.2408466185670955,0.0132328326476934,0.2716251140164184,0.01447484218491725,-0.248596519231911,0
GMRAIRPORT,2023,Services,-0.0541538216342979,0.73215682703035,0.0140487831242506,,0.01447484218491725,-0.24864020658953023,0
GRASIM,2017,Construction Materials,-0.0656680595530651,0.1468272788992053,-0.0022687504685464,,0.02233657876759495,-0.2490719970525519,0
NUVOCO,2017,Construction Materials,-0.067037824024272,0.3822968041951474,-0.0022687504685464,,0.02233657876759495,-0.2490719970525519,0
SCI,2019,Services,-0.0539929468422038,0.3675951768826936,-0.0174370575212594,,0.01447484218491725,-0.24926347549607003,0
VEDL,2019,Metals & Mining,-0.0840467749083437,0.3335179887998066,0.0110698691326834,,0.02556926581353005,-0.2493028893093684,0
TRIDENT,2019,Textiles,-0.0461220325987726,0.3956670337845959,-0.0582892906393611,,0.0200266138250189,-0.2494648152850898,0
RAMCOCEM,2017,Construction Materials,-0.064305120847011,0.2032611508929341,-0.0022687504685464,,0.02233657876759495,-0.2495978699821061,0
OIL,2019,Oil Gas & Consumable Fuels,-0.0339938013409165,0.2877825636674492,0.0346780621993404,,0.02732774499087675,-0.2496955419177358,0
GESHIP,2018,Services,-0.0804297643524722,0.4237181913344722,-0.0187974621921485,,0.01447484218491725,-0.24974862483556787,0
VEDL,2018,Metals & Mining,-0.0389428221348694,0.3224481196671231,-0.0409459071219459,,0.02556926581353005,-0.2497997218589481,0
ADANIENT,2021,Metals & Mining,-0.0604585103431601,0.3143760393918869,0.0494313118544715,,0.02556926581353005,-0.24980476602493562,0
GMRAIRPORT,2024,Services,-0.0745188758081294,0.7404843455729315,0.0083275185425815,0.3737731980521928,0.01447484218491725,-0.24988131839279137,0
SCI,2023,Services,-0.0520205401040638,0.2276137859194021,0.0030695930133363,,0.01447484218491725,-0.2500228764149715,0
GMDCLTD,2024,Metals & Mining,0.0051013414940321,0.0003827023946041,8.499517168042387e-05,0.1406752165529062,0.02556926581353005,-0.2500344306535945,0
ZEEL,2024,Media Entertainment & Publication,-0.0409525863030402,0.0171230585068811,-0.0034184506384609,0.1620679199514857,0.035357351082854704,-0.25025102774098856,0
SUNTV,2020,Media Entertainment & Publication,-0.0415672159063838,,-0.002889931339874,,0.035357351082854704,-0.25025102774098856,0
GMDCLTD,2022,Metals & Mining,-0.0060400324173891,9.3446352449059e-05,-6.943974793704139e-05,,0.02556926581353005,-0.2503951233218582,0
BPCL,2019,Oil Gas & Consumable Fuels,-0.0171979617327915,0.3274693190363766,0.0145697442247718,,0.02732774499087675,-0.25042266024996,0
NSLNISP,2020,Metals & Mining,0.0,,-0.0054679898835277504,,0.02556926581353005,-0.2504227902157124,0
TATASTEEL,2020,Metals & Mining,-0.0747029730628789,0.4669019099886847,0.0337931326298932,,0.02556926581353005,-0.2506360046210166,0
SUNTV,2018,Media Entertainment & Publication,-0.0447770251306597,,-0.002889931339874,,0.035357351082854704,-0.250826832458619,0
HINDALCO,2023,Metals & Mining,-0.0407671071059425,0.2697716666144642,-0.0208956611446577,,0.02556926581353005,-0.25090754724266207,0
IGL,2017,Oil Gas & Consumable Fuels,-0.0809940350275379,,-0.0042125857098745,,0.02732774499087675,-0.2510053395065706,0
FSL,2024,Services,-0.0815948560864695,0.2573643515457379,0.0061082151435722,0.1510954251847905,0.01447484218491725,-0.25106845996436306,0
ADANIPORTS,2022,Services,-0.0562821430601805,0.4874985240723419,0.0067476236866854,,0.01447484218491725,-0.25111547408642304,0
ONGC,2022,Oil Gas & Consumable Fuels,-0.0561090541651167,0.2091450817639461,-0.0367017068654092,,0.02732774499087675,-0.25129732608220956,0
ADANIENT,2017,Metals & Mining,0.0044877841410903,0.4378297918547779,-0.0054679898835277504,,0.02556926581353005,-0.25129773727092897,0
WELSPUNLIV,2023,Textiles,-0.0653350423281105,0.2886942490293089,-0.0661193797144663,,0.0200266138250189,-0.25142546909796937,0
PFOCUS,2022,Media Entertainment & Publication,-0.0629346443830776,0.727584720736827,-0.0049940589427628,,0.035357351082854704,-0.2515818315406483,0
GAIL,2024,Oil Gas & Consumable Fuels,-0.0681778115061681,0.1747205535959792,0.009457976963608,0.0860394524406721,0.02732774499087675,-0.2516648160527441,0
ADANIPORTS,2023,Services,-0.0585506682957368,0.4747042083650969,-0.0127943157072449,,0.01447484218491725,-0.25171441814802276,0
TATASTEEL,2017,Metals & Mining,-0.0873609148112841,0.4813902931659671,-0.0054679898835277504,,0.02556926581353005,-0.25180983235478255,0
SARDAEN,2017,Metals & Mining,-0.0145227150157939,0.4374919746269806,-0.0054679898835277504,,0.02556926581353005,-0.25192693284503,0
REDINGTON,2017,Services,-0.0882988397261529,0.1493410468178428,-0.0050481660415734,,0.01447484218491725,-0.2519904384876645,0
ITI,2017,Telecommunication,0.1098494813001408,0.2726462551069164,-0.0018913893871495,,0.0271052256093291,-0.25211614918076247,0
BPCL,2023,Oil Gas & Consumable Fuels,-0.0549306337006856,0.3687503850228388,0.0246205313572945,,0.02732774499087675,-0.25236195158523234,0
OIL,2018,Oil Gas & Consumable Fuels,-0.0246026006146698,0.2531045014681087,-0.023365574244355,,0.02732774499087675,-0.2523988139149015,0
SARDAEN,2019,Metals & Mining,-0.0752030809091723,0.3789540009179718,-0.0270460987125162,,0.02556926581353005,-0.2524845847522833,0
GESHIP,2017,Services,-0.0497887325772547,0.4425156535266207,-0.0050481660415734,,0.01447484218491725,-0.25269083084225435,0
JSWINFRA,2017,Services,-0.07483683189275,0.3917774053820975,-0.0050481660415734,,0.01447484218491725,-0.25271109795427127,0
GESHIP,2019,Services,-0.0777399371756312,0.4174563785383939,-0.0062618127960782,,0.01447484218491725,-0.2527353387458227,0
MMTC,2017,Services,-0.0517563045184591,0.0752728808661049,-0.0050481660415734,,0.01447484218491725,-0.25276063875021,0
TATASTEEL,2024,Metals & Mining,-0.0741667614141226,0.3233498106028678,0.0258925391603819,0.1100405791050228,0.02556926581353005,-0.2530500063324434,0
GMDCLTD,2017,Metals & Mining,-0.0248820927439435,,-0.0054679898835277504,,0.02556926581353005,-0.2533112724385304,0
BLUEDART,2017,Services,-0.0609674048413186,0.3512747469831226,-0.0050481660415734,,0.01447484218491725,-0.2533867415721775,0
GMRAIRPORT,2021,Services,-0.0561904807762913,0.7396089010443564,-0.0042414407137106,,0.01447484218491725,-0.25339092570704197,0
TATASTEEL,2023,Metals & Mining,-0.0452798566257707,0.2974572714424859,0.0299092819415385,,0.02556926581353005,-0.25357915298441497,0
HINDCOPPER,2024,Metals & Mining,-0.0800091984420138,0.0640240309297612,0.015066085673247,0.3281874485157275,0.02556926581353005,-0.2536604246937792,0
ADANIPORTS,2020,Services,-0.0587673438668404,0.4884355916901256,-0.0036765780771845,,0.01447484218491725,-0.2537030656919177,0
SUNTV,2017,Media Entertainment & Publication,-0.0605893800135216,,-0.002889931339874,,0.035357351082854704,-0.2537845446897732,0
SARDAEN,2020,Metals & Mining,-0.051146031916294,0.4130785620602734,0.0341245611423015,,0.02556926581353005,-0.253888321442138,0
NATIONALUM,2018,Metals & Mining,-0.016980840268967,0.0030787781240462,-0.0004444247425127,,0.02556926581353005,-0.2542487764448561,0
LLOYDSME,2013,Metals & Mining,-0.0312301804264625,0.0573646801530891,-0.0014000610022176,,0.02556926581353005,-0.2543307428674116,0
PFOCUS,2017,Media Entertainment & Publication,-0.0629825852788203,0.4055246074947822,-0.002889931339874,,0.035357351082854704,-0.2544359335038719,0
SUNTV,2019,Media Entertainment & Publication,-0.0630713791205865,,-0.002889931339874,,0.035357351082854704,-0.2544359335038719,0
ADANIENT,2020,Metals & Mining,-0.028061617414463,0.2649447275374154,0.0006238599841936,,0.02556926581353005,-0.25461394473744253,0
HINDPETRO,2018,Oil Gas & Consumable Fuels,-0.0425833764118337,0.2447782836187367,-0.0307162386885929,,0.02732774499087675,-0.2552682566690511,0
BPCL,2018,Oil Gas & Consumable Fuels,-0.0171137207382827,0.3128995748116048,-0.0145975820255623,,0.02732774499087675,-0.2552913383212335,0
ADANIENT,2024,Metals & Mining,-0.0638557824132379,0.4066982949473131,0.0301337962352657,0.1343817209242477,0.02556926581353005,-0.25541572568515253,0
HINDCOPPER,2019,Metals & Mining,-0.0319377396526868,0.3200683141012986,-0.0054679898835277504,,0.02556926581353005,-0.25542058273150253,0
SAIL,2018,Metals & Mining,-0.0557067493352727,0.3924896403497293,0.0086400028197552,,0.02556926581353005,-0.25584744930404646,0
AEGISLOG,2020,Oil Gas & Consumable Fuels,-0.0161671528578003,0.0875801523283537,-0.014221795446714,,0.02732774499087675,-0.2566524403725036,0
JINDALSTEL,2024,Metals & Mining,-0.064287305803305,0.2093666902104745,0.0214532447222993,0.1858498281374594,0.02556926581353005,-0.25802866867299734,0
JSWSTEEL,2021,Metals & Mining,-0.0742034342871509,0.4534223955749747,-0.0125387635814507,,0.02556926581353005,-0.25835516029254263,0
LLOYDSME,2012,Metals & Mining,-0.0465538858503079,0.0587647411553068,-0.0156278920735333,,0.02556926581353005,-0.2583867119743864,0
VTL,2021,Textiles,0.0256356427617528,0.2216063977385511,-0.0157720469087379,,0.0200266138250189,-0.2586387766962952,0
JSWSTEEL,2019,Metals & Mining,-0.0609249370628152,0.4128679320888176,-0.0154565215373647,,0.02556926581353005,-0.25881698956521965,0
JINDALSTEL,2023,Metals & Mining,-0.0601128692589348,0.1879134454881751,0.0117519581664778,,0.02556926581353005,-0.25887380873437316,0
GMDCLTD,2021,Metals & Mining,-0.0366574163449163,0.0001628861003861,-0.0054679898835277504,,0.02556926581353005,-0.25898569234910024,0
MRPL,2019,Oil Gas & Consumable Fuels,-0.0396847244696221,0.476639079345644,0.0097429441177347,,0.02732774499087675,-0.2593310966023775,0
ATGL,2023,Oil Gas & Consumable Fuels,-0.0542681522682585,0.2519068960019839,0.0174558456650833,,0.02732774499087675,-0.259334582792512,0
TEJASNET,2023,Telecommunication,0.0954267454740799,0.0138310896910908,0.0044666933534418,,0.0271052256093291,-0.2597596988522436,0
HINDALCO,2019,Metals & Mining,-0.042646013739373,0.344899060353223,-0.0093126729382457,,0.02556926581353005,-0.26025473556757533,0
SAIL,2019,Metals & Mining,-0.0411707440714962,0.3821446800000102,-0.0103449603497191,,0.02556926581353005,-0.26044804087094187,0
VEDL,2021,Metals & Mining,-0.0674565113135981,0.3142793303396259,-0.0131965047135176,,0.02556926581353005,-0.26085577525041015,0
ONGC,2019,Oil Gas & Consumable Fuels,-0.0627845664353423,0.2188344843696356,-0.0131829865230974,,0.02732774499087675,-0.26101842832152533,0
JSWSTEEL,2024,Metals & Mining,-0.0498512492430824,0.386067451228181,0.0020388389520706,0.1348301029532602,0.02556926581353005,-0.26129353812410133,0
HINDALCO,2017,Metals & Mining,-0.0738155600772633,0.4366739633317433,-0.0054679898835277504,,0.02556926581353005,-0.2614041790655838,0
NATIONALUM,2021,Metals & Mining,-0.0611868060744216,0.0069400206269813,0.0060938591139263,,0.02556926581353005,-0.2615255854479863,0
COALINDIA,2024,Oil Gas & Consumable Fuels,-0.0405867461334135,0.0275850726833508,0.0080209299950394,0.3341752892539112,0.02732774499087675,-0.2616727121392504,0
COALINDIA,2023,Oil Gas & Consumable Fuels,-0.0179350245273341,0.0195641426883114,-1.7399132121453942e-05,,0.02732774499087675,-0.26169906863144843,0
NATIONALUM,2019,Metals & Mining,-0.0445726953620392,0.004409340487041,0.0013305623629947,,0.02556926581353005,-0.2617064049313141,0
OIL,2023,Oil Gas & Consumable Fuels,-0.0361533295245315,0.253868814190959,-0.0196602367162223,,0.02732774499087675,-0.26192884372585,0
NATIONALUM,2022,Metals & Mining,-0.0582870347323441,0.0044629574531389,-0.0024770631738424,,0.02556926581353005,-0.2623041367623543,0
IOC,2018,Oil Gas & Consumable Fuels,-0.0234091831824759,0.2218963999048739,-0.0092556073732558,,0.02732774499087675,-0.26232823136634964,0
JSWSTEEL,2017,Metals & Mining,-0.0495994545764445,0.4924038406908698,-0.0054679898835277504,,0.02556926581353005,-0.2624412610365922,0
HINDZINC,2021,Metals & Mining,-0.0565748901086885,0.1574780764099984,-0.0054679898835277504,,0.02556926581353005,-0.2627448173798468,0
VEDL,2017,Metals & Mining,-0.0564875651193728,0.363394026789069,-0.0054679898835277504,,0.02556926581353005,-0.2627448173798468,0
SAIL,2017,Metals & Mining,-0.0455871198422898,0.383849637529974,-0.0054679898835277504,,0.02556926581353005,-0.2628526182290434,0
AEGISVOPAK,2022,Oil Gas & Consumable Fuels,-0.0155046318868844,0.9581667479278402,-0.0042125857098745,,0.02732774499087675,-0.2630025254521784,0
IOC,2023,Oil Gas & Consumable Fuels,-0.04491359467922,0.3370557631432095,0.015747935464428,,0.02732774499087675,-0.26316824127872795,0
ATGL,2021,Oil Gas & Consumable Fuels,-0.0595197962317863,0.1651621280793098,-0.0077840178145972,,0.02732774499087675,-0.26318654836599126,0
IGL,2020,Oil Gas & Consumable Fuels,-0.0148071009429325,0.012744229059598,-0.0042125857098745,,0.02732774499087675,-0.2633545217822929,0
HINDPETRO,2022,Oil Gas & Consumable Fuels,-0.0550570330995823,0.3135441788404495,-0.0120866309161234,,0.02732774499087675,-0.2638431737145678,0
NATIONALUM,2024,Metals & Mining,-0.0599427190911581,0.0050106498404213,-0.0009241271813655,0.4956780246320422,0.02556926581353005,-0.2638741924327239,0
NATIONALUM,2017,Metals & Mining,-0.0529769995331359,0.0035232028665589,-0.0054679898835277504,,0.02556926581353005,-0.2640284675494468,0
TEJASNET,2020,Telecommunication,-0.1915401039358659,0.0224630383112436,0.0217123822757167,,0.0271052256093291,-0.26408038860030814,0
HINDPETRO,2017,Oil Gas & Consumable Fuels,-0.0251300503071573,0.2754945223073297,-0.0042125857098745,,0.02732774499087675,-0.2645371615581871,0
PETRONET,2017,Oil Gas & Consumable Fuels,-0.0247563712887903,0.1594124880782026,-0.0042125857098745,,0.02732774499087675,-0.2647797045856877,0
LLOYDSME,2011,Metals & Mining,-0.0635188087774294,0.0743926332288401,-0.0054679898835277504,,0.02556926581353005,-0.2648888442867088,0
TATASTEEL,2019,Metals & Mining,-0.0649456398461955,0.4331087773587914,-0.0083731373053644,,0.02556926581353005,-0.2650092140387968,0
ONGC,2021,Oil Gas & Consumable Fuels,-0.0570021669683292,0.2458467886293553,-0.0088378660916984,,0.02732774499087675,-0.265166860424563,0
RAILTEL,2023,Telecommunication,-0.0483328042549878,0.0125151985241708,0.001490661845107,0.1923892180589168,0.0151524497606815,-0.2655734035753859,0
COALINDIA,2017,Oil Gas & Consumable Fuels,-0.0605531854716946,0.0254199048310442,-0.0042125857098745,,0.02732774499087675,-0.2663607485159976,0
MRPL,2018,Oil Gas & Consumable Fuels,-0.0619317915132095,0.4668961352279092,-0.0042581324366199,,0.02732774499087675,-0.2666153134408869,0
WELSPUNLIV,2018,Textiles,-0.0222694062465649,0.4564789988576581,0.000248657901128,,0.0200266138250189,-0.2666599054763224,0
TTML,2010,Telecommunication,-0.1360937763184435,0.8193075740971408,-0.011268588149194,0.2584325716124879,0.0340901144048295,-0.26703090894299564,0
RELIANCE,2018,Oil Gas & Consumable Fuels,-0.0436154044322934,0.2956378432414243,-0.0120508729761302,,0.02732774499087675,-0.2674999756588398,0
RELIANCE,2017,Oil Gas & Consumable Fuels,-0.0277998647428841,0.3076887162175545,-0.0042125857098745,,0.02732774499087675,-0.2678720522364314,0
GAIL,2021,Oil Gas & Consumable Fuels,-0.035258989218861,0.0971562524682094,0.0049213485303592,,0.02732774499087675,-0.2682654820773757,0
OIL,2017,Oil Gas & Consumable Fuels,-0.0295766491479789,0.2764700757124638,-0.0042125857098745,,0.02732774499087675,-0.2685023440640431,0
AEGISLOG,2017,Oil Gas & Consumable Fuels,-0.0289470649290739,0.1436372114945871,-0.0042125857098745,,0.02732774499087675,-0.2685023440640431,0
TRIDENT,2022,Textiles,-0.010606968884889,0.2460576379268099,-0.0246188583957321,,0.0200266138250189,-0.26851210081887666,0
TRIDENT,2017,Textiles,-0.1069597235450783,0.4607706003062737,-0.0168363245026934,,0.0200266138250189,-0.26897994513320245,0
MGL,2023,Oil Gas & Consumable Fuels,-0.0297149848068153,0.0189993551392418,-0.0042125857098745,,0.02732774499087675,-0.2691502737943726,0
IGL,2018,Oil Gas & Consumable Fuels,-0.0309030732489696,,-0.0042125857098745,,0.02732774499087675,-0.2693828574766497,0
BPCL,2022,Oil Gas & Consumable Fuels,-0.04614831346019,0.3441298536655442,0.0053764014861721,,0.02732774499087675,-0.26941140012577464,0
RELIANCE,2022,Oil Gas & Consumable Fuels,-0.0333299524496504,0.2129676462777138,0.0016432039207086,,0.02732774499087675,-0.2696240401667007,0
INDUSTOWER,2022,Telecommunication,-0.0572907545926834,0.4112359175776983,-0.0688313666022869,,0.0271052256093291,-0.26975318129627107,0
IGL,2019,Oil Gas & Consumable Fuels,-0.0509217803954782,,-0.0042125857098745,,0.02732774499087675,-0.26986903669166845,0
IOC,2017,Oil Gas & Consumable Fuels,-0.0305665302260894,0.2311520072781298,-0.0042125857098745,,0.02732774499087675,-0.27007845658728713,0
IGL,2021,Oil Gas & Consumable Fuels,-0.0412440136427094,0.0124851997808683,-0.0002590292787296,,0.02732774499087675,-0.2706743578637207,0
PETRONET,2021,Oil Gas & Consumable Fuels,-0.0324760974832949,0.1913526634831566,-0.0042125857098745,,0.02732774499087675,-0.27096281172794895,0
IGL,2022,Oil Gas & Consumable Fuels,-0.0356211621918499,0.0096915347631138,-0.0027936650177545,,0.02732774499087675,-0.2715914406564457,0
KPRMILL,2024,Textiles,-0.0811205339708969,0.197548085859628,-0.0432841949449267,0.197630164397536,0.0200266138250189,-0.272097324859073,0
ATGL,2018,Oil Gas & Consumable Fuels,-0.0409949545769195,0.4798147394863231,-0.0042125857098745,,0.02732774499087675,-0.272500908720392,0
IGL,2023,Oil Gas & Consumable Fuels,-0.0467961941566129,0.0065545080555434,-0.0031370267075703,,0.02732774499087675,-0.2727389885187652,0
RELIANCE,2020,Oil Gas & Consumable Fuels,-0.0477405708438842,0.3053554769285005,-0.0030895377563024,,0.02732774499087675,-0.2727389885187652,0
ONGC,2017,Oil Gas & Consumable Fuels,-0.0480540231094147,0.1800330968773612,-0.0042125857098745,,0.02732774499087675,-0.2727389885187652,0
PAGEIND,2017,Textiles,-0.0063339947491096,0.0759732776473238,-0.0168363245026934,,0.0200266138250189,-0.27297856494958617,0
GAIL,2017,Oil Gas & Consumable Fuels,-0.0455662578095326,0.1124248468115285,-0.0042125857098745,,0.02732774499087675,-0.2730401145081177,0
WELSPUNLIV,2020,Textiles,-0.03293219153758,0.4296854691967766,-0.0012207982538474,,0.0200266138250189,-0.2730895917674982,0
VTL,2023,Textiles,-0.0933084317941017,0.148000363466019,-0.0326135160804062,,0.0200266138250189,-0.27434799610948174,0
ITI,2020,Telecommunication,0.0443725147088005,0.1566335852878492,-0.0223025301788352,,0.0271052256093291,-0.2744074590080075,0
WELSPUNLIV,2024,Textiles,-0.0434379685019114,0.2775154928508321,-0.0111787561784768,0.112648165776969,0.0200266138250189,-0.27589584589183863,0
TRIDENT,2018,Textiles,-0.034092845078101,0.4539563244239571,-0.0068142758823165,,0.0200266138250189,-0.27698135086362247,0
PAGEIND,2018,Textiles,-0.0749019385717724,0.0485350967869836,-0.0274381808603402,,0.0200266138250189,-0.2778847454254578,0
WELSPUNLIV,2019,Textiles,-0.0777153984632386,0.430906267450624,-0.025572731407034,,0.0200266138250189,-0.2795335261750882,0
VTL,2017,Textiles,-0.0491695547853905,0.2983684350839776,-0.0168363245026934,,0.0200266138250189,-0.2815798602544265,0
HFCL,2018,Telecommunication,-0.0151522175861536,0.1810887034461443,-0.055677417824308,,0.0271052256093291,-0.28182312266861925,0
HFCL,2022,Telecommunication,0.0208355087344773,0.1514349912790585,-0.0291397634560822,,0.0271052256093291,-0.28204298459308513,0
VTL,2020,Textiles,-0.0290610550438123,0.237378444647289,-0.0151796701318947,,0.0200266138250189,-0.28244367139790705,0
TATACOMM,2020,Telecommunication,-0.117966120075369,0.5609070493558839,0.0629437740559638,,0.0271052256093291,-0.283491346804865,0
TATACOMM,2022,Telecommunication,-0.1386153336140885,0.4644957532803294,-0.0702752009818659,,0.0271052256093291,-0.283642337011783,0
WELSPUNLIV,2017,Textiles,-0.0653930568701769,0.45623034095653,-0.0168363245026934,,0.0200266138250189,-0.2862000531551706,0
KPRMILL,2017,Textiles,-0.0795492086060175,0.3257657808350931,-0.0168363245026934,,0.0200266138250189,-0.2867106378039578,0
HFCL,2025,Telecommunication,-0.0395386342162837,0.201683211220348,0.0488782201846649,0.1883893986570751,0.0271052256093291,-0.2879408019814768,0
ITI,2022,Telecommunication,0.0573506443810842,0.1677106534483798,0.0040458375972671,,0.0271052256093291,-0.28960964381054605,0
HFCL,2019,Telecommunication,0.0564539386009914,0.1791973140589947,-0.0018913893871495,,0.0271052256093291,-0.2915433987212077,0
ITI,2023,Telecommunication,-0.0069570125658482,0.1968852391938636,0.0291745857454837,,0.0271052256093291,-0.29324224434460233,0
TTML,2011,Telecommunication,-0.0283181511874912,0.7957542442164748,-0.023553329880666,,0.0258683597405188,-0.2939303774358161,0
TATACOMM,2024,Telecommunication,-0.1209106012450421,0.462260070000788,0.0442811028717763,0.2036798451898649,0.0271052256093291,-0.29587968497916334,0
HFCL,2024,Telecommunication,0.0182708657387352,0.152804991035683,-0.0182748815657725,0.1500568209891793,0.0271052256093291,-0.2962975846109519,0
TATACOMM,2019,Telecommunication,-0.0965708743606258,0.49796327529992,0.0415093416631353,,0.0271052256093291,-0.2973764483588614,0
BHARTIARTL,2023,Telecommunication,-0.1281696160447366,0.5084169184154113,0.038664654340941,,0.0271052256093291,-0.3000736915234219,0
BHARTIARTL,2024,Telecommunication,-0.145054784950518,0.4877441975371205,-0.0206727208782907,0.5450250724030729,0.0271052256093291,-0.3001182962382704,0
TATACOMM,2023,Telecommunication,-0.1261441052355074,0.4179789671290116,-0.0465167861513178,,0.0271052256093291,-0.3022185685481598,0
HFCL,2023,Telecommunication,0.0120345211316762,0.1710798726014556,0.019644881322397,,0.0271052256093291,-0.30264251519754193,0
IDEA,2019,Telecommunication,-0.0868778205670831,0.5483935721986793,-0.0402201198346203,,0.0271052256093291,-0.3026501619279433,0
INDUSTOWER,2024,Telecommunication,-0.1356582348266258,0.367493860484431,-0.0444432524837647,0.9219201314359912,0.0271052256093291,-0.3032630128221017,0
BHARTIARTL,2020,Telecommunication,-0.140108936083943,0.4127866645613525,-0.044936918904906,,0.0271052256093291,-0.3033506630264583,0
HFCL,2021,Telecommunication,0.0180662948469934,0.1805747547351408,-0.0110125170044438,,0.0271052256093291,-0.30339534040840216,0
HFCL,2020,Telecommunication,0.0143328736784923,0.1915872717395846,0.0123899576805898,,0.0271052256093291,-0.3053286336933116,0
TATACOMM,2021,Telecommunication,-0.0905490911531585,0.5347709542621953,-0.0261360950936885,,0.0271052256093291,-0.3070586162398557,0
ITI,2019,Telecommunication,0.0097676990678678,0.1789361154666845,0.0057490912183544,,0.0271052256093291,-0.30866145109464804,0
RAILTEL,2020,Telecommunication,-0.013448202527845,0.0177391173809156,0.0152791590386043,,0.0271052256093291,-0.31060066331049857,0
ITI,2021,Telecommunication,-0.0094484301576823,0.1636648158511126,0.0070312305632634,,0.0271052256093291,-0.3119450096847428,0
BHARTIARTL,2019,Telecommunication,-0.0717474928501388,0.4577235834662586,0.0115346855378277,,0.0271052256093291,-0.3128674574158131,0
BHARTIARTL,2022,Telecommunication,-0.1405334666640089,0.4697522640744702,-0.0028874509687144,,0.0271052256093291,-0.312900733592444,0
TEJASNET,2022,Telecommunication,-0.0215058859211798,0.009364396337649,-0.0073292036867434,,0.0271052256093291,-0.3142652698433858,0
IDEA,2018,Telecommunication,-0.0964417280048075,0.5886136920332997,0.0190905416150631,,0.0271052256093291,-0.3153429949797392,0
TATACOMM,2018,Telecommunication,-0.1043813998104024,0.4564539336367847,0.018404654519197,,0.0271052256093291,-0.31647331945747575,0
INDUSTOWER,2017,Telecommunication,-0.0056921556174221,0.0132992058678865,-0.0018913893871495,,0.0271052256093291,-0.317357221979062,0
HFCL,2017,Telecommunication,-0.0057747834456207,0.2367661212704523,-0.0018913893871495,,0.0271052256093291,-0.317357221979062,0
BHARTIARTL,2018,Telecommunication,-0.1152399998396928,0.4461888979284308,-0.0156161031412039,,0.0271052256093291,-0.31817018708905936,0
INDUSTOWER,2023,Telecommunication,-0.1259286616107394,0.4119371129681958,0.0007011953904975,,0.0271052256093291,-0.31866972982029607,0
TEJASNET,2017,Telecommunication,-0.0548208727258666,0.2721033196063647,-0.0018913893871495,,0.0271052256093291,-0.31993988101399917,0
TATACOMM,2017,Telecommunication,-0.0551807257556488,0.4380492791175876,-0.0018913893871495,,0.0271052256093291,-0.31993988101399917,0
TEJASNET,2021,Telecommunication,-0.0915556300881178,0.0166936000243924,-0.0057694382868511,,0.0271052256093291,-0.3209376605153219,0
ITI,2024,Telecommunication,-0.1060958150922256,0.1868674398821503,-0.0100177993117132,-0.0101591045295493,0.0271052256093291,-0.3218781527968373,0
INDUSTOWER,2018,Telecommunication,-0.0497161841287311,,-0.0018913893871495,,0.0271052256093291,-0.32191608426641516,0
IDEA,2017,Telecommunication,-0.1125025085912786,0.5695231504182365,-0.0018913893871495,,0.0271052256093291,-0.3256370460388567,0
INDUSTOWER,2019,Telecommunication,-0.0388440279059983,0.0003330489757283,-0.0018913893871495,,0.0271052256093291,-0.3256692254780922,0
BHARTIARTL,2017,Telecommunication,-0.1053712880769517,0.4618050010696348,-0.0018913893871495,,0.0271052256093291,-0.32600668690722207,0
RAILTEL,2021,Telecommunication,-0.1038882923175137,,-0.0018913893871495,0.1695994637171108,0.0271052256093291,-0.3272045735194396,0
