Company,Year,Industry,Accruals_Ratio,Leverage_Ratio,Leverage_Change_YoY,Operating_Margin,Margin_Volatility_3yr
360ONE,2018,Financial Services,0.3294939257289439,0.7281944017611309,,,
360ONE,2019,Financial Services,-0.1513604536347732,0.6251285476066587,-0.10306585415447223,,
360ONE,2020,Financial Services,-0.10958673712715064,0.6787568706267794,0.05362832302012066,,
360ONE,2021,Financial Services,-0.010695915366438378,0.5809334180126675,-0.09782345261411185,,
360ONE,2022,Financial Services,-0.032704660316277334,0.5410326757807951,-0.039900742231872455,,
360ONE,2023,Financial Services,0.17697179178086112,0.6061876324201056,0.06515495663931059,,
360ONE,2024,Financial Services,0.04939540939874398,0.6266841599644312,0.020496527544325516,0.5690384615384616,
360ONE,2025,Financial Services,0.1411077268931007,0.5645523144965432,-0.06213184546788797,0.6139587635846565,0.031763450189812324
360ONE,2026,Financial Services,0.11954651890834238,0.5857234928603126,0.02117117836376936,0.6301168755964082,0.03164777712978601
3MINDIA,2018,Diversified,0.12860296027005974,0.004358175365705878,,,
3MINDIA,2019,Diversified,0.05343857396427358,0.006514596472676461,0.002156421106970583,,
3MINDIA,2020,Diversified,0.03252142230618717,0.017766176371364954,0.011251579898688493,,
3MINDIA,2021,Diversified,-0.0598486905623944,0.008723298334540188,-0.009042878036824766,,
3MINDIA,2022,Diversified,-0.06738635040503003,0.008173788652505863,-0.000549509682034325,0.1717974280736735,
3MINDIA,2023,Diversified,-0.12166134938587249,0.009854775605838448,0.0016809869533325854,0.1775784574997017,0.004087805109383509
3MINDIA,2024,Diversified,-0.14958346417422466,0.005596911539243032,-0.004257864066595417,0.19631749429087403,0.012817991576825484
AADHARHFC,2019,Financial Services,0.286436714195147,0.8644546953405773,,,
AADHARHFC,2020,Financial Services,0.15964163781127036,0.7798105490261404,-0.08464414631443684,,
AADHARHFC,2021,Financial Services,0.11316319455908086,0.7611468776710284,-0.018663671355112044,,
AADHARHFC,2022,Financial Services,0.09402088131707143,0.7425527963142924,-0.018594081356736014,,
AADHARHFC,2023,Financial Services,0.10232819280269545,0.7313596840941627,-0.011193112220129642,,
AADHARHFC,2024,Financial Services,0.14610004781939878,0.7311507505236304,-0.00020893357053231032,0.7660385401386642,
AADHARHFC,2025,Financial Services,0.14243564934544864,0.7028394465271014,-0.028311303996529036,0.7734934391276214,0.005271409628152321
AADHARHFC,2026,Financial Services,0.11278812115788271,0.6841137677321821,-0.018725678794919265,0.7501636636485411,0.011915435692247454
AARTIIND,2017,Chemicals,-0.044094825738414715,0.44693559680484696,,,
AARTIIND,2018,Chemicals,-0.00044176651956296943,0.47433427607219464,0.02739867926734768,,
AARTIIND,2019,Chemicals,-0.041733100714585684,0.409884703496451,-0.06444957257574363,,
AARTIIND,2020,Chemicals,-0.08937702329253848,0.3312972759573628,-0.0785874275390882,,
AARTIIND,2021,Chemicals,-0.04570199223207462,0.3738654327320694,0.0425681567747066,,
AARTIIND,2022,Chemicals,0.08496323253115333,0.3295188066271882,-0.044346626104881215,,
AARTIIND,2023,Chemicals,-0.09014322506963139,0.33881177965015324,0.009292973022965056,,
AARTIIND,2024,Chemicals,-0.11503316306102615,0.3581422754140563,0.019330495763903055,0.12533912099837222,
AARTIIND,2025,Chemicals,-0.09939425132631244,0.3462269379998416,-0.011915337414214688,0.13848144952545297,0.009293029622080208
AARTIIND,2026,Chemicals,-0.04705181790089344,0.37340181335209993,0.02717487535225832,0.16003351487222456,0.017516246202212944
AAVAS,2018,Financial Services,0.25394424835274726,0.6819329415899764,,,
AAVAS,2019,Financial Services,0.2580355080061846,0.649247365334376,-0.032685576255600424,,
AAVAS,2020,Financial Services,0.18561766115582673,0.7029056958115615,0.05365833047718549,,
AAVAS,2021,Financial Services,0.12946731032173453,0.7118586935290343,0.008952997717472821,0.7167668865666414,
AAVAS,2022,Financial Services,0.11275072634511128,0.7272055613392887,0.015346867810254405,0.7154143471813695,0.0009563897711476922
AAVAS,2023,Financial Services,0.15147494968160893,0.7373279312373738,0.010122369898085126,0.7358238038065621,0.011413014334620431
AAVAS,2024,Financial Services,0.128882620184086,0.7505274086001652,0.013199477362791368,0.7458334859528956,0.015503030133964094
ABB,2011,Capital Goods,0.010240625420362562,,,,
ABB,2012,Capital Goods,0.028463765353045085,0.05037812807003249,,,
ABB,2024,Capital Goods,-0.06483484823662997,0.004186798350136749,,0.19535027474568567,0.07081536095738929
ABB,2025,Capital Goods,-0.05767944814964717,0.006219168118441351,0.0020323697683046022,0.15406232837495182,0.05033030281810761
ABB,2026,Capital Goods,,,,0.12561290521991533,0.035065093996120886
ABBOTINDIA,2017,Healthcare,-0.014798141155968655,,,,
ABBOTINDIA,2018,Healthcare,0.10285614955777486,,,,
ABBOTINDIA,2019,Healthcare,-0.01659344694857392,,,,
ABBOTINDIA,2020,Healthcare,-0.009354779593160147,0.04930572197865712,,,
ABBOTINDIA,2021,Healthcare,-0.009386920803551656,0.03972971917353436,-0.00957600280512276,,
ABBOTINDIA,2022,Healthcare,-0.035264149692717045,0.03591043815043133,-0.003819281023103027,,
ABBOTINDIA,2023,Healthcare,0.01229719614269313,0.02484244354638668,-0.011067994604044649,,
ABBOTINDIA,2024,Healthcare,-0.1640573102095123,0.016025832340102707,-0.008816611206283975,0.27014520405381964,
ABBOTINDIA,2025,Healthcare,-0.10746099156542417,0.0332363861281562,0.017210553788053494,0.26882786942298326,0.0009314962505562861
ABBOTINDIA,2026,Healthcare,-0.13699316972037534,0.02645214574749344,-0.006784240380662762,0.2880883066472586,0.010759915917256113
ABCAPITAL,2017,Financial Services,0.10365325378513027,0.42506459452299866,,,
ABCAPITAL,2018,Financial Services,0.13453733377984006,0.475818785968473,0.05075419144547433,,
ABCAPITAL,2019,Financial Services,0.1016420766544819,0.5145173212878935,0.038698535319420524,,
ABCAPITAL,2020,Financial Services,-0.02952075028089727,0.4930087742132124,-0.02150854707468114,,
ABCAPITAL,2021,Financial Services,0.008535832897603502,0.4261066607178734,-0.06690211349533898,,
ABCAPITAL,2022,Financial Services,0.04811615688576514,0.4149092139072899,-0.011197446810583489,,
ABCAPITAL,2023,Financial Services,0.15982233904036044,0.4698437521052521,0.05493453819796218,,
ABCAPITAL,2024,Financial Services,0.10710710481661839,0.47551064489240263,0.005666892787150546,0.3736477159470652,
ABCAPITAL,2025,Financial Services,0.10364379836156119,0.502467276263237,0.026956631370834316,0.3603905258410872,0.009374249023416213
ABCAPITAL,2026,Financial Services,0.11260500177689803,0.5359883649003409,0.0335210886371039,0.4071450974338932,0.024096395376373033
ABDL,2020,Fast Moving Consumer Goods,-0.24103584006629378,0.4383136523720737,,,
ABDL,2021,Fast Moving Consumer Goods,-0.10576598123066525,0.42519562222164453,-0.013118030150429172,,
ABDL,2022,Fast Moving Consumer Goods,-0.0786327970796574,0.3827006072219043,-0.04249501499974023,,
ABDL,2023,Fast Moving Consumer Goods,-0.09131167018029515,0.3170866352773633,-0.065613971944541,,
ABDL,2024,Fast Moving Consumer Goods,-0.04847655378659277,0.3155928755874314,-0.0014937596899319283,0.11990471692301373,
ABDL,2025,Fast Moving Consumer Goods,0.21076428579512657,0.2561313761218692,-0.05946149946556217,0.13531675606692056,0.01089795739056903
ABDL,2026,Fast Moving Consumer Goods,-0.07512695720689341,0.27638235619123575,0.020250980069366542,0.11795411363311337,0.009511371755711939
ABFRL,2019,Consumer Services,-0.031171698834176347,0.25718803758304926,,,
ABFRL,2020,Consumer Services,-0.08270386982991931,0.5415722599507496,0.2843842223677004,,
ABFRL,2021,Consumer Services,-0.17677065721135235,0.3582344728207813,-0.18333778712996834,,
ABFRL,2022,Consumer Services,-0.08686043517551181,0.3362482799792039,-0.02198619284157738,,
ABFRL,2023,Consumer Services,-0.04003668937913947,0.39148401391337495,0.05523573393417103,,
ABFRL,2024,Consumer Services,-0.06391395472958493,0.43374166318271495,0.04225764926934,0.1330231036300511,
ABFRL,2025,Consumer Services,-0.11184356199261068,0.3060137355381277,-0.12772792764458724,0.1270695887363818,0.004209770753208668
ABFRL,2026,Consumer Services,-0.021615117647430807,0.35580292237264416,0.04978918683451644,0.05457256264934142,0.043676367582519506
ABLBL,2025,Consumer Services,-0.1298654552526081,0.35420212271244333,,0.1757490920419773,0.014083890719197797
ABLBL,2026,Consumer Services,-0.13644302498265493,0.346110400743115,-0.008091721969328336,0.15059587239825198,0.013271572505601943
ABREL,2017,Realty,-0.08078697253954986,0.5514622225318102,,,
ABREL,2018,Realty,-0.17784641474040613,0.42291553943199955,-0.12854668309981065,,
ABREL,2019,Realty,0.893219386507439,0.16521156116544475,-0.2577039782665548,,
ABREL,2020,Realty,0.0575117562234253,0.2074415819808551,0.04223002081541036,,
ABREL,2021,Realty,-0.08916600806457638,0.15664670193487085,-0.05079488004598426,,
ABREL,2022,Realty,0.028125662243953874,0.1726770420373079,0.016030340102437063,,
ABREL,2023,Realty,0.00010938057305909117,0.12594340744263463,-0.04673363459467328,,
ABREL,2024,Realty,0.026169402925364717,0.23828977798775447,0.11234637054511984,-0.08789864997065153,
ABREL,2025,Realty,0.07405036873818498,0.3031285111422269,0.06483873315447242,-1.1166687199704324,0.7274502927786042
ABREL,2026,Realty,-0.0388370148215073,0.27858235851164154,-0.02454615263058535,-0.3001853322742918,0.5431510862235
ABSLAMC,2018,Financial Services,0.0016394818204702993,0.045208388466826316,,,
ABSLAMC,2019,Financial Services,0.08773006953805909,0.04796257491024118,0.002754186443414866,,
ABSLAMC,2020,Financial Services,-0.0016603475915417782,0.03949209903559887,-0.008470475874642315,,
ABSLAMC,2021,Financial Services,0.007069612758559861,0.029885868332871435,-0.009606230702727432,,
ABSLAMC,2022,Financial Services,0.0450109662633382,0.02233092650549956,-0.007554941827371875,,
ABSLAMC,2023,Financial Services,0.05703484785446824,0.017226661693183938,-0.005104264812315622,,
ABSLAMC,2024,Financial Services,-0.13146479717863416,0.022585204963090938,0.005358543269907,0.6163195614567185,
ABSLAMC,2025,Financial Services,-0.10668792518040165,0.016541781000041316,-0.006043423963049622,0.6059655287817939,0.0073214067170663324
ABSLAMC,2026,Financial Services,-0.11379186172128194,0.01443347533535805,-0.0021083056646832663,0.5564843614999136,0.03197875091911727
ACC,2016,Construction Materials,-0.05459558576490562,,,,
ACC,2017,Construction Materials,-0.04243911047883097,,,,
ACC,2018,Construction Materials,0.025095369629327447,,,,
ACC,2019,Construction Materials,-0.05119637161107798,,,,
ACC,2020,Construction Materials,-0.04335164995167644,0.0056306980735957735,,,
ACC,2021,Construction Materials,-0.04622403136294585,0.005968960265870171,0.00033826219227439756,,
ACC,2023,Construction Materials,0.10320160321109514,0.007449460347346178,0.0014805000814760065,,
ACC,2024,Construction Materials,-0.08145331983324018,0.015185465089905998,0.00773600474255982,0.18683175396321705,
ACC,2025,Construction Materials,-0.05144178421657594,0.016911682822032054,0.0017262177321260563,0.10797503617163713,0.055760119892540025
ACC,2026,Construction Materials,0.054895394266938805,0.015571515037460138,-0.0013401677845719159,0.07868457300275482,0.0559346730916276
ACE,2017,Capital Goods,-0.08999822663592837,0.16795235561860852,,,
ACE,2018,Capital Goods,-0.04567881585229986,0.09586307373988417,-0.07208928187872435,,
ACE,2019,Capital Goods,-0.018040365317397687,0.060029315593640775,-0.0358337581462434,,
ACE,2020,Capital Goods,0.00472939671354118,0.08641897631107055,0.026389660717429778,,
ACE,2021,Capital Goods,-0.005903590482237114,0.05172038017985577,-0.03469859613121478,,
ACE,2022,Capital Goods,0.0011697183318256964,0.024189775102155402,-0.02753060507770037,,
ACE,2023,Capital Goods,-0.0641854301323965,0.004657006763599085,-0.019532768338556317,,
ACE,2024,Capital Goods,-0.14836299916997142,0.002056626394909158,-0.002600380368689927,0.15414062232176526,
ACE,2025,Capital Goods,-0.10905636011438061,0.00606586108292593,0.004009234688016772,0.15180838491510948,0.0016491408855832293
ACE,2026,Capital Goods,-0.09158380059239118,0.0024329253851619235,-0.003632935697764006,0.15004836574686897,0.0020527852082946707
ACMESOLAR,2020,Power,-0.0540848055028555,0.6851731706039156,,,
ACMESOLAR,2021,Power,-0.1385829596125314,0.779232092828484,0.09405892222456846,,
ACMESOLAR,2022,Power,-0.08270474038123113,0.7330576292536539,-0.04617446357483013,,
ACMESOLAR,2023,Power,-0.10531523396641208,0.749446658917397,0.016389029663743115,,
ACMESOLAR,2024,Power,-0.10010714055856955,0.6463528672403545,-0.10309379167704258,0.880204005615885,
ACMESOLAR,2025,Power,-0.07879201490163608,0.6050471078466771,-0.04130575939367731,0.8947039996779323,0.010253044128438377
ACMESOLAR,2026,Power,-0.03550276783959248,0.6971294285170694,0.09208232067039224,0.8562798833819242,0.019403720285871586
ACUTAAS,2017,Healthcare,-0.15136772535340554,0.24352854782449057,,,
ACUTAAS,2018,Healthcare,0.06458668382116436,0.28195561273721453,0.03842706491272396,,
ACUTAAS,2019,Healthcare,0.03969035890218157,0.25292047853624205,-0.02903513420097248,,
ACUTAAS,2020,Healthcare,0.0016818319030574866,0.2562421837940403,0.0033217052577982353,,
ACUTAAS,2021,Healthcare,0.06300965470515643,0.33060710915382197,0.07436492535978168,,
ACUTAAS,2022,Healthcare,0.1273069451189898,0.0012748907236522584,-0.3293322184301697,,
ACUTAAS,2023,Healthcare,0.023156961431141945,0.004693978668474717,0.0034190879448224585,,
ACUTAAS,2024,Healthcare,-0.07320010949904188,0.197691395200292,0.1929974165318173,0.24971817156987527,
ACUTAAS,2025,Healthcare,-0.00669997289028311,0.008345919987606986,-0.18934547521268502,0.3831578411923292,0.09435609526932973
ACUTAAS,2026,Healthcare,-0.10983588378797961,0.01794391015947902,0.009597990171872035,0.34297934297934296,0.06845692470484231
ADANIENSOL,2017,Power,-0.13834296303350385,0.7005517107873978,,,
ADANIENSOL,2018,Power,-0.06112608641762223,0.604000125105268,-0.09655158568212974,,
ADANIENSOL,2019,Power,-0.06241634278771171,0.6184871766047904,0.014487051499522341,,
ADANIENSOL,2020,Power,-0.11823820943164885,0.6105515850821897,-0.007935591522600705,,
ADANIENSOL,2021,Power,-0.05921993968577203,0.6267109964060343,0.016159411323844686,,
ADANIENSOL,2022,Power,-0.060930248139067604,0.6299873736176661,0.0032763772116317647,,
ADANIENSOL,2023,Power,-0.04673796047782614,0.6354333022755613,0.0054459286578951716,,
ADANIENSOL,2024,Power,-0.09354273213573727,0.633253772994743,-0.0021795292808183264,0.28484836010743947,
ADANIENSOL,2025,Power,-0.11491125101062553,0.5402540518049179,-0.09299972118982502,0.2965087337380102,0.00824512926534535
ADANIENSOL,2026,Power,-0.10616607416710915,0.5301655135610077,-0.010088538243910206,0.3097956149058601,0.012482461338149595
ADANIENT,2017,Metals & Mining,0.004487784141090371,0.4378297918547779,,,
ADANIENT,2018,Metals & Mining,-0.03873994908992659,0.3126776649161232,-0.12515212693865468,,
ADANIENT,2019,Metals & Mining,-0.059215002381502055,0.26432086755322176,-0.04835679736290144,,
ADANIENT,2020,Metals & Mining,-0.02806161741446304,0.26494472753741544,0.0006238599841936754,,
ADANIENT,2021,Metals & Mining,-0.060458510343160125,0.31437603939188696,0.04943131185447153,,
ADANIENT,2022,Metals & Mining,-0.005992143039675799,0.40954346626850296,0.095167426876616,,
ADANIENT,2023,Metals & Mining,-0.10732335172348965,0.3765644987120473,-0.032978967556455685,,
ADANIENT,2024,Metals & Mining,-0.0638557824132379,0.4066982949473131,0.030133796235265797,0.13438172092424772,
ADANIENT,2025,Metals & Mining,0.005630326448947771,0.46234971913065565,0.05565142418334257,0.14671958722928138,0.008724188929662329
ADANIENT,2026,Metals & Mining,-0.013482431255179336,0.40871871861204484,-0.053631000518610805,0.15245088837983742,0.009233684443180425
ADANIGREEN,2017,Power,-0.012086195924622399,0.7056211768984012,,,
ADANIGREEN,2018,Power,-0.0500471716730602,0.6279460014845389,-0.07767517541386226,,
ADANIGREEN,2019,Power,-0.1431660040948236,0.76018879033507,0.1322427888505311,,
ADANIGREEN,2020,Power,-0.10790273556231003,0.8069366044290056,0.04674781409393558,,
ADANIGREEN,2021,Power,-0.04848041265858079,0.8437543566150844,0.036817752186078745,,
ADANIGREEN,2022,Power,-0.043610272415781796,0.8961563252705499,0.052401968655465536,,
ADANIGREEN,2023,Power,-0.09402322557503474,0.810399198911955,-0.08575712635859489,,
ADANIGREEN,2024,Power,-0.08197670458415639,0.7363031582771382,-0.07409604063481678,0.8034188034188035,
ADANIGREEN,2025,Power,-0.07588205554151169,0.7226174569354664,-0.013685701341671797,0.8559969442322384,0.037178359911361016
ADANIGREEN,2026,Power,-0.06497048703387696,0.7241516770638096,0.0015342201283431445,0.8993455201986008,0.048037303077678326
ADANIPORTS,2017,Services,-0.0034828728201493396,0.5122108068436317,,,
ADANIPORTS,2018,Services,-0.04095720085567802,0.47361320711574517,-0.03859759972788657,,
ADANIPORTS,2019,Services,-0.03621254157459684,0.49211216976731015,0.018498962651564976,,
ADANIPORTS,2020,Services,-0.05876734386684045,0.4884355916901256,-0.0036765780771845225,,
ADANIPORTS,2021,Services,-0.03434451213584845,0.4807509003856565,-0.007684691304469138,,
ADANIPORTS,2022,Services,-0.05628214306018052,0.48749852407234195,0.006747623686685467,,
ADANIPORTS,2023,Services,-0.05855066829573682,0.47470420836509697,-0.012794315707244985,,
ADANIPORTS,2024,Services,-0.10681543121662371,0.4228254552167878,-0.05187875314830914,0.6030049412636325,
ADANIPORTS,2025,Services,-0.10620794775883122,0.38683831593572227,-0.03598713928106556,0.5962158112810536,0.004800639849038417
ADANIPORTS,2026,Services,-0.09140351918718298,0.34716564900876046,-0.03967266692696181,0.5778537631228745,0.013011782227093118
ADANIPOWER,2017,Power,-0.15241420731481356,0.7339337067488172,,,
ADANIPOWER,2018,Power,-0.10361426687091989,0.7599061789001189,0.025972472151301718,,
ADANIPOWER,2019,Power,-0.09700402738267194,0.6910344401526227,-0.06887173874749619,,
ADANIPOWER,2020,Power,-0.1049292902365878,0.7357382205931357,0.04470378044051293,,
ADANIPOWER,2021,Power,-0.0731436381548363,0.6673579466704662,-0.06838027392266943,,
ADANIPOWER,2022,Power,-0.06490709678898847,0.5994677792493921,-0.06789016742107412,,
ADANIPOWER,2023,Power,0.02675455630055345,0.4963347664279496,-0.1031330128214425,,
ADANIPOWER,2024,Power,-0.12078104993458788,0.37889903560489807,-0.11743573082305153,0.3674093969942609,
ADANIPOWER,2025,Power,-0.16845500660348958,0.349767268282518,-0.029131767322380098,0.3403678610666718,0.019121253428097944
ADANIPOWER,2026,Power,-0.11103501252186619,0.3864484207194349,0.03668115243691694,0.42052302706237316,0.040778166135269425
AEGISLOG,2017,Oil Gas & Consumable Fuels,-0.028947064929073927,0.14363721149458714,,,
AEGISLOG,2018,Oil Gas & Consumable Fuels,0.0028682026983689614,0.1373259317141915,-0.00631127978039564,,
AEGISLOG,2019,Oil Gas & Consumable Fuels,-0.1428041479763265,0.1018019477750678,-0.03552398393912369,,
AEGISLOG,2020,Oil Gas & Consumable Fuels,-0.01616715285780034,0.08758015232835377,-0.014221795446714036,,
AEGISLOG,2021,Oil Gas & Consumable Fuels,-0.07172020670883247,0.24136083314704992,0.15378068081869617,,
AEGISLOG,2022,Oil Gas & Consumable Fuels,0.01955759987074362,0.21087722664296965,-0.030483606504080274,,
AEGISLOG,2023,Oil Gas & Consumable Fuels,0.014787822891278234,0.2721460166663602,0.06126879002339053,,
AEGISLOG,2024,Oil Gas & Consumable Fuels,-0.06700314534415916,0.33615455822670187,0.06400854156034169,0.13643899495603373,
AEGISLOG,2025,Oil Gas & Consumable Fuels,-0.03441920746291018,0.415712833916674,0.07955827568997215,0.17219195548858235,0.025281160840060123
AEGISLOG,2026,Oil Gas & Consumable Fuels,-0.10815070528345891,0.2908264094456405,-0.12488642447103354,0.30276299822645386,0.08755069526888958
AEGISVOPAK,2022,Oil Gas & Consumable Fuels,-0.015504631886884447,0.9581667479278402,,,
AEGISVOPAK,2023,Oil Gas & Consumable Fuels,-0.049600625432931235,0.6823283580373593,-0.27583838989048093,,
AEGISVOPAK,2024,Oil Gas & Consumable Fuels,-0.06619136048105408,0.723579608259274,0.04125125022191478,0.7342414860681115,
AEGISVOPAK,2025,Oil Gas & Consumable Fuels,-0.0732390149628892,0.5954640036992246,-0.12811560456004945,0.7457499686729877,0.008137726091075456
AEGISVOPAK,2026,Oil Gas & Consumable Fuels,-0.07551023558652006,0.44304491925648753,-0.15241908444273705,0.7675493005946016,0.016916789257157665
AFCONS,2020,Construction,-0.061383790519501734,0.16169699727719333,,,
AFCONS,2021,Construction,-0.06100184548376895,0.16543220749482582,0.003735210217632484,,
AFCONS,2022,Construction,-0.0195857018980634,0.15980190769823682,-0.0056302997965889945,,
AFCONS,2023,Construction,-0.056259457221891254,0.14420148182954767,-0.01560042586868915,,
AFCONS,2024,Construction,-0.03441002757237441,0.1554327926453956,0.011231310815847939,0.11349693251533742,
AFCONS,2025,Construction,0.013393717704428121,0.136881236411472,-0.0185515562339236,0.1378735587763839,0.01723687773163604
AFCONS,2026,Construction,0.008263603137963335,0.18958406513448411,0.0527028287230121,0.0941520029951329,0.021908980829580153
AFFLE,2018,Information Technology,-0.18454258675078863,,,,
AFFLE,2019,Information Technology,0.006508277518008348,0.05686844433211172,,,
AFFLE,2020,Information Technology,-0.015748619196895054,0.16793551276309898,0.11106706843098726,,
AFFLE,2021,Information Technology,0.044089507813330514,0.15776815137663444,-0.01016736138646454,,
AFFLE,2022,Information Technology,0.004330997883841544,0.08148854752584893,-0.07627960385078551,,
AFFLE,2023,Information Technology,-0.007823977927517397,0.05260641556229549,-0.028882131963553437,,
AFFLE,2024,Information Technology,-0.049518443374318606,0.05580373511941138,0.0031973195571158852,0.2183589010587199,
AFFLE,2025,Information Technology,-0.0849141499586048,0.02273274761666108,-0.033070987502750296,0.22725688878977518,0.006291827463543882
AFFLE,2026,Information Technology,-0.08476628119707917,0.0033574620216863488,-0.01937528559497473,0.22434284490604423,0.004536397641783077
AIAENG,2017,Capital Goods,0.07090642358281193,0.04394819003673843,,,
AIAENG,2018,Capital Goods,0.04191911244000315,0.03464923619931882,-0.009298953837419612,,
AIAENG,2019,Capital Goods,0.07963091999712353,0.03176756192455235,-0.0028816742747664673,,
AIAENG,2020,Capital Goods,-0.021331199492491904,0.030448082546960114,-0.0013194793775922371,,
AIAENG,2021,Capital Goods,-0.006796973518285,0.04055065153425809,0.010102568987297975,,
AIAENG,2022,Capital Goods,0.1286222128569533,0.0019179290268705174,-0.03863272250738757,,
AIAENG,2023,Capital Goods,0.028385619722282134,0.07579402365141535,0.07387609462454484,,
AIAENG,2024,Capital Goods,-0.08586796687562882,0.06152240805531759,-0.014271615596097763,0.2654892986438071,
AIAENG,2025,Capital Goods,-0.11079720265436337,0.06262750314688617,0.0011050950915685795,0.27204304098829307,0.004634195653935471
AIAENG,2026,Capital Goods,-0.03403388034757008,0.0012036500952840826,-0.06142385305160209,0.2636427458433931,0.004414488541232825
AIIL,2023,Financial Services,0.5883422903223936,0.2469781032053846,,,
AIIL,2024,Financial Services,-0.23673737371129808,0.09709332693123508,-0.14988477627414953,1.0114273673290757,
AIIL,2025,Financial Services,-0.010239062720475206,0.06552950412776203,-0.03156382280347306,0.7435988620199147,0.18938335229916503
AIIL,2026,Financial Services,-0.017951143526368864,0.18731924557299706,0.12178974144523504,0.8891217659948011,0.13408186799810148
AJANTPHARM,2017,Healthcare,-0.05619635266694089,0.0007020430549842314,,,
AJANTPHARM,2018,Healthcare,0.0772965976636246,0.0007419681942967378,3.992513931250642e-05,,
AJANTPHARM,2019,Healthcare,0.004676527659446712,0.013496623967391918,0.01275465577309518,,
AJANTPHARM,2020,Healthcare,0.0033188695802677587,0.022761433095779597,0.00926480912838768,,
AJANTPHARM,2021,Healthcare,0.020801261592760877,0.008410618405737244,-0.014350814690042353,,
AJANTPHARM,2022,Healthcare,0.03774221693337298,0.006257453069101982,-0.0021531653366352625,,
AJANTPHARM,2023,Healthcare,-0.04454798406896175,0.00777565606416062,0.0015182029950586385,,
AJANTPHARM,2024,Healthcare,-0.12189920726551859,0.007788268589303492,1.2612525142872283e-05,0.27992461588127,
AJANTPHARM,2025,Healthcare,-0.18013510234624613,0.00966880962721458,0.001880541037911087,0.27802507928195286,0.0013431752104891574
AJANTPHARM,2026,Healthcare,-0.03229637727972967,0.04309662243866886,0.03342781281145428,0.260510713670693,0.010702498470753372
ALKEM,2017,Healthcare,0.06408753300302394,0.10041141485905007,,,
ALKEM,2018,Healthcare,0.04761246144290941,0.1301624747519559,0.029751059892905815,,
ALKEM,2019,Healthcare,-0.0023319025961605223,0.11501981629870772,-0.015142658453248165,,
ALKEM,2020,Healthcare,0.05449578403988118,0.1624366298863611,0.04741681358765337,,
ALKEM,2021,Healthcare,0.027789979564659527,0.14819007470966017,-0.014246555176700926,,
ALKEM,2022,Healthcare,0.03799792312137372,0.18964773380699243,0.04145765909733226,,
ALKEM,2023,Healthcare,-0.05076308548956324,0.10152762482145,-0.08812010898554243,,
ALKEM,2024,Healthcare,-0.08489621121162896,0.09107024764203944,-0.01045737717941056,0.2250524556349799,
ALKEM,2025,Healthcare,-0.07217301354918575,0.07805619774915071,-0.013014049892888735,0.22157877553641867,0.002456262753365404
ALKEM,2026,Healthcare,-0.0691864214192738,0.09814817922269074,0.020091981473540035,0.20481798858334557,0.010819920591029621
AMBER,2017,Consumer Durables,-0.09563298174344867,0.31556724856258644,,,
AMBER,2018,Consumer Durables,-0.03745348695898751,0.06595447943009589,-0.24961276913249056,,
AMBER,2019,Consumer Durables,0.06610594160473102,0.10601753039135461,0.04006305096125873,,
AMBER,2020,Consumer Durables,-0.04477905412397805,0.13206733588602573,0.02604980549467112,,
AMBER,2021,Consumer Durables,-0.0388810775222345,0.11123386115853727,-0.020833474727488463,,
AMBER,2022,Consumer Durables,-0.02679229757089143,0.21764820902636048,0.10641434786782321,,
AMBER,2023,Consumer Durables,-0.026176751967462948,0.23318061558233855,0.015532406555978068,,
AMBER,2024,Consumer Durables,-0.14096255191428472,0.23352134005241126,0.00034072447007271744,0.07018604716569869,
AMBER,2025,Consumer Durables,-0.08759627366047588,0.24432563935204413,0.010804299299632864,0.08069470779728287,0.007430745193781279
AMBER,2026,Consumer Durables,-0.015835719580795674,0.19634504411529574,-0.047980595236748386,0.08012665521179509,0.005910024257364246
AMBUJACEM,2016,Construction Materials,-0.05195039820179315,0.0008822863646846604,,,
AMBUJACEM,2017,Construction Materials,-0.053503568932237885,0.0006792602034063266,-0.00020302616127833382,,
AMBUJACEM,2018,Construction Materials,0.012676664683110128,0.0010612250356037255,0.00038196483219739893,,
AMBUJACEM,2019,Construction Materials,-0.0657993965878992,0.0010219477338197001,-3.927730178402539e-05,,
AMBUJACEM,2020,Construction Materials,-0.062109951233439736,0.011848594798451777,0.010826647064632077,,
AMBUJACEM,2021,Construction Materials,-0.05594077946509414,0.01054251349254578,-0.0013060813059059973,,
AMBUJACEM,2023,Construction Materials,0.03573913033390782,0.010106636587598262,-0.00043587690494751793,,
AMBUJACEM,2024,Construction Materials,-0.05360050311418706,0.010742969449522136,0.0006363328619238742,0.18189207711964805,
AMBUJACEM,2025,Construction Materials,-0.024632441201504422,0.009722326172267782,-0.0010206432772543548,0.13166450156422568,0.03551625927779884
AMBUJACEM,2026,Construction Materials,-0.05341430777746295,0.00966720901190681,-5.511716036097139e-05,0.16726315789473684,0.02583305039544783
ANANDRATHI,2019,Financial Services,-0.03413767707836937,0.0025993155135814235,,,
ANANDRATHI,2020,Financial Services,-0.19294986188182953,0.10201188060723103,0.09941256509364961,,
ANANDRATHI,2021,Financial Services,0.1840176600441501,0.13995584988962473,0.0379439692823937,,
ANANDRATHI,2022,Financial Services,-0.038924525158280564,0.08174358547150949,-0.05821226441811524,,
ANANDRATHI,2023,Financial Services,0.13542484497925045,0.058835782153786986,-0.022907803317722505,,
ANANDRATHI,2024,Financial Services,-0.2279650805919931,0.05873326210016596,-0.00010252005362102606,0.4516959163010462,
ANANDRATHI,2025,Financial Services,-0.1499958392277607,0.08249771157526838,0.023764449475102416,0.4538015330432981,0.0014888958770262282
ANANDRATHI,2026,Financial Services,-0.08898454962107817,0.06282501862624834,-0.019672692949020035,0.3374328395291779,0.06658598096374138
ANANTRAJ,2017,Realty,0.030524541564061487,0.2570902168455782,,,
ANANTRAJ,2018,Realty,0.049821292607763044,0.3479729322865581,0.09088271544097992,,
ANANTRAJ,2019,Realty,-0.16677206593430477,0.345790005541611,-0.0021829267449471335,,
ANANTRAJ,2020,Realty,0.02411230028118665,0.3685049153170434,0.02271490977543239,,
ANANTRAJ,2021,Realty,0.03481782079005416,0.3606777470030821,-0.007827168313961297,,
ANANTRAJ,2022,Realty,-0.08402261340339018,0.292578580208483,-0.0680991667945991,,
ANANTRAJ,2023,Realty,0.027622584687989202,0.24777463055883286,-0.04480394964965012,,
ANANTRAJ,2024,Realty,0.027903136021625752,0.12874183231414854,-0.11903279824468432,0.24979425407751013,
ANANTRAJ,2025,Realty,-0.020840497313984855,0.09200461551393442,-0.03673721680021412,0.26459265262862575,0.010464047966195041
ANANTRAJ,2026,Realty,0.08508500930312463,0.09908046110886257,0.007075845594928146,0.29044979410833066,0.02057691789512702
ANGELONE,2017,Financial Services,0.1336691054520443,0.4281871079037725,,,
ANGELONE,2018,Financial Services,0.17631852396279493,0.47519240354478715,0.04700529564101463,,
ANGELONE,2019,Financial Services,-0.2760264792711861,0.3947530472895876,-0.08043935625519955,,
ANGELONE,2020,Financial Services,-0.2561205015112913,0.22412769726689133,-0.17062535002269627,,
ANGELONE,2021,Financial Services,0.31067297625180734,0.24335457763448723,0.0192268803675959,,
ANGELONE,2022,Financial Services,0.009315866890860587,0.174203663742358,-0.06915091389212924,,
ANGELONE,2023,Financial Services,0.01146747583137528,0.105360359577248,-0.06884330416510999,,
ANGELONE,2024,Financial Services,0.04612811176317025,0.19172852342055902,0.08636816384331102,0.39289817066890614,
ANGELONE,2025,Financial Services,0.12603168644429588,0.2021326799541229,0.010404156533563885,0.39646415461832346,0.0025215314322353717
ANGELONE,2026,Financial Services,0.18294755768855062,0.3326422295376591,0.1305095495835362,0.3391504452014073,0.03211021520114699
ANTHEM,2020,Healthcare,-0.09249098206574201,0.20154448000812883,,,
ANTHEM,2021,Healthcare,-0.006142268480006158,0.0967383103441605,-0.10480616966396833,,
ANTHEM,2022,Healthcare,0.04486490493310107,0.021922834587302178,-0.07481547575685832,,
ANTHEM,2023,Healthcare,0.039315942316761394,0.0626225520613567,0.040699717474054514,,
ANTHEM,2024,Healthcare,-0.0065968341867796475,0.09946124464163596,0.03683869258027926,0.32042345473172495,
ANTHEM,2025,Healthcare,-0.06330362803553238,0.04035860064539568,-0.059102643996240274,0.3714994682736618,0.0361161955314795
ANTHEM,2026,Healthcare,-0.21128280197941848,0.01572628736560629,-0.024632313279789392,0.3600258237291377,0.02679785846131941
ANURAS,2019,Chemicals,0.007810905021512124,0.5250546309668735,,,
ANURAS,2020,Chemicals,-0.025073755174879378,0.5087154282006141,-0.016339202766259442,,
ANURAS,2021,Chemicals,0.029956353540672144,0.18413322831493334,-0.32458219988568077,,
ANURAS,2022,Chemicals,0.11188528134784036,0.28929096538721005,0.10515773707227671,,
ANURAS,2023,Chemicals,-0.02943947992546163,0.2175032822293749,-0.07178768315783515,,
ANURAS,2024,Chemicals,-0.006701914739648866,0.2323200055631977,0.014816723333822807,0.31860357820269647,
ANURAS,2025,Chemicals,0.015025963772186878,0.26065881173987643,0.02833880617667872,0.24876573324226753,0.049382813754974074
ANURAS,2026,Chemicals,-0.03690312757407083,0.23306916606345005,-0.027589645676426383,0.24788543161623258,0.040577407047712136
APARINDS,2017,Capital Goods,-0.03940293832760091,0.08834123112794427,,,
APARINDS,2018,Capital Goods,-0.018779891717436294,0.08478548124934222,-0.003555749878602049,,
APARINDS,2019,Capital Goods,-0.10005709132796849,0.05109572985109855,-0.03368975139824367,,
APARINDS,2020,Capital Goods,0.008805707164037991,0.07983583308264214,0.028740103231543586,,
APARINDS,2021,Capital Goods,-0.02417893250223046,0.06497525495201022,-0.014860578130631921,,
APARINDS,2022,Capital Goods,0.00196442840884326,0.054360788919291955,-0.010614466032718262,,
APARINDS,2023,Capital Goods,-0.007376804804293199,0.04578316185284115,-0.008577627066450808,,
APARINDS,2024,Capital Goods,0.04765197966671381,0.049461509022687755,0.0036783471698466075,0.07548521972173809,
APARINDS,2025,Capital Goods,-0.09609847694554557,0.05191080964704734,0.0024493006243595863,0.08249494044414597,0.004956621057038477
APARINDS,2026,Capital Goods,-0.036475780178232685,0.06968782660128989,0.017777016954242546,0.1149405406717584,0.021049843665315388
APLAPOLLO,2017,Capital Goods,-0.08849711045332814,0.3222196922876753,,,
APLAPOLLO,2018,Capital Goods,0.03060728596447794,0.3553672782622251,0.03314758597454981,,
APLAPOLLO,2019,Capital Goods,-0.07548632240760234,0.3093608952081561,-0.04600638305406901,,
APLAPOLLO,2020,Capital Goods,-0.0831529410323849,0.25549367274642304,-0.05386722246173303,,
APLAPOLLO,2021,Capital Goods,-0.18151193751011344,0.15312670089292282,-0.10236697185350022,,
APLAPOLLO,2022,Capital Goods,-0.007351075035767151,0.13054053871948001,-0.02258616217344281,,
APLAPOLLO,2023,Capital Goods,-0.008442092203368971,0.14919090919965888,0.01865037048017887,,
APLAPOLLO,2024,Capital Goods,-0.1244769918141479,0.15921572774493203,0.01002481854527315,0.06361074450598503,
APLAPOLLO,2025,Capital Goods,-0.11966314913694144,0.08351895148125915,-0.07569677626367288,0.07886326177875695,0.010785158393741967
APLAPOLLO,2026,Capital Goods,-0.20831172947822446,0.05633794844508847,-0.02718100303617068,0.07335496217924593,0.007723669526182367
APOLLOHOSP,2017,Healthcare,-0.04955689305579037,0.38569494545853944,,,
APOLLOHOSP,2018,Healthcare,-0.04880857925315451,0.3986495447681493,0.012954599309609849,,
APOLLOHOSP,2019,Healthcare,-0.07300974263302022,0.4007462442313357,0.0020966994631864133,,
APOLLOHOSP,2020,Healthcare,-0.0742328679753384,0.3185103819715116,-0.0822358622598241,,
APOLLOHOSP,2021,Healthcare,-0.09780891182976928,0.36516380490888023,0.04665342293736863,,
APOLLOHOSP,2022,Healthcare,-0.048291984013272005,0.3067717366714426,-0.058392068237437644,,
APOLLOHOSP,2023,Healthcare,-0.038693923985654535,0.3005334461732694,-0.006238290498173205,,
APOLLOHOSP,2024,Healthcare,-0.09245499396734001,0.3185125013439094,0.017979055170640024,0.13778067270983735,
APOLLOHOSP,2025,Healthcare,-0.07915502099853229,0.38094292371259864,0.06243042236868923,0.14902584370272023,0.00795153666466974
APOLLOHOSP,2026,Healthcare,-0.10255693600447194,0.3828596930955515,0.0019167693829528765,0.15505075601618512,0.008765550148662529
APOLLOTYRE,2017,Automobile and Auto Components,0.012914555050810073,0.22559606648635874,,,
APOLLOTYRE,2018,Automobile and Auto Components,-0.0496463447648705,0.23238741090066792,0.006791344414309175,,
APOLLOTYRE,2019,Automobile and Auto Components,-0.01941750463627164,0.2536245297354112,0.0212371188347433,,
APOLLOTYRE,2020,Automobile and Auto Components,-0.0879516390094064,0.29147813361326724,0.037853603877856024,,
APOLLOTYRE,2021,Automobile and Auto Components,-0.08121420398335633,0.28406378576115515,-0.007414347852112091,,
APOLLOTYRE,2022,Automobile and Auto Components,-0.05602397519644041,0.26111596788317715,-0.022947817877978005,,
APOLLOTYRE,2023,Automobile and Auto Components,-0.03998479534564564,0.23534700921369797,-0.025768958669479175,,
APOLLOTYRE,2024,Automobile and Auto Components,-0.11543381775100019,0.18251616379310345,-0.05283084542059452,0.13669411586400018,
APOLLOTYRE,2025,Automobile and Auto Components,-0.049679928041197814,0.1619892098525381,-0.020526953940565362,0.15315998284920213,0.011643126203351978
APOLLOTYRE,2026,Automobile and Auto Components,-0.11429809397552433,0.12658483770428394,-0.03540437214825415,0.11732828317646217,0.01793539774065759
APTUS,2017,Financial Services,0.40297695110984905,0.3616711628567372,,,
APTUS,2018,Financial Services,0.3835292030083398,0.5733726437628817,0.21170148090614443,,
APTUS,2019,Financial Services,0.34958275647457804,0.6786060552175551,0.10523341145467346,,
APTUS,2020,Financial Services,0.2524361243003899,0.5395745089718235,-0.13903154624573166,,
APTUS,2021,Financial Services,0.19643066521834357,0.5564082766798594,0.016833767708035907,,
APTUS,2022,Financial Services,0.19241067972779927,0.48001597455331063,-0.07639230212654874,,
APTUS,2023,Financial Services,0.21600606442335024,0.5289397849582235,0.04892381040491284,,
APTUS,2024,Financial Services,0.17170963349924814,0.5774391367986655,0.04849935184044207,0.8505277191423174,
APTUS,2025,Financial Services,0.14596105629875636,0.6112985295386364,0.03385939273997085,0.8213872832369943,0.020605399835385924
APTUS,2026,Financial Services,0.05749689982724872,0.6057614928653874,-0.005537036673249007,0.8194206133702044,0.017419743705704576
ARE&M,2019,Automobile and Auto Components,-0.012881197588807076,0.012996863669728853,,,
ARE&M,2020,Automobile and Auto Components,-0.10314374850012,0.01677865770738341,0.003781794037654558,,
ARE&M,2021,Automobile and Auto Components,-0.026804027676909512,0.015925780892858066,-0.0008528768145253454,,
ARE&M,2022,Automobile and Auto Components,-0.018928498612004192,0.019744044164928403,0.0038182632720703373,,
ARE&M,2023,Automobile and Auto Components,-0.02685904996614827,0.025291445123153698,0.005547400958225295,,
ARE&M,2024,Automobile and Auto Components,-0.10780342377390525,0.017456434114745224,-0.007835011008408475,0.12399808096025326,
ARE&M,2025,Automobile and Auto Components,-0.11919575636496046,0.02566651248388462,0.008210078369139395,0.10959928448895209,0.010181486625781984
ARE&M,2026,Automobile and Auto Components,-0.08120907692159493,0.03556788556906778,0.00990137308518316,0.09631418849981256,0.013845679332219198
ASAHIINDIA,2017,Automobile and Auto Components,-0.09485298793801537,0.4314756322472601,,,
ASAHIINDIA,2018,Automobile and Auto Components,-0.08285614152711536,0.4184040105444406,-0.013071621702819503,,
ASAHIINDIA,2019,Automobile and Auto Components,-0.06330719588450374,0.4452970209813334,0.026893010436892795,,
ASAHIINDIA,2020,Automobile and Auto Components,-0.036093709552161526,0.45603934765726123,0.010742326675927838,,
ASAHIINDIA,2021,Automobile and Auto Components,-0.10160467489101198,0.4148833264870738,-0.04115602117018741,,
ASAHIINDIA,2022,Automobile and Auto Components,-0.06388680004660177,0.32790969846531876,-0.08697362802175507,,
ASAHIINDIA,2023,Automobile and Auto Components,-0.008010304889364349,0.30596133483249094,-0.021948363632827816,,
ASAHIINDIA,2024,Automobile and Auto Components,-0.09963251939682997,0.3577580955740498,0.05179676074155887,0.15556346170950816,
ASAHIINDIA,2025,Automobile and Auto Components,-0.09138266222863707,0.39703673156794017,0.039278635993890365,0.19945696745785924,0.03103739556470974
ASAHIINDIA,2026,Automobile and Auto Components,-0.04536781498279134,0.28279584418926307,-0.1142408873786771,0.22962522729041523,0.03724224498506673
ASHOKLEY,2017,Capital Goods,0.04957935379904437,0.4948664101625536,,,
ASHOKLEY,2018,Capital Goods,0.00892523888007199,0.47302837444125523,-0.021838035721298388,,
ASHOKLEY,2019,Capital Goods,0.14885880344326988,0.48990711963522604,0.016878745193970812,,
ASHOKLEY,2020,Capital Goods,-0.0012197754155064897,0.5879152278378399,0.09800810820261385,,
ASHOKLEY,2021,Capital Goods,0.02139666308113851,0.5724759355898383,-0.015439292248001557,,
ASHOKLEY,2022,Capital Goods,-0.07351162916120178,0.5541197489767324,-0.018356186613105896,,
ASHOKLEY,2023,Capital Goods,0.10497673257503505,0.5698837497451054,0.01576400076837292,,
ASHOKLEY,2024,Capital Goods,0.10385218694074172,0.603626209055655,0.033742459310549644,0.19476857845756765,
ASHOKLEY,2025,Capital Goods,0.008400380103035931,0.6126838847766379,0.009057675720982927,0.1903158681181154,0.0031485416756861445
ASHOKLEY,2026,Capital Goods,0.05471984642551758,0.6348859427255439,0.02220205794890595,0.18440287721343976,0.005199965594250872
ASIANPAINT,2017,Consumer Durables,0.033219966804216634,0.045169803928839465,,,
ASIANPAINT,2018,Consumer Durables,-0.005413601792569902,0.03875691322252802,-0.006412890706311444,,
ASIANPAINT,2019,Consumer Durables,-0.01930107010715841,0.08121195113004989,0.04245503790752187,,
ASIANPAINT,2020,Consumer Durables,-0.020633326248592605,0.06930859333608874,-0.01190335779396115,,
ASIANPAINT,2021,Consumer Durables,-0.026728121465915085,0.053701878720768106,-0.015606714615320635,,
ASIANPAINT,2022,Consumer Durables,0.08903396268821519,0.06911970896964645,0.015417830248878342,,
ASIANPAINT,2023,Consumer Durables,-0.00337402096951319,0.07496781336054893,0.005848104390902484,,
ASIANPAINT,2024,Consumer Durables,-0.16698967952999205,0.08275305284780292,0.0077852394872539865,0.19144294831006475,
ASIANPAINT,2025,Consumer Durables,-0.1108239925548299,0.07544955156027376,-0.007303501287529157,0.2008521464934104,0.006653307840971864
ASIANPAINT,2026,Consumer Durables,-0.16075118594966503,0.1138201701973565,0.03837061863708274,0.2057268396519047,0.007260913575536216
ASTERDM,2017,Healthcare,-0.03806885402505787,0.4052893412205607,,,
ASTERDM,2018,Healthcare,-0.03589487842510168,0.31440875799201534,-0.09088058322854536,,
ASTERDM,2019,Healthcare,-0.029996270207244304,0.3123214207710254,-0.0020873372209899155,,
ASTERDM,2020,Healthcare,-0.07630919637703824,0.45179648731350747,0.13947506654248204,,
ASTERDM,2021,Healthcare,-0.12232164832762765,0.41339429708382597,-0.0384021902296815,,
ASTERDM,2022,Healthcare,-0.06293705735214723,0.4218040705233667,0.008409773439540746,,
ASTERDM,2023,Healthcare,-0.09497877744322283,0.40946559060855525,-0.012338479914811462,,
ASTERDM,2024,Healthcare,-0.005617633876189619,0.09776807213170911,-0.3116975184768461,0.17678437050513904,
ASTERDM,2025,Healthcare,-0.05645309135976801,0.36243763418214986,0.26466956205044073,0.1707765483740386,0.004248171769063721
ASTERDM,2026,Healthcare,-0.0792321713374345,0.3212131118309608,-0.041224522351189063,0.19526505325479904,0.012762682796258978
ASTRAL,2017,Capital Goods,0.020860557877956508,0.15665601631078058,,,
ASTRAL,2018,Capital Goods,-0.06373655239937435,0.11288223424197921,-0.043773782068801365,,
ASTRAL,2019,Capital Goods,-0.06964889714639608,0.13115144585774857,0.01826921161576936,,
ASTRAL,2020,Capital Goods,-0.06880433358088331,0.0834389061203093,-0.047712539737439275,,
ASTRAL,2021,Capital Goods,-0.09716765817338274,0.030007108916077378,-0.05343179720423192,,
ASTRAL,2022,Capital Goods,-0.017508636216008743,0.029023590894328145,-0.0009835180217492336,,
ASTRAL,2023,Capital Goods,-0.02299351229912197,0.019967446871919484,-0.00905614402240866,,
ASTRAL,2024,Capital Goods,-0.15776947373103783,0.026558120912851996,0.006590674040932512,0.15705082319255548,
ASTRAL,2025,Capital Goods,-0.1033915765283886,0.04619834383295693,0.019640222920104932,0.1539409665909828,0.00219900069148978
ASTRAL,2026,Capital Goods,-0.17219458264234383,0.04323866777224986,-0.0029596760607070657,0.14651457541191382,0.005413486420074317
ATGL,2018,Oil Gas & Consumable Fuels,-0.04099495457691951,0.47981473948632314,,,
ATGL,2019,Oil Gas & Consumable Fuels,-0.06220369023148172,0.1923578323429894,-0.2874569071433337,,
ATGL,2020,Oil Gas & Consumable Fuels,-0.02264650772113458,0.17294614589390708,-0.01941168644908231,,
ATGL,2021,Oil Gas & Consumable Fuels,-0.05951979623178635,0.1651621280793098,-0.007784017814597283,,
ATGL,2022,Oil Gas & Consumable Fuels,-0.05044108487628108,0.23445105033690053,0.06928892225759073,,
ATGL,2023,Oil Gas & Consumable Fuels,-0.054268152268258554,0.2519068960019839,0.017455845665083375,,
ATGL,2024,Oil Gas & Consumable Fuels,-0.12329600446611427,0.23623833030434507,-0.01566856569763883,0.20450226349211256,
ATGL,2025,Oil Gas & Consumable Fuels,-0.10505550764477717,0.23929150613656613,0.003053175832221061,0.20241483398016388,0.0014760355631478366
ATGL,2026,Oil Gas & Consumable Fuels,-0.10545398183192964,0.23620690738556982,-0.0030845987509963146,0.15403785506948842,0.02855213351029047
ATHERENERG,2026,Automobile and Auto Components,,,,-0.027347730335601353,0.12798985972572466
ATUL,2017,Chemicals,-0.02524169927251638,0.06154981170580592,,,
ATUL,2018,Chemicals,-0.026334682807171477,0.0052915328826223665,-0.05625827882318355,,
ATUL,2019,Chemicals,0.00808534055793084,0.015428466607402392,0.010136933724780025,,
ATUL,2020,Chemicals,-0.05186831645175537,0.02617790938731577,0.010749442779913377,,
ATUL,2021,Chemicals,-0.012601849243868793,0.025667731849507297,-0.0005101775378084719,,
ATUL,2022,Chemicals,0.06552159272251787,0.02533796846330678,-0.0003297633862005163,,
ATUL,2023,Chemicals,-0.033486508901047894,0.00908273740909004,-0.01625523105421674,,
ATUL,2024,Chemicals,-0.08655575574397022,0.03664584053056299,0.02756310312147295,0.15814176718448933,
ATUL,2025,Chemicals,-0.06338347006553403,0.028902885273899,-0.007742955256663988,0.15700105489254076,0.0008066053970196788
ATUL,2026,Chemicals,-0.09879283835470222,0.023256286770779067,-0.005646598503119934,0.21296030736762359,0.031983880080213765
AUBANK,2014,Financial Services,0.22679780372088063,0.7338699646391954,,,
AUBANK,2015,Financial Services,0.2670727990163248,0.7439147536768594,0.010044789037664037,,
AUBANK,2016,Financial Services,0.24781886872369308,0.785608126250345,0.0416933725734856,,
AUBANK,2017,Financial Services,-0.012477959986546668,0.7206681818645087,-0.06493994438583639,,
AUROPHARMA,2017,Healthcare,-0.06030325701291102,0.20766142473018717,,,
AUROPHARMA,2018,Healthcare,0.022378217420868065,0.22776598873854945,0.020104564008362275,,
AUROPHARMA,2019,Healthcare,0.027169049452496607,0.2651875237666376,0.037421535028088176,,
AUROPHARMA,2020,Healthcare,-0.05340394805548776,0.20255425603885896,-0.06263326772777866,,
AUROPHARMA,2021,Healthcare,0.06002498210433829,0.15977653765031757,-0.042777718388541386,,
AUROPHARMA,2022,Healthcare,-0.07040563214140046,0.08476245572019563,-0.07501408193012195,,
AUROPHARMA,2023,Healthcare,-0.011625034235947313,0.13381028247883953,0.0490478267586439,,
AUROPHARMA,2024,Healthcare,-0.035527947977053116,0.14865938579772117,0.014849103318881646,0.19777853536746162,
AUROPHARMA,2025,Healthcare,-0.06091807678394235,0.16698840177277663,0.018329015975055457,0.20510762326651938,0.005182447753335997
AUROPHARMA,2026,Healthcare,-0.0772183383265044,0.1387177674124491,-0.028270634360327535,0.2054041648680105,0.00431960051457637
AWL,2019,Fast Moving Consumer Goods,-0.11355170553365475,0.15767373793612244,,,
AWL,2020,Fast Moving Consumer Goods,-0.027187686929665653,0.19517302528031497,0.03749928734419253,,
AWL,2021,Fast Moving Consumer Goods,0.00015306352136136225,0.22890724650730054,0.03373422122698558,,
AWL,2022,Fast Moving Consumer Goods,-0.018488765212431042,0.12670993987504028,-0.10219730663226026,,
AWL,2023,Fast Moving Consumer Goods,-0.00386966134028137,0.11422460433451644,-0.012485335540523848,,
AWL,2024,Fast Moving Consumer Goods,0.006138595738075119,0.13285964004771317,0.018635035713196732,0.04700971443435007,
AWL,2025,Fast Moving Consumer Goods,-0.08392076725212996,0.08643945664128642,-0.04642018340642674,0.029726915544919092,0.012220784292599979
AWL,2026,Fast Moving Consumer Goods,-0.1446524760304598,0.044845154102029626,-0.0415943025392568,0.03458126290019922,0.008913718203187046
AXISBANK,2017,Financial Services,-0.04620988636726589,0.8625841530203977,,,
AXISBANK,2018,Financial Services,0.05520240723019417,0.8688673041312848,0.006283151110887064,,
AXISBANK,2019,Financial Services,-0.03941627522583276,0.8746382836340312,0.0057709795027464095,,
AXISBANK,2020,Financial Services,-0.03078284057363484,0.8593184655539864,-0.01531981808004479,,
AXISBANK,2021,Financial Services,-0.00543192341565204,0.8496977945774351,-0.009620670976551282,,
AXISBANK,2022,Financial Services,-0.011725366549393287,0.85375824287118,0.004060448293744856,,
AXISBANK,2023,Financial Services,-0.008372641793627927,0.8569048646151678,0.003146621743987832,,
AXISBANK,2024,Financial Services,0.008099491454745256,0.8531610312906497,-0.003743833324518109,0.6296046290365709,
AXISBANK,2025,Financial Services,-0.02255514383634764,0.8398545818725504,-0.013306449418099331,0.6219826830503392,0.005389529692702002
AXISBANK,2026,Financial Services,0.00836002033637065,0.8295274116477226,-0.010327170224827764,0.6388257710041877,0.008434187686879443
BAJAJ-AUTO,2017,Automobile and Auto Components,0.03753324071686256,0.005541274872190196,,,
BAJAJ-AUTO,2018,Automobile and Auto Components,-0.004331172188854871,0.004803707092001113,-0.0007375677801890823,,
BAJAJ-AUTO,2019,Automobile and Auto Components,0.08464712820550167,0.0043184514612922545,-0.0004852556307088588,,
BAJAJ-AUTO,2020,Automobile and Auto Components,0.05135680772779499,0.0047374539890954435,0.0004190025278031891,,
BAJAJ-AUTO,2021,Automobile and Auto Components,0.05169796418098961,0.003614696990123419,-0.0011227569989720244,,
BAJAJ-AUTO,2022,Automobile and Auto Components,0.05606927246312502,0.003496604076020166,-0.00011809291410325336,,
BAJAJ-AUTO,2023,Automobile and Auto Components,0.02227857395952067,0.0035356446083767714,3.904053235660558e-05,,
BAJAJ-AUTO,2024,Automobile and Auto Components,-0.11088207537218801,0.0485907651265044,0.04505512051812763,0.20888868301632335,
BAJAJ-AUTO,2025,Automobile and Auto Components,0.07679534547454515,0.1730581009914633,0.1244673358649589,0.2301682562505978,0.015046930534711232
BAJAJ-AUTO,2026,Automobile and Auto Components,0.008178357172519225,0.29530587287252597,0.12224777188106267,0.2087581487798097,0.012323622155102841
BAJAJFINSV,2017,Financial Services,0.10250979561580006,0.37540367018557746,,,
BAJAJFINSV,2018,Financial Services,0.13763750643441636,0.40674253777963626,0.031338867594058795,,
BAJAJFINSV,2019,Financial Services,0.14535179456060116,0.4786029892886845,0.07186045150904824,,
BAJAJFINSV,2020,Financial Services,0.1063976062472506,0.5062074382774817,0.027604448988797214,,
BAJAJFINSV,2021,Financial Services,-0.00027493819697359864,0.45904333871453207,-0.047164099562949646,,
BAJAJFINSV,2022,Financial Services,0.11465280574815855,0.48342169765859,0.024378358944057932,,
BAJAJFINSV,2023,Financial Services,0.11321334436273799,0.5235924219751227,0.04017072431653268,,
BAJAJFINSV,2024,Financial Services,0.12603485640542245,0.5376339416116933,0.014041519636570632,0.3861573363052836,
BAJAJFINSV,2025,Financial Services,0.09820060532377332,0.5461921991235561,0.008558257511862788,0.3492074405045223,0.026127521884854673
BAJAJFINSV,2026,Financial Services,0.07703911038328361,0.5667988679789658,0.020606668855409738,0.4077515230666391,0.029605780135561824
BAJAJHFL,2020,Financial Services,0.3399633436927246,0.8160172125268946,,,
BAJAJHFL,2021,Financial Services,0.1460432274175493,0.8347055526411854,0.01868834011429077,,
BAJAJHFL,2022,Financial Services,0.2718100903660389,0.8550343437107693,0.02032879106958385,,
BAJAJHFL,2023,Financial Services,0.2411225329112722,0.831275305804083,-0.02375903790668621,,
BAJAJHFL,2024,Financial Services,0.1851240218856616,0.8448219287768881,0.013546622972805067,0.9142825641318817,
BAJAJHFL,2025,Financial Services,0.17255107177161474,0.7982970321105937,-0.046524896666294446,0.909623680523768,0.003294328192056028
BAJAJHFL,2026,Financial Services,0.16209687916471519,0.8156224623378994,0.017325430227305705,0.923941077759858,0.007302738591238158
BAJAJHLDNG,2017,Financial Services,0.18987045990562745,,,,
BAJAJHLDNG,2018,Financial Services,0.04051036770979594,,,,
BAJAJHLDNG,2019,Financial Services,0.0896291192261966,,,,
BAJAJHLDNG,2020,Financial Services,0.03275929130155677,0.005126077302724548,,,
BAJAJHLDNG,2021,Financial Services,0.07426248510923049,0.0029936519542163387,-0.0021324253485082096,,
BAJAJHLDNG,2022,Financial Services,0.04564542227375982,0.002121571713471934,-0.0008720802407444048,,
BAJAJHLDNG,2023,Financial Services,0.05871369723678794,0.0017445631635647826,-0.00037700854990715136,,
BAJAJHLDNG,2024,Financial Services,-0.0029582075680759127,0.0009602357726421968,-0.0007843273909225858,0.7573023034908573,
BAJAJHLDNG,2025,Financial Services,0.052786140386330595,0.00041174193944404076,-0.000548493833198156,0.8574310458766652,0.07080171273268568
BAJAJHLDNG,2026,Financial Services,-0.02434491200049397,0.00011292748541128317,-0.0002988144540327576,0.8656962442624199,0.06033700488659288
BAJFINANCE,2017,Financial Services,0.19261308280759093,0.7727780618733476,,,
BAJFINANCE,2018,Financial Services,0.27196262376579144,0.7848888898323043,0.012110827958956683,,
BAJFINANCE,2019,Financial Services,0.26608590617705463,0.8177235572234676,0.03283466739116325,,
BAJFINANCE,2020,Financial Services,0.18051734299776392,0.7896194277635296,-0.02810412945993801,,
BAJFINANCE,2021,Financial Services,0.030483920256790677,0.7676750039656991,-0.02194442379783046,,
BAJFINANCE,2022,Financial Services,0.20732112357071844,0.7775423641078983,0.009867360142199244,,
BAJFINANCE,2023,Financial Services,0.19481960136732568,0.7873174988248761,0.009775134716977774,,
BAJFINANCE,2024,Financial Services,0.2049458348532164,0.780711569828224,-0.006605928996652133,0.6844399618300082,
BAJFINANCE,2025,Financial Services,0.15396987553795177,0.7750007653496367,-0.005710804478587295,0.6317865333174071,0.037231596353981405
BAJFINANCE,2026,Financial Services,0.12818152958583834,0.777052694268491,0.0020519289188543066,0.7067663265768633,0.038498527015484646
BALKRISIND,2017,Automobile and Auto Components,-0.022456072467473245,0.2402575193294962,,,
BALKRISIND,2018,Automobile and Auto Components,-0.0024071953877115807,0.1475738362528729,-0.09268368307662331,,
BALKRISIND,2019,Automobile and Auto Components,-0.007217152003160975,0.1344557270323707,-0.013118109220502217,,
BALKRISIND,2020,Automobile and Auto Components,-0.03136629764851941,0.13693095418249135,0.0024752271501206624,,
BALKRISIND,2021,Automobile and Auto Components,-0.019775938010087566,0.12258877436940473,-0.014342179813086622,,
BALKRISIND,2022,Automobile and Auto Components,0.048031784373411754,0.23031192332985398,0.10772314896044925,,
BALKRISIND,2023,Automobile and Auto Components,-0.0316278549943876,0.2710254412576958,0.04071351792784181,,
BALKRISIND,2024,Automobile and Auto Components,-0.11929593541324733,0.22649208522902486,-0.04453335602867092,0.2346142880019373,
BALKRISIND,2025,Automobile and Auto Components,-0.0883927120896777,0.20898759550895254,-0.01750448972007232,0.2349613963804311,0.0002454426882396261
BALKRISIND,2026,Automobile and Auto Components,-0.10123356864722842,0.2313824907099605,0.02239489520100796,0.2154390250255407,0.011172392893188653
BALRAMCHIN,2017,Fast Moving Consumer Goods,0.06141542250880822,0.44252872136243665,,,
BALRAMCHIN,2018,Fast Moving Consumer Goods,-0.2562904939142563,0.26754837645926755,-0.1749803449031691,,
BALRAMCHIN,2019,Fast Moving Consumer Goods,0.233637527269016,0.3686919802514915,0.10114360379222398,,
BALRAMCHIN,2020,Fast Moving Consumer Goods,-0.06869211265789348,0.30834908888209445,-0.06034289136939708,,
BALRAMCHIN,2021,Fast Moving Consumer Goods,-0.03656075944176973,0.2676734434918093,-0.04067564539028512,,
BALRAMCHIN,2022,Fast Moving Consumer Goods,-0.05120390735612328,0.2695234236560672,0.0018499801642578584,,
BALRAMCHIN,2023,Fast Moving Consumer Goods,-0.031085248184621505,0.3462408494239788,0.07671742576791163,,
BALRAMCHIN,2024,Fast Moving Consumer Goods,-0.01763330092239771,0.3299920505610596,-0.01624879886291919,0.10382082791595017,
BALRAMCHIN,2025,Fast Moving Consumer Goods,-0.043726355744265415,0.3684863889040848,0.03849433834302518,0.13880560063818667,0.024737970030163578
BALRAMCHIN,2026,Fast Moving Consumer Goods,-0.06605966449132442,0.377101092746665,0.008614703842580174,0.06959964320407627,0.03460368080104253
BANDHANBNK,2017,Financial Services,-0.2570848280978129,0.8022730452250936,,,
BANDHANBNK,2018,Financial Services,0.0890172570292164,0.7707956161648168,-0.03147742906027673,,
BANDHANBNK,2019,Financial Services,-0.013179969210713143,0.7751885972271216,0.0043929810623047905,,
BANDHANBNK,2020,Financial Services,-0.038806752887661944,0.8009424560990341,0.025753858871912505,,
BANDHANBNK,2021,Financial Services,0.027080016046437987,0.8253845676321367,0.024442111533102606,,
BANDHANBNK,2022,Financial Services,-0.005590979655718361,0.8371479551517593,0.011763387519622581,,
BANDHANBNK,2023,Financial Services,0.04126749343585596,0.8509226972303382,0.013774742078578872,,
BANDHANBNK,2024,Financial Services,-0.08086929687903273,0.8522947322916352,0.0013720350612970167,0.4011787403285068,
BANDHANBNK,2025,Financial Services,-0.013300550162111454,0.8478908276319747,-0.0044039046596605624,0.4312661565314735,0.021275016025499763
BANDHANBNK,2026,Financial Services,-0.0030357553838216093,0.8556464022305782,0.007755574598603543,0.49402989050803203,0.04737417546531638
BANKBARODA,2017,Financial Services,-0.022315763298977494,0.9016749242251095,,,
BANKBARODA,2018,Financial Services,0.07729995060818395,0.8990569954276967,-0.0026179287974128496,,
BANKBARODA,2019,Financial Services,0.0031099973830916,0.8960394646866816,-0.003017530741015073,,
BANKBARODA,2020,Financial Services,-0.014669806758008974,0.8908653555232728,-0.005174109163408769,,
BANKBARODA,2021,Financial Services,0.00202443365838141,0.8873386854262145,-0.0035266700970583154,,
BANKBARODA,2022,Financial Services,0.0012232775995600392,0.8844951687198395,-0.00284351670637506,,
BANKBARODA,2023,Financial Services,0.02370826484894357,0.8798858493160534,-0.004609319403786061,,
BANKBARODA,2024,Financial Services,0.006942140379874617,0.8834672654429535,0.0035814161269001055,0.6728740454359002,
BANKBARODA,2025,Financial Services,-0.015817596051714,0.8768560980794448,-0.006611167363508752,0.6312586607555274,0.029426520709178405
BANKBARODA,2026,Financial Services,-0.015057367436305326,0.8785177174341602,0.0016616193547154268,0.6545642657225559,0.020857610514013785
BANKINDIA,2017,Financial Services,0.008154713796046256,0.920600827947135,,,
BANKINDIA,2018,Financial Services,0.0022833650333259547,0.9210171471255046,0.0004163191783695952,,
BANKINDIA,2019,Financial Services,0.006009896984856242,0.89845806585752,-0.02255908126798467,,
BANKINDIA,2020,Financial Services,0.0026787240722204544,0.9006386938859726,0.002180628028452647,,
BANKINDIA,2021,Financial Services,-0.048834500494987464,0.9028041656459052,0.0021654717599325357,,
BANKINDIA,2022,Financial Services,0.05245304978991184,0.8838307024418284,-0.01897346320407678,,
BANKINDIA,2023,Financial Services,0.013174974569805242,0.8924666396097263,0.0086359371678979,,
BANKINDIA,2024,Financial Services,0.0076531325154754175,0.8888771788775992,-0.00358946073212707,0.7551364011071501,
BANKINDIA,2025,Financial Services,-0.014882419480796081,0.8932725370944459,0.004395358216846668,0.7269842319609191,0.01990658970841062
BANKINDIA,2026,Financial Services,-0.001229532094655286,0.889839221307418,-0.0034333157870278797,0.731820828087914,0.015052979964938217
BATAINDIA,2017,Consumer Durables,-0.05072979985752393,,,,
BATAINDIA,2018,Consumer Durables,0.028131129167834116,,,,
BATAINDIA,2019,Consumer Durables,-0.006410463687512131,,,,
BATAINDIA,2020,Consumer Durables,-0.0677194129340971,0.3346613225593844,,,
BATAINDIA,2021,Consumer Durables,-0.16515176521778271,0.30976608801332356,-0.02489523454606085,,
BATAINDIA,2022,Consumer Durables,-0.03078450562387416,0.3104009758449995,0.0006348878316759232,,
BATAINDIA,2023,Consumer Durables,-0.09347548339375121,0.3809839653264704,0.0705829894814709,,
BATAINDIA,2024,Consumer Durables,-0.11774276366068016,0.4051902225831104,0.024206257256639996,0.21714428759564208,
BATAINDIA,2025,Consumer Durables,-0.1757118380266032,0.3783695410492172,-0.026820681533893165,0.22446754456535548,0.005178324663655997
BATAINDIA,2026,Consumer Durables,-0.14050735089785493,0.36696793658775423,-0.011401604461462989,0.20835589151642064,0.008066921782387845
BAYERCROP,2005,Chemicals,0.02304120239628505,0.14232373480166843,,0.12888729103001978,
BAYERCROP,2006,Chemicals,-0.022387569755990808,0.12248604880183828,-0.019837685999830157,0.07239203068927114,0.03994818169184279
BBTC,2017,Fast Moving Consumer Goods,0.0015125502435909413,0.13715908429829438,,,
BBTC,2018,Fast Moving Consumer Goods,-0.11230243701029344,0.12285153249347057,-0.014307551804823807,,
BBTC,2019,Fast Moving Consumer Goods,-0.05125936769081449,0.10145693116305218,-0.021394601330418386,,
BBTC,2020,Fast Moving Consumer Goods,-0.0715960265719032,0.18051223116072893,0.07905529999767674,,
BBTC,2021,Fast Moving Consumer Goods,-0.10650255723066937,0.215012727769085,0.03450049660835608,,
BBTC,2022,Fast Moving Consumer Goods,-0.09074469187221414,0.38556920990824295,0.17055648213915794,,
BBTC,2023,Fast Moving Consumer Goods,-0.264758958330011,0.4172803674230947,0.03171115751485176,,
BBTC,2024,Fast Moving Consumer Goods,-0.13401913851496006,0.18145488310864022,-0.2358254843144545,0.1864432827951871,
BBTC,2025,Fast Moving Consumer Goods,-0.15115472841988753,0.12377345972011063,-0.05768142338852959,0.1861193196062291,0.00022907656776701964
BBTC,2026,Fast Moving Consumer Goods,-0.14656219150187638,0.10941205202202785,-0.014361407698082779,0.15997240940202684,0.015190309430528043
BDL,2017,Capital Goods,0.11228169925466695,0.000425836626232012,,,
BDL,2018,Capital Goods,0.1306357461101447,0.0005542987444908112,0.00012846211825879916,,
BDL,2019,Capital Goods,0.06138746867893922,0.0009758411424764278,0.0004215423979856166,,
BDL,2020,Capital Goods,0.005335837768270192,0.0025235660370795505,0.0015477248946031228,,
BDL,2021,Capital Goods,-0.13437439881122173,0.0018723920845412389,-0.0006511739525383116,,
BDL,2022,Capital Goods,-0.004481899095482226,0.0015236045681010551,-0.00034878751644018373,,
BDL,2023,Capital Goods,-0.2030803319037639,0.0010587570169778026,-0.0004648475511232525,,
BDL,2024,Capital Goods,-0.025377706674032812,0.0007749796663750902,-0.0002837773506027125,0.1524623260509049,
BDL,2025,Capital Goods,-0.00799654642644015,0.0005586663111517413,-0.00021631335522334888,0.04585002558989111,0.07538628061388054
BDL,2026,Capital Goods,-0.03402236791361357,2.2438032465028222e-05,-0.0005362282786867131,0.14518383894869286,0.059562803634046375
BEL,2017,Capital Goods,0.0900313870056433,0.003612573893556914,,,
BEL,2018,Capital Goods,0.1116985824054603,0.0042373864458472976,0.0006248125522903838,,
BEL,2019,Capital Goods,0.017891912713286565,0.0016152287784490153,-0.0026221576673982824,,
BEL,2020,Capital Goods,-0.03065889352670908,0.00034208715050027677,-0.0012731416279487386,,
BEL,2021,Capital Goods,-0.10152989273898577,8.544803081283117e-05,-0.00025663911968744563,,
BEL,2022,Capital Goods,-0.05332456164665516,0.0015540157595480557,0.0014685677287352246,,
BEL,2023,Capital Goods,0.05030038047347999,0.0017283746769159419,0.0001743589173678862,,
BEL,2024,Capital Goods,-0.08472065919652833,0.0015815514840422946,-0.0001468231928736473,0.28930509176545616,
BEL,2025,Capital Goods,0.024858923411156836,0.001499868825778833,-8.168265826346156e-05,0.2973559691634574,0.005692830002628195
BEL,2026,Capital Goods,-0.010937811256448025,0.0014701129804059047,-2.975584537292836e-05,0.250298360549344,0.025168632049712023
BELRISE,2022,Automobile and Auto Components,-0.042744790409526105,0.49602341298575914,,,
BELRISE,2023,Automobile and Auto Components,-0.08378542563587861,0.4143648257221591,-0.08165858726360004,,
BELRISE,2024,Automobile and Auto Components,-0.07973775506150607,0.4144823956250579,0.00011756990289879532,0.12083017962303161,
BELRISE,2025,Automobile and Auto Components,-0.08060629798117498,0.4101714900996334,-0.004310905525424513,0.12259668791550596,0.0012491099926308822
BELRISE,2026,Automobile and Auto Components,-0.08818111322032471,0.17788156200327723,-0.23228992809635615,0.11515941676124204,0.003885681090106739
BEML,2017,Capital Goods,-0.026038371230195846,0.09197197517032041,,,
BEML,2018,Capital Goods,-1.4756569308448475e-05,0.09400145457611755,0.0020294794057971466,,
BEML,2019,Capital Goods,-0.03807329167633376,0.07935933684363683,-0.014642117732480725,,
BEML,2020,Capital Goods,-0.008132159699425772,0.06606048281672139,-0.013298854026915441,,
BEML,2021,Capital Goods,0.06330513420400925,0.1272195475930905,0.06115906477636912,,
BEML,2022,Capital Goods,0.013394139676827241,0.14309503370898624,0.01587548611589573,,
BEML,2023,Capital Goods,-0.07872877871115551,0.07469893673265583,-0.06839609697633041,,
BEML,2024,Capital Goods,-0.07749898500671594,0.012680709046585957,-0.06201822768606988,0.06892220560192745,
BEML,2025,Capital Goods,-0.02007296552751098,0.03782791055518328,0.025147201508597325,0.0033048085888098076,0.0463985063917854
BEML,2026,Capital Goods,-0.020355820413563448,0.04328344821206829,0.005455537656885008,0.002415753641931627,0.03814346025594886
BERGEPAINT,2017,Consumer Durables,0.023014504720066758,0.11809906470866997,,,
BERGEPAINT,2018,Consumer Durables,0.009874069471041053,0.1070777269095659,-0.011021337799104067,,
BERGEPAINT,2019,Consumer Durables,-0.02557569453131344,0.16523908907162468,0.05816136216205878,,
BERGEPAINT,2020,Consumer Durables,-0.013640167364016745,0.1565261761404225,-0.008712912931202188,,
BERGEPAINT,2021,Consumer Durables,-0.012844647528406592,0.10709674802793005,-0.04942942811249244,,
BERGEPAINT,2022,Consumer Durables,0.036929954835963175,0.1405437711208086,0.033447023092878544,,
BERGEPAINT,2023,Consumer Durables,-0.014579967639124787,0.14924790463960555,0.008704133518796953,,
BERGEPAINT,2024,Consumer Durables,-0.15486985826621097,0.09002246707617295,-0.0592254375634326,0.15856150800319996,
BERGEPAINT,2025,Consumer Durables,-0.10935996545685284,0.07345569556440565,-0.016566771511767303,0.15783335623347422,0.0005148810541060546
BERGEPAINT,2026,Consumer Durables,-0.11316892931450938,0.06328870483008218,-0.010166990734323464,0.16949843041506804,0.006534784267097931
BHARATFORG,2017,Automobile and Auto Components,-0.03925576365779336,0.35337200279614606,,,
BHARATFORG,2018,Automobile and Auto Components,-0.020539713755052983,0.32645535579150364,-0.026916647004642413,,
BHARATFORG,2019,Automobile and Auto Components,0.010424700754085027,0.34800622200035064,0.021550866208846997,,
BHARATFORG,2020,Automobile and Auto Components,-0.10207952678964888,0.38923415098907727,0.041227928988726625,,
BHARATFORG,2021,Automobile and Auto Components,-0.08759322634795691,0.4027164291548522,0.013482278165774908,,
BHARATFORG,2022,Automobile and Auto Components,0.037175078735049376,0.38546898591063805,-0.017247443244214122,,
BHARATFORG,2023,Automobile and Auto Components,-0.042013944872018455,0.4010625917894822,0.015593605878844174,,
BHARATFORG,2024,Automobile and Auto Components,-0.07566950497681656,0.41428016649334465,0.013217574703862423,0.1792061688078146,
BHARATFORG,2025,Automobile and Auto Components,-0.07672738399348172,0.3354414880644455,-0.07883867842889913,0.17175961850640006,0.005265506214576952
BHARATFORG,2026,Automobile and Auto Components,-0.07088495006167253,0.3286482004350127,-0.00679328762943282,0.1504760837424622,0.014910051147361601
BHARTIARTL,2017,Telecommunication,-0.10537128807695173,0.4618050010696348,,,
BHARTIARTL,2018,Telecommunication,-0.11523999983969285,0.44618889792843086,-0.01561610314120393,,
BHARTIARTL,2019,Telecommunication,-0.07174749285013884,0.4577235834662586,0.011534685537827716,,
BHARTIARTL,2020,Telecommunication,-0.140108936083943,0.41278666456135255,-0.04493691890490603,,
BHARTIARTL,2021,Telecommunication,-0.1837553942588797,0.47263971504318464,0.05985305048183209,,
BHARTIARTL,2022,Telecommunication,-0.1405334666640089,0.46975226407447024,-0.0028874509687144,,
BHARTIARTL,2023,Telecommunication,-0.12816961604473667,0.5084169184154113,0.03866465434094102,,
BHARTIARTL,2024,Telecommunication,-0.145054784950518,0.4877441975371205,-0.02067272087829075,0.5450250724030729,
BHARTIARTL,2025,Telecommunication,-0.181585547088101,0.4230490559013714,-0.06469514163574913,0.5702461579501164,0.017834000619200444
BHARTIARTL,2026,Telecommunication,-0.20914541560294458,0.3583085475308904,-0.06474050837048095,0.5688983944064737,0.014188346898182064
BHEL,2017,Capital Goods,-0.0016718608078223956,0.002526673595069639,,,
BHEL,2018,Capital Goods,-0.008569119265762343,0.001716138520983559,-0.0008105350740860802,,
BHEL,2019,Capital Goods,0.07544212785178686,0.040292709718726186,0.038576571197742625,,
BHEL,2020,Capital Goods,0.023643491790898842,0.08425733786844838,0.0439646281497222,,
BHEL,2021,Capital Goods,-0.0582036403678145,0.0884723711140136,0.004215033245565214,,
BHEL,2022,Capital Goods,-0.0037588496677711724,0.08474923338557566,-0.0037231377284379363,,
BHEL,2023,Capital Goods,0.024188828313633805,0.0945742225496373,0.009824989164061632,,
BHEL,2024,Capital Goods,0.06435827062990682,0.1481407759390125,0.053566553389375215,0.04180792047370584,
BHEL,2025,Capital Goods,-0.026174255380801013,0.13093300624047283,-0.017207769698539682,0.06435661092162254,0.015944331922598226
BHEL,2026,Capital Goods,-0.07102128959617646,0.10647919520121465,-0.024453811039258172,0.06545574533758047,0.013347104293770994
BIKAJI,2020,Fast Moving Consumer Goods,0.0025271931898794052,0.07973220619531805,,,
BIKAJI,2021,Fast Moving Consumer Goods,-0.03301719390564768,0.10699381998409106,0.02726161378877301,,
BIKAJI,2022,Fast Moving Consumer Goods,0.018582368526113315,0.14494791855696296,0.037954098572871894,,
BIKAJI,2023,Fast Moving Consumer Goods,-0.02672509421048077,0.13335798409239313,-0.011589934464569823,,
BIKAJI,2024,Fast Moving Consumer Goods,-0.1412649854231217,0.10873828293524729,-0.024619701157145846,0.07759235686609128,
BIKAJI,2025,Fast Moving Consumer Goods,-0.06774578469520103,0.11981841763942931,0.011080134704182024,0.12450475310439109,0.03317207350181208
BIKAJI,2026,Fast Moving Consumer Goods,-0.10935594922183176,0.1341802338090798,0.014361816169650501,0.13484324353771143,0.03051043900576161
BIOCON,2017,Healthcare,-0.0029699176087373035,0.24509803921568626,,,
BIOCON,2018,Healthcare,-0.028999869865961942,0.22663343243540846,-0.01846460678027781,,
BIOCON,2019,Healthcare,-0.02044716380696171,0.1986565401397592,-0.02797689229564926,,
BIOCON,2020,Healthcare,-0.03710975440543915,0.18837935340641046,-0.010277186733348737,,
BIOCON,2021,Healthcare,-0.02267171444023797,0.24235262303948082,0.053973269633070364,,
BIOCON,2022,Healthcare,-0.025966364659787525,0.25300736909894456,0.010654746059463732,,
BIOCON,2023,Healthcare,-0.026860294771345408,0.34824455276005084,0.09523718366110628,,
BIOCON,2024,Healthcare,-0.052531325443829435,0.29194093992474,-0.05630361283531082,0.19673418119013972,
BIOCON,2025,Healthcare,-0.06691880368161039,0.31366801276400935,0.021727072839269335,0.1997364006709801,0.0021228897535125997
BIOCON,2026,Healthcare,-0.029221449985727555,0.24340589412527264,-0.07026211863873671,0.19538745387453876,0.0022263697847991894
BLS,2017,Consumer Services,0.007405163418492699,0.3211484735265408,,,
BLS,2018,Consumer Services,0.08693430967687003,0.22955425944058924,-0.09159421408595156,,
BLS,2019,Consumer Services,-0.05926035005048802,0.07890861662739818,-0.15064564281319107,,
BLS,2020,Consumer Services,-0.1351760293240133,0.001875372943483079,-0.07703324368391509,,
BLS,2021,Consumer Services,0.010319213009435857,0.001465569162818711,-0.0004098037806643678,,
BLS,2022,Consumer Services,-0.11693745756556616,0.017621145374449337,0.016155576211630628,,
BLS,2023,Consumer Services,-0.06322325414119188,0.006907275381328144,-0.010713869993121194,,
BLS,2024,Consumer Services,-0.14178421182875525,0.01893095768374165,0.012023682302413505,0.3082382762991128,
BLS,2025,Consumer Services,-0.23756472618860822,0.12804730182731125,0.1091163441435696,0.268812970154523,0.02787790132519513
BLS,2026,Consumer Services,-0.18908251770510065,0.11420917217049946,-0.01383812965681179,0.2834267234119008,0.019931255628355318
BLUEDART,2017,Services,-0.06096740484131869,0.3512747469831226,,,
BLUEDART,2018,Services,-0.11446540880503144,0.2779341785631094,-0.07334056842001319,,
BLUEDART,2019,Services,-0.08478628137318772,0.3161776884599671,0.03824350989685765,,
BLUEDART,2020,Services,-0.15373051246028652,0.20069751854558673,-0.11548016991438034,,
BLUEDART,2021,Services,-0.22377417228371346,0.5253448745957625,0.3246473560501758,,
BLUEDART,2022,Services,-0.1688301587974943,0.3768223532572576,-0.1485225213385049,,
BLUEDART,2023,Services,-0.1074172210087371,0.3475414515488483,-0.0292809017084093,,
BLUEDART,2024,Services,-0.22124880811349648,0.3100205148949695,-0.03752093665387879,0.15825334559334253,
BLUEDART,2025,Services,-0.18204577968526464,0.2749265581146458,-0.03509395678032373,0.17383179883179883,0.011015629925309984
BLUEDART,2026,Services,-0.17489368404473143,0.27670014660091835,0.0017735884862725704,0.157577878049369,0.009195419172131623
BLUEJET,2020,Healthcare,0.05892538426702893,0.21066091265084314,,,
BLUEJET,2021,Healthcare,0.017043971207996098,0.09903778018125536,-0.11162313246958777,,
BLUESTARCO,2017,Consumer Durables,-0.013383996558724319,0.08343584209374458,,,
BLUESTARCO,2018,Consumer Durables,0.03865311999802239,0.11606751086143711,0.03263166876769254,,
BLUESTARCO,2019,Consumer Durables,-0.020397139924081462,0.10371953111944039,-0.012347979741996723,,
BLUESTARCO,2020,Consumer Durables,-0.09134813884382105,0.15124183690677645,0.04752230578733606,,
BLUESTARCO,2021,Consumer Durables,-0.07028131118905746,0.14372085816112357,-0.007520978745652884,,
BLUESTARCO,2022,Consumer Durables,0.018622004155227422,0.12839003487423017,-0.015330823286893391,,
BLUESTARCO,2023,Consumer Durables,0.028864158729925614,0.12152025612970974,-0.006869778744520438,,
BLUESTARCO,2024,Consumer Durables,-0.02369438852141873,0.03674483117464572,-0.08477542495506402,0.07432605722101904,
BLUESTARCO,2025,Consumer Durables,-0.07363795068254007,0.04618965642654511,0.009444825251899387,0.0752193784590351,0.0006316735051791282
BLUESTARCO,2026,Consumer Durables,-0.005989456874976654,0.09455077322475815,0.04836111679821304,0.051733019136036375,0.013309473236463172
BOSCHLTD,2017,Automobile and Auto Components,0.024044170030871528,,,,
BOSCHLTD,2018,Automobile and Auto Components,-0.02569205457406224,,,,
BOSCHLTD,2019,Automobile and Auto Components,0.07913425503102067,,,,
BOSCHLTD,2020,Automobile and Auto Components,-0.05158023634055276,0.00555167414151886,,,
BOSCHLTD,2021,Automobile and Auto Components,-0.023902250699322013,0.00364392487283515,-0.0019077492686837105,,
BOSCHLTD,2022,Automobile and Auto Components,0.06161417450640489,0.004733059348279153,0.0010891344754440035,,
BOSCHLTD,2023,Automobile and Auto Components,0.01303200162438547,0.0032733828442743492,-0.001459676504004804,,
BOSCHLTD,2024,Automobile and Auto Components,-0.04609620428279102,0.0022653255324667837,-0.0010080573118075656,0.1304610699330452,
BOSCHLTD,2025,Automobile and Auto Components,-0.09094367400981174,0.005844544021816996,0.0035792184893502126,0.12534796135582119,0.0036155137478982072
BOSCHLTD,2026,Automobile and Auto Components,-0.06776846543079472,0.005479780624270631,-0.00036476339754636534,0.14055358701792225,0.007737504251016206
BPCL,2017,Oil Gas & Consumable Fuels,-0.002935016747297048,0.32749715683716724,,,
BPCL,2018,Oil Gas & Consumable Fuels,-0.01711372073828274,0.31289957481160485,-0.014597582025562383,,
BPCL,2019,Oil Gas & Consumable Fuels,-0.017197961732791502,0.32746931903637666,0.014569744224771808,,
BPCL,2020,Oil Gas & Consumable Fuels,-0.03198760864213292,0.4340153034621905,0.10654598442581387,,
BPCL,2021,Oil Gas & Consumable Fuels,-0.04528667951065618,0.3387534521793721,-0.09526185128281844,,
BPCL,2022,Oil Gas & Consumable Fuels,-0.046148313460190056,0.34412985366554427,0.005376401486172189,,
BPCL,2023,Oil Gas & Consumable Fuels,-0.05493063370068565,0.3687503850228388,0.02462053135729453,,
BPCL,2024,Oil Gas & Consumable Fuels,-0.15873094133296117,0.2697344970982041,-0.09901588792463473,0.06588337985648854,
BPCL,2025,Oil Gas & Consumable Fuels,-0.07550701700898543,0.27978729220721354,0.010052795109009471,0.0981822730731383,0.022838766418313235
BPCL,2026,Oil Gas & Consumable Fuels,-0.2117389212594216,0.21890953692728501,-0.06087775527992853,-0.026803871017298527,0.06487896576466613
BRIGADE,2017,Realty,-0.03854361057961086,0.4057213048921645,,,
BRIGADE,2018,Realty,0.011584252484717802,0.43403365540978317,0.028312350517618656,,
BRIGADE,2019,Realty,-0.021046569122192323,0.3505110251429185,-0.08352263026686468,,
BRIGADE,2020,Realty,-0.027288718741964837,0.3690837778603117,0.018572752717393226,,
BRIGADE,2021,Realty,-0.06147595871583875,0.3623136157086566,-0.006770162151655101,,
BRIGADE,2022,Realty,-0.06286384059386599,0.3248906532989428,-0.03742296240971382,,
BRIGADE,2023,Realty,-0.04124917050708139,0.28318552166702715,-0.04170513163191564,,
BRIGADE,2024,Realty,-0.005472680829715303,0.30627471357173336,0.023089191904706208,0.28260721067803324,
BRIGADE,2025,Realty,-0.03663695086927767,0.24750586615207607,-0.058768847419657294,0.26069290398765804,0.015495754865766029
BRIGADE,2026,Realty,0.01287846003429982,0.24209650201379776,-0.005409364138278305,0.3233382636367711,0.031790188733879454
BRITANNIA,2017,Fast Moving Consumer Goods,0.10786360981308413,0.030315420560747663,,,
BRITANNIA,2018,Fast Moving Consumer Goods,-0.04713642461718761,0.03868602445681506,0.008370603896067395,,
BRITANNIA,2019,Fast Moving Consumer Goods,0.0005354323135004157,0.025011422021657757,-0.0136746024351573,,
BRITANNIA,2020,Fast Moving Consumer Goods,-0.010460384645841245,0.19638318470816932,0.17137176268651155,,
BRITANNIA,2021,Fast Moving Consumer Goods,0.0016037319580154915,0.2633645371489571,0.06698135244078776,,
BRITANNIA,2022,Fast Moving Consumer Goods,0.02993383466638322,0.3296574814657348,0.06629294431677774,,
BRITANNIA,2023,Fast Moving Consumer Goods,-0.02186325307325003,0.32054519107888585,-0.009112290386848965,,
BRITANNIA,2024,Fast Moving Consumer Goods,-0.21951055503499972,0.22763159345202005,-0.0929135976268658,0.18352527212195247,
BRITANNIA,2025,Fast Moving Consumer Goods,-0.2049011231504795,0.14105977876481737,-0.08657181468720268,0.19665299749286697,0.009282703631328328
BRITANNIA,2026,Fast Moving Consumer Goods,-0.20762420968683457,0.14185350533178764,0.0007937265669702709,0.16766500599003595,0.014515445030251824
BSE,2017,Financial Services,-0.11512422318305386,0.0006714245197288834,,,
BSE,2018,Financial Services,0.1855672578270056,,,,
BSE,2019,Financial Services,0.11379077595317814,,,,
BSE,2020,Financial Services,-0.06131682369737497,,,,
BSE,2021,Financial Services,0.04598364411248563,,,,
BSE,2022,Financial Services,-0.1919714165615805,3.2334206356904973e-06,,,
BSE,2023,Financial Services,0.05969158181523938,3.3367757736731727e-06,1.0335513798267546e-07,,
BSE,2024,Financial Services,-0.2564794719281965,2.1163506073397155e-06,-1.2204251663334572e-06,0.30670485613852366,
BSE,2025,Financial Services,0.018144106598076703,1.9339273713575687e-06,-1.8242323598214682e-07,0.588489671248292,0.19925195359951473
BSE,2026,Financial Services,-0.16582454146691913,1.487415719306805e-06,-4.4651165205076375e-07,0.6679480466405282,0.1898301688924811
BSOFT,2017,Information Technology,0.029852753311369593,0.15311994494563777,,,
BSOFT,2018,Information Technology,-0.05655958753983908,0.11343752172624384,-0.03968242321939393,,
BSOFT,2019,Information Technology,0.14455993401612763,0.015262774365585886,-0.09817474736065795,,
BSOFT,2020,Information Technology,-0.03183829302690776,0.053968064956667026,0.03870529059108114,,
BSOFT,2021,Information Technology,-0.07915002471246713,0.042782623796102114,-0.011185441160564913,,
BSOFT,2022,Information Technology,0.05407378507628556,0.03630436196184835,-0.006478261834253762,,
BSOFT,2023,Information Technology,-0.07195477021159107,0.03194887176526694,-0.004355490196581414,,
BSOFT,2024,Information Technology,-0.1531695388024913,0.023736196553437013,-0.008212675211829924,0.11992368092757025,
BSOFT,2025,Information Technology,-0.10479361956261106,0.033838369125065264,0.010102172571628251,0.1816657143069171,0.04365821048678233
BSOFT,2026,Information Technology,-0.060752792304215895,0.026724848374368147,-0.007113520750697117,0.16149050311729735,0.03148258391374118
CAMS,2018,Financial Services,-0.02292756322992047,0.1610518019631726,,,
CAMS,2019,Financial Services,-0.07652922642329424,0.14772109952194695,-0.01333070244122564,,
CAMS,2020,Financial Services,-0.03376834217920702,,,,
CAMS,2021,Financial Services,-0.069759707325185,0.09401465749682264,,,
CAMS,2022,Financial Services,-0.03605806916878312,0.08564052717942286,-0.00837413031739978,,
CAMS,2023,Financial Services,-0.030312428734321568,0.08506271379703535,-0.000577813382387507,,
CAMS,2024,Financial Services,-0.1952627557517616,0.06813679712482668,-0.016925916672208677,0.46743657705414615,
CAMS,2025,Financial Services,-0.22044027915251901,0.055454625186373147,-0.01268217193845353,0.45842518070436256,0.006372019466891663
CAMS,2026,Financial Services,-0.25221121528392004,0.035512117459755875,-0.01994250772661727,0.4619902285902337,0.0045383099312374005
CANBK,2017,Financial Services,-0.002041519981045317,0.8971739490529996,,,
CANBK,2018,Financial Services,0.011353163293154883,0.8928172501934363,-0.004356698859563357,,
CANBK,2019,Financial Services,-0.02477563345481749,0.8993834228730531,0.0065661726796167885,,
CANBK,2020,Financial Services,0.0044544518737834405,0.9011785804404716,0.0017951575674185483,,
CANBK,2021,Financial Services,-0.04766864970027289,0.8995016530178385,-0.0016769274226331454,,
CANBK,2022,Financial Services,0.004135586689982732,0.8997744140945015,0.00027276107666307503,,
CANBK,2023,Financial Services,0.0370974101379843,0.8958241632423856,-0.003950250852115977,,
CANBK,2024,Financial Services,-0.007056817926861089,0.8923545855798766,-0.0034695776625089936,0.6503513900320415,
CANBK,2025,Financial Services,-0.031985012554318196,0.8924304272755562,7.584169567964594e-05,0.8706510598231091,0.15577539040242108
CANBK,2026,Financial Services,-0.0014630388719832162,0.9132613511405038,0.02083092386494756,0.6846991670398784,0.11852553924864999
CANFINHOME,2017,Financial Services,0.1936798689242158,0.8873888890549927,,,
CANFINHOME,2018,Financial Services,0.14650215232114372,0.8850245366517626,-0.0023643524032300745,,
CANFINHOME,2019,Financial Services,0.1405094319172599,0.9012573220093019,0.016232785357539248,,
CANFINHOME,2020,Financial Services,0.1054117217697749,0.8909339570548356,-0.010323364954466285,,
CANFINHOME,2021,Financial Services,0.059224218460487435,0.8740204423899167,-0.01691351466491886,,
CANFINHOME,2022,Financial Services,0.15700562009851723,0.8820273150028539,0.0080068726129372,,
CANFINHOME,2023,Financial Services,0.14106957592705763,0.878973066319852,-0.00305424868300197,,
CANFINHOME,2024,Financial Services,0.07600006010674411,0.8705352642169525,-0.008437802102899461,0.9207999107604629,
CANFINHOME,2025,Financial Services,0.0622066622879669,0.8710194003057192,0.0004841360887667401,0.9205100480966407,0.00020496385520143032
CANFINHOME,2026,Financial Services,0.07161050231788064,0.8620319118110293,-0.008987488494689888,0.9128586416092688,0.004503550401823387
CANHLIFE,2021,Financial Services,-0.09939524992927094,,,,
CANHLIFE,2022,Financial Services,-0.0730234668812546,,,,
CANHLIFE,2023,Financial Services,-0.0798886360761879,,,,
CANHLIFE,2024,Financial Services,-0.058857836077317566,,,-0.014942991104106355,
CANHLIFE,2025,Financial Services,-0.027500636151882307,,,-0.016705336426914155,0.0012461663285497904
CANHLIFE,2026,Financial Services,-0.07294221592965139,0.00520219149599837,,-0.00011262141277816341,0.009113761734858465
CAPLIPOINT,2017,Healthcare,0.0781293598973157,0.002036944025894302,,,
CAPLIPOINT,2018,Healthcare,0.15645918673194126,0.0010590468578279548,-0.0009778971680663472,,
CAPLIPOINT,2019,Healthcare,0.12545116629855088,0.049103054463179446,0.04804400760535149,,
CAPLIPOINT,2020,Healthcare,0.15130357539418166,0.10054630246502332,0.05144324800184387,,
CAPLIPOINT,2021,Healthcare,-0.019316373449886702,0.17230733127507133,0.07176102881004802,,
CAPLIPOINT,2022,Healthcare,-0.021246083671212706,0.12595604496866936,-0.04635128630640198,,
CAPLIPOINT,2023,Healthcare,0.04786437893584009,0.10132791822579174,-0.02462812674287762,,
CAPLIPOINT,2024,Healthcare,-0.06650186055475664,0.08099713874846189,-0.02033077947732985,0.3291950665368387,
CAPLIPOINT,2025,Healthcare,-0.08369780382499183,0.06908677151363063,-0.011910367234831257,0.3494482008954069,0.014321128645225839
CAPLIPOINT,2026,Healthcare,-0.08577811571983723,0.05478871878955099,-0.014298052724079642,0.34974441313323285,0.011779592795556714
CARBORUNIV,2017,Capital Goods,-0.06292500117602169,0.08151137082316291,,,
CARBORUNIV,2018,Capital Goods,0.0012550537469581734,0.06196708118569048,-0.019544289637472435,,
CARBORUNIV,2019,Capital Goods,0.02063521353057927,0.04354322593421035,-0.018423855251480124,,
CARBORUNIV,2020,Capital Goods,-0.05890007053638319,0.030816951513903554,-0.012726274420306799,,
CARBORUNIV,2021,Capital Goods,-0.062134639361519445,0.023039651194911265,-0.007777300318992288,,
CARBORUNIV,2022,Capital Goods,0.026951585449845418,0.07281448825969156,0.049774837064780295,,
CARBORUNIV,2023,Capital Goods,-0.004178816139837963,0.07160806940243962,-0.0012064188572519369,,
CARBORUNIV,2024,Capital Goods,-0.1385288898231754,0.042016005631792246,-0.029592063770647374,0.1409773388028197,
CARBORUNIV,2025,Capital Goods,-0.04985218146962624,0.04724079354751373,0.005224787915721486,0.12170181119563703,0.01362985628198739
CARBORUNIV,2026,Capital Goods,-0.055198999831155116,0.07826245325937042,0.03102165971185669,0.09469869552722149,0.02324660205910807
CARTRADE,2017,Consumer Services,0.010247030916801781,0.027873840919437412,-0.002204880734892275,,
CARTRADE,2019,Consumer Services,-0.012996040104473841,0.04802426489173477,0.02015042397229736,,
CARTRADE,2020,Consumer Services,0.003216683136266057,0.05250281119024092,0.004478546298506143,,
CARTRADE,2021,Consumer Services,0.029778364554961845,0.048521737322494124,-0.003981073867746793,,
CARTRADE,2022,Consumer Services,-0.08578973036383526,0.03388356041001217,-0.014638176912481954,,
CARTRADE,2023,Consumer Services,-0.0060767412940638515,0.036934792548940845,0.003051232138928675,,
CARTRADE,2024,Consumer Services,0.010692884567081704,0.04484472990698546,0.007909937358044614,0.2841902167744864,
CARTRADE,2025,Consumer Services,-0.04256939336026882,0.04856518669392251,0.003720456786937054,0.37325320742118573,0.06297704463903514
CARTRADE,2026,Consumer Services,-0.06837365412734282,0.0466668882094909,-0.0018982984844316125,0.3130841121495327,0.04543749097879311
CCL,2017,Fast Moving Consumer Goods,0.03864745690773185,0.16741729349902146,,,
CCL,2018,Fast Moving Consumer Goods,0.002628909179127511,0.2743240262890918,0.10690673279007035,,
CCL,2019,Fast Moving Consumer Goods,-0.004698897728631627,0.2928932688993465,0.01856924261025472,,
CCL,2020,Fast Moving Consumer Goods,0.04987511345793279,0.31068591531566153,0.017792646416315006,,
CCL,2021,Fast Moving Consumer Goods,0.006347235736894493,0.3127034191188806,0.0020175038032190784,,
CCL,2022,Fast Moving Consumer Goods,0.04255699468097955,0.31645997690743166,0.0037565577885510515,,
CCL,2023,Fast Moving Consumer Goods,0.042619390513450435,0.3541090668248015,0.037649089917369816,,
CCL,2024,Fast Moving Consumer Goods,0.0021663447316249557,0.4588182391520146,0.10470917232721311,0.16409330045753617,
CCL,2025,Fast Moving Consumer Goods,-0.04466420497149245,0.4279152460044613,-0.030902993147553293,0.17606800182759672,0.00846739254145366
CCL,2026,Fast Moving Consumer Goods,-0.17137276656727457,0.30611839215958203,-0.12179685384487926,0.16123953517430964,0.007867876381014192
CDSL,2017,Financial Services,0.07096455070074197,,,,
CDSL,2018,Financial Services,0.03459165049106239,,,,
CDSL,2019,Financial Services,0.03548144273338522,,,,
CDSL,2020,Financial Services,0.02781997611123351,,,,
CDSL,2021,Financial Services,0.007177254192881789,0.00025830734884407466,,,
CDSL,2022,Financial Services,0.020949478337620786,0.0002187738105117044,-3.953353833237026e-05,,
CDSL,2023,Financial Services,0.018607875572272812,0.0016267305461559053,0.0014079567356442009,,
CDSL,2024,Financial Services,-0.14361657338849562,0.0007634401962490387,-0.0008632903499068666,0.5776435479811599,
CDSL,2025,Financial Services,-0.1896943263756238,0.0013782832510834324,0.0006148430548343937,0.5250361414114864,0.0371990539260539
CDSL,2026,Financial Services,-0.14433428699002795,0.0009095569630719873,-0.000468726288011445,0.4710342943025004,0.05330614674858491
CEATLTD,2017,Automobile and Auto Components,0.005387497101856023,0.18792175621423082,,,
CEATLTD,2018,Automobile and Auto Components,-0.08440980561320058,0.16937339209239785,-0.018548364121832972,,
CEATLTD,2019,Automobile and Auto Components,-0.048276712786505374,0.23390737204360176,0.06453397995120391,,
CEATLTD,2020,Automobile and Auto Components,-0.098442472493456,0.27629278041468897,0.0423854083710872,,
CEATLTD,2021,Automobile and Auto Components,-0.11380802319390841,0.18842960370925482,-0.08786317670543414,,
CEATLTD,2022,Automobile and Auto Components,-0.059794487496096956,0.24333863927664487,0.05490903556739005,,
CEATLTD,2023,Automobile and Auto Components,-0.10588621480570423,0.23845174184755508,-0.004886897429089793,,
CEATLTD,2024,Automobile and Auto Components,-0.16230426734704087,0.17924858672269747,-0.059203155124857604,0.10330616079275129,
CEATLTD,2025,Automobile and Auto Components,-0.08349602537906728,0.19053743225128633,0.011288845528588859,0.13551677271141796,0.022776342113857432
CEATLTD,2026,Automobile and Auto Components,-0.12814841349307737,0.23536422907387589,0.044826796822589554,0.08452987494210283,0.025786741343368703
CEMPRO,2016,Construction,-0.14629114671118743,0.18939583255794168,,,
CEMPRO,2017,Construction,0.001935021800407942,0.20464321464920399,0.015247382091262307,,
CEMPRO,2019,Construction,0.0831594347976745,0.2049397451199322,0.00029653047072822347,,
CEMPRO,2020,Construction,-0.1292015630150445,0.17242769775308586,-0.03251204736684635,,
CEMPRO,2021,Construction,-0.054978651956408026,0.14334670914347827,-0.02908098860960759,,
CEMPRO,2022,Construction,-0.07462905304140559,0.15497923360671603,0.011632524463237759,,
CEMPRO,2023,Construction,-0.06913543824117468,0.1527310710790128,-0.00224816252770324,,
CEMPRO,2024,Construction,-0.10432210908783643,0.1502589885504246,-0.0024720825285881876,0.09123782174380296,
CEMPRO,2025,Construction,-0.012542018924964924,0.16961888600075536,0.01935989745033076,0.09579007376440307,0.003218928273436502
CEMPRO,2026,Construction,-0.0506530067946574,0.14128795094864144,-0.028330935052113926,0.10094379842112228,0.004856093415442082
CENTRALBK,2017,Financial Services,-0.19220497879083437,0.917051654085458,,,
CENTRALBK,2018,Financial Services,0.11986224256053832,0.9206684700614441,0.003616815975986176,,
CENTRALBK,2019,Financial Services,0.026795606654035166,0.9218596835894449,0.0011912135280007785,,
CENTRALBK,2020,Financial Services,-0.008348549133379783,0.8967564334470818,-0.025103250142363143,,
CENTRALBK,2021,Financial Services,0.0027115924319969314,0.9084085205011978,0.011652087054116023,,
CENTRALBK,2022,Financial Services,-0.034084758284682076,0.9058480836315385,-0.002560436869659344,,
CENTRALBK,2023,Financial Services,0.025707790742014628,0.9042677170031391,-0.0015803666283993323,,
CENTRALBK,2024,Financial Services,0.01534999161849441,0.9057154989604297,0.0014477819572905615,0.6051197460029057,
CENTRALBK,2025,Financial Services,0.007750810665948683,0.9055769088436746,-0.00013859011675509958,0.5751545207376423,0.021188613984850297
CENTRALBK,2026,Financial Services,-0.0026871820987453814,0.9078518196134225,0.002274910769747951,0.6782590814217708,0.05303745146054556
CESC,2017,Power,-0.05242319011999858,0.41631163124852544,,,
CESC,2018,Power,-0.047170549192300064,0.44193400524945836,0.025622374000932924,,
CESC,2019,Power,-0.03316287049226074,0.4325953714498444,-0.009338633799613971,,
CESC,2020,Power,-0.06038183693948336,0.3945864598886201,-0.03800891156122427,,
CESC,2021,Power,-0.04113014698480517,0.39811686785254286,0.0035304079639227326,,
CESC,2022,Power,-0.030431965886326344,0.39902415007199915,0.0009072822194562957,,
CESC,2023,Power,-0.016851979574611615,0.37820538827409605,-0.020818761797903096,,
CESC,2024,Power,-0.056134910398199726,0.391296709138937,0.013091320864840938,0.17130019657399606,
CESC,2025,Power,-0.05599671886986329,0.43837395812657615,0.04707724898763915,0.19450686641697879,0.016409593614730426
CESC,2026,Power,-0.07866315100633374,0.466332918515254,0.027958960388677845,0.16317228805834094,0.01626073093351832
CGCL,2017,Financial Services,0.28674860155176146,0.36647147971180133,,,
CGCL,2018,Financial Services,0.3101555321447684,0.5271264081532367,0.16065492844143542,,
CGCL,2019,Financial Services,0.29246833652481524,0.6473470952838548,0.12022068713061806,,
CGCL,2020,Financial Services,-0.010971543333430903,0.6386618004318372,-0.008685294852017633,,
CGCL,2021,Financial Services,0.08524740757051338,0.6491550090485595,0.010493208616722316,,
CGCL,2022,Financial Services,0.21610229323744506,0.6722416630200607,0.023086653971501225,,
CGCL,2023,Financial Services,0.27213735412648754,0.6364796480393718,-0.03576201498068887,,
CGCL,2024,Financial Services,0.2525813241699598,0.6869170444952103,0.050437396455838446,0.6434340850115127,
CGCL,2025,Financial Services,0.21927144084596956,0.7477024322105899,0.06078538771537956,0.6520733372023638,0.006108873808531588
CGCL,2026,Financial Services,0.2779152895091198,0.737914677439099,-0.009787754771490853,0.6854067289150513,0.022163989253373168
CGPOWER,2017,Capital Goods,0.004830005078000453,0.14781705027220446,,,
CGPOWER,2018,Capital Goods,-0.10159673955070772,0.28131642675181623,0.13349937647961177,,
CGPOWER,2019,Capital Goods,-0.1274770720504027,0.31981677037910644,0.03850034362729021,,
CGPOWER,2020,Capital Goods,-0.436503209009052,0.597187595441756,0.2773708250626496,,
CGPOWER,2021,Capital Goods,0.3496490773212524,0.33754076661708726,-0.2596468288246688,,
CGPOWER,2022,Capital Goods,0.1017673753221161,0.0869097695922389,-0.25063099702484837,,
CGPOWER,2023,Capital Goods,0.0033868023958252883,0.003519618176053743,-0.08339015141618515,,
CGPOWER,2024,Capital Goods,-0.1399528548419784,0.003100345233396976,-0.00041927294265676736,0.1315906633594098,
CGPOWER,2025,Capital Goods,-0.0851618665001032,0.005527082976395564,0.0024267377429985884,0.12512636402286362,0.004570949896491509
CGPOWER,2026,Capital Goods,-0.0308005257854751,0.009363378820209522,0.003836295843813958,0.12109204739073581,0.00529597038414477
CHALET,2017,Consumer Services,-0.02076917446894758,0.7420011372657204,,,
CHALET,2018,Consumer Services,-0.09357956412222099,0.7461696418793122,0.004168504613591861,,
CHALET,2019,Consumer Services,-0.10568456351128218,0.43787084476845123,-0.308298797110861,,
CHALET,2020,Consumer Services,-0.03711698939974869,0.4712861324325061,0.03341528766405488,,
CHALET,2021,Consumer Services,-0.049573185447253386,0.5121077995974433,0.040821667164937236,,
CHALET,2022,Consumer Services,-0.0321949209292742,0.5816586375333428,0.06955083793589945,,
CHALET,2023,Consumer Services,-0.05921797176177248,0.5755409906175171,-0.006117646915825725,,
CHALET,2024,Consumer Services,-0.10261158512313737,0.5201000328827815,-0.05544095773473556,0.4471482557504532,
CHALET,2025,Consumer Services,-0.11675719364483657,0.36795401493271235,-0.15214601795006916,0.455748865355522,0.00608154937408231
CHALET,2026,Consumer Services,-0.13458701407062898,0.3249268198292531,-0.04302719510345926,0.4568294063677358,0.00530507197143119
CHAMBLFERT,2017,Chemicals,-0.11386172408614349,0.5732543606076366,,,
CHAMBLFERT,2018,Chemicals,-0.07109422476339444,0.6425049804744265,0.06925061986678993,,
CHAMBLFERT,2019,Chemicals,0.12352353157459324,0.6495613682323742,0.007056387757947702,,
CHAMBLFERT,2020,Chemicals,0.027462262612444926,0.6958762567374062,0.04631488850503196,,
CHAMBLFERT,2021,Chemicals,-0.5161461896475837,0.38413965875809647,-0.3117365979793097,,
CHAMBLFERT,2022,Chemicals,0.11966363157498683,0.32634961246143424,-0.057790046296662234,,
CHAMBLFERT,2023,Chemicals,-0.17267250688524025,0.26298994445606017,-0.06335966800537407,,
CHAMBLFERT,2024,Chemicals,-0.24262205914169557,0.1628234325052546,-0.10016651195080556,0.15817822474715637,
CHAMBLFERT,2025,Chemicals,-0.0707907889303752,0.008658061789946445,-0.15416537071530817,0.1391495118899472,0.013455331898584237
CHAMBLFERT,2026,Chemicals,0.02678990504386757,0.07411938532637526,0.0654613235364288,0.16423447688690315,0.013089598745319444
CHENNPETRO,2017,Oil Gas & Consumable Fuels,0.038035356155579465,0.47329704281300566,,,
CHENNPETRO,2018,Oil Gas & Consumable Fuels,-0.12758596160390992,0.3132186713680769,-0.16007837144492876,,
CHENNPETRO,2019,Oil Gas & Consumable Fuels,-0.004359945932143566,0.47164160735164407,0.15842293598356716,,
CHENNPETRO,2020,Oil Gas & Consumable Fuels,-0.11154769514438989,0.6755649034074008,0.20392329605575676,,
CHENNPETRO,2021,Oil Gas & Consumable Fuels,-0.013669744579070008,0.6426153936746236,-0.032949509732777216,,
CHENNPETRO,2022,Oil Gas & Consumable Fuels,0.018612921873778415,0.5272023379144694,-0.11541305576015426,,
CHENNPETRO,2023,Oil Gas & Consumable Fuels,-0.13790665088645523,0.26491351254197193,-0.2622888253724974,,
CHENNPETRO,2024,Oil Gas & Consumable Fuels,-0.14549694553667394,0.15161566824038422,-0.11329784430158771,0.01871591971132719,
CHENNPETRO,2025,Oil Gas & Consumable Fuels,-0.02050243173405637,0.18220792451308332,0.030592256272699098,0.09423796337092565,0.05340214920076858
CHENNPETRO,2026,Oil Gas & Consumable Fuels,-0.09527700189696635,0.09779384307457915,-0.08441408143850417,0.05681262233154191,0.0377615191717917
CHOICEIN,2017,Financial Services,0.09049047652270982,0.5125584315914323,,,
CHOICEIN,2018,Financial Services,0.019114382521322585,0.4144175721462788,-0.09814085944515355,,
CHOICEIN,2019,Financial Services,0.08909844384303113,0.3510656292286874,-0.06335194291759139,,
CHOICEIN,2020,Financial Services,-0.02745074603079743,0.28478654953285926,-0.06627907969582814,,
CHOICEIN,2021,Financial Services,0.09389226679703015,0.23120168657765283,-0.053584862955206425,,
CHOICEIN,2022,Financial Services,0.1078979717271051,0.22420610530628968,-0.006995581271363155,,
CHOICEIN,2023,Financial Services,-0.07076472872767997,0.18574951002086362,-0.038456595285426054,,
CHOICEIN,2024,Financial Services,0.10104435025900994,0.252339399983379,0.06658988996251539,0.28451323206267315,
CHOICEIN,2025,Financial Services,0.13442605400900023,0.25978688505786685,0.007447485074487836,0.36844013713080165,0.059345283697673286
CHOICEIN,2026,Financial Services,0.09039565450267668,0.25452959767133393,-0.005257287386532916,0.3382936828173924,0.042514450455827184
CHOLAFIN,2017,Financial Services,0.0714770336313681,0.7866666753817705,,,
CHOLAFIN,2018,Financial Services,0.2002781275882009,0.8678545277695136,0.08118785238774306,,
CHOLAFIN,2019,Financial Services,0.18290795009646874,0.8795726987524116,0.011718170982898068,,
CHOLAFIN,2020,Financial Services,0.04883810673950855,0.8586765697165617,-0.02089612903584992,,
CHOLAFIN,2021,Financial Services,0.13882948110073182,0.8537840066791561,-0.004892563037405595,,
CHOLAFIN,2022,Financial Services,0.09365936601541042,0.8386900123584426,-0.015093994320713455,,
CHOLAFIN,2023,Financial Services,0.26199693910508864,0.8568173557493869,0.01812734339094424,,
CHOLAFIN,2024,Financial Services,0.23467931902964653,0.8582421411020905,0.001424785352703628,0.6973197603438597,
CHOLAFIN,2025,Financial Services,0.16694071468579713,0.8670008870319182,0.008758745929827727,0.6766330598958498,0.014627706167162637
CHOLAFIN,2026,Financial Services,0.1290578465365181,0.8599353517440317,-0.00706553528788656,0.7005314866608929,0.012970412247402105
CHOLAHLDNG,2017,Financial Services,-0.01768278930923595,,,,
CHOLAHLDNG,2018,Financial Services,0.12830041075439913,0.715266705750468,,,
CHOLAHLDNG,2019,Financial Services,0.1467666982497515,0.7425574291319881,0.027290723381520055,,
CHOLAHLDNG,2020,Financial Services,0.03249675102360224,0.7266194324778464,-0.01593799665414164,,
CHOLAHLDNG,2021,Financial Services,0.11898361867825469,0.7199316914546384,-0.006687741023208016,,
CHOLAHLDNG,2022,Financial Services,0.06915715121488214,0.7080700986388574,-0.01186159281578103,,
CHOLAHLDNG,2023,Financial Services,0.23367395789284257,0.7417303739833749,0.03366027534451754,,
CHOLAHLDNG,2024,Financial Services,0.20468643320680166,0.7574943551369625,0.01576398115358757,0.5557156302972404,
CHOLAHLDNG,2025,Financial Services,0.15505271885845825,0.7762933158431893,0.018798960706226775,0.5489853539978228,0.004759024010577235
CHOLAHLDNG,2026,Financial Services,0.1149281533434271,0.7841077408603293,0.007814425017140025,0.5751608169112176,0.013592686515484518
CIEINDIA,2016,Automobile and Auto Components,-0.019751569152438222,0.20361673177369094,,,
CIEINDIA,2017,Automobile and Auto Components,-0.020509127761998116,0.15960581936499046,-0.044010912408700475,,
CIEINDIA,2018,Automobile and Auto Components,-0.024740688354549737,0.19016973125884018,0.030563911893849716,,
CIEINDIA,2019,Automobile and Auto Components,-0.07865509710722085,0.17156971515993785,-0.018600016098902328,,
CIEINDIA,2020,Automobile and Auto Components,-0.04623271212687563,0.17595984407539914,0.004390128915461283,,
CIEINDIA,2021,Automobile and Auto Components,-0.06702238152455042,0.15140622772539356,-0.02455361635000558,,
CIEINDIA,2022,Automobile and Auto Components,-0.12645593533701488,0.0992485690149137,-0.05215765871047985,,
CIEINDIA,2023,Automobile and Auto Components,-0.026465817250409626,0.08771217462456088,-0.011536394390352825,,
CIEINDIA,2024,Automobile and Auto Components,-0.07137948083547208,0.05846704292041844,-0.02924513170414244,0.14174269532453376,
CIEINDIA,2025,Automobile and Auto Components,-0.09814810847365427,0.03967021594689027,-0.01879682697352817,0.1398161303802758,0.001362287136481093
CIEINDIA,2026,Automobile and Auto Components,,,,0.14869397645532426,0.0046699056517232555
CIPLA,2017,Healthcare,-0.0659051202408939,0.19707086224791484,,,
CIPLA,2018,Healthcare,-0.002303631207300346,0.1807466182094042,-0.016324244038510655,,
CIPLA,2019,Healthcare,-0.006878655798292311,0.1816449098578355,0.0008982916484313042,,
CIPLA,2020,Healthcare,-0.06497646095960387,0.120243147806047,-0.06140176205178849,,
CIPLA,2021,Healthcare,-0.05432769214428484,0.08104555651756891,-0.03919759128847809,,
CIPLA,2022,Healthcare,-0.030127906301336407,0.03931093235472403,-0.04173462416284488,,
CIPLA,2023,Healthcare,-0.014871672354948814,0.02741023890784983,-0.011900693446874198,,
CIPLA,2024,Healthcare,-0.07879497844157832,0.017195404107826842,-0.010214834800022988,0.2812001181964578,
CIPLA,2025,Healthcare,-0.11595962983389452,0.011737176600860728,-0.0054582275069661144,0.1774066786534134,0.07339304494356264
CIPLA,2026,Healthcare,-0.07441587938041756,0.014495293286612972,0.0027581166857522446,0.1674748008225551,0.06298831651083873
CLEAN,2018,Chemicals,0.016687844133841584,0.0023718763235916988,,,
CLEAN,2019,Chemicals,0.03945399578587352,0.007939658594680429,0.00556778227108873,,
CLEAN,2020,Chemicals,-0.04761793989020192,0.006257560249371918,-0.0016820983453085109,,
CLEAN,2021,Chemicals,0.0083798036125591,0.0005000606134076858,-0.005757499635964232,,
CLEAN,2022,Chemicals,0.10949733962019294,0.0003568802180213696,-0.00014318039538631627,,
CLEAN,2023,Chemicals,0.01373466570587673,0.0017884583662519645,0.0014315781482305949,,
CLEAN,2024,Chemicals,-0.12232343631389736,0.0014537590054283216,-0.0003346993608236428,0.4089776596628187,
CLEAN,2025,Chemicals,-0.10500781494216943,0.0013316661456705219,-0.00012209285975779975,0.32862930759776027,0.05681486460236694
CLEAN,2026,Chemicals,-0.11363867454498208,0.0012088619750771075,-0.0001228041705934144,0.3592370450396752,0.0405520653275347
COALINDIA,2017,Oil Gas & Consumable Fuels,-0.06055318547169466,0.02541990483104428,,,
COALINDIA,2018,Oil Gas & Consumable Fuels,-0.1121884500975407,0.012255613204265188,-0.01316429162677909,,
COALINDIA,2019,Oil Gas & Consumable Fuels,0.0083261007905116,0.016613410844641973,0.004357797640376785,,
COALINDIA,2020,Oil Gas & Consumable Fuels,0.07823567241903835,0.04288595607371903,0.026272545229077054,,
COALINDIA,2021,Oil Gas & Consumable Fuels,0.013085743607422349,0.036536475065886025,-0.006349481007833002,,
COALINDIA,2022,Oil Gas & Consumable Fuels,-0.13235151432265696,0.01958154182043291,-0.016954933245453115,,
COALINDIA,2023,Oil Gas & Consumable Fuels,-0.01793502452733419,0.019564142688311456,-1.7399132121453942e-05,,
COALINDIA,2024,Oil Gas & Consumable Fuels,-0.04058674613341353,0.02758507268335087,0.008020929995039415,0.33417528925391127,
COALINDIA,2025,Oil Gas & Consumable Fuels,-0.08939380030699834,0.035424222036561696,0.007839149353210825,0.26718615378051713,0.0473684719590613
COALINDIA,2026,Oil Gas & Consumable Fuels,-0.12101340608825181,0.04955759704512029,0.014133375008558595,0.2609136781479976,0.04060819269529126
COCHINSHIP,2018,Capital Goods,-0.04273318911550245,0.022416335129677587,,,
COCHINSHIP,2019,Capital Goods,0.17702310487464862,0.023424823456818337,0.0010084883271407503,,
COCHINSHIP,2020,Capital Goods,0.05917348977742282,0.0191863430674127,-0.004238480389405639,,
COCHINSHIP,2021,Capital Goods,-0.01344923189824524,0.07148373388721614,0.052297390819803447,,
COCHINSHIP,2022,Capital Goods,-0.09915697318549561,0.06581979692716548,-0.005663936960050658,,
COCHINSHIP,2023,Capital Goods,-0.15810340577851711,0.05861044555833752,-0.007209351368827964,,
COCHINSHIP,2024,Capital Goods,0.028958994834269614,0.041721289820902514,-0.016889155737435005,0.20690286152451987,
COCHINSHIP,2025,Capital Goods,0.0320225071454811,0.04184250374073775,0.00012121391983523772,0.1381728512081516,0.04859945636572537
COCHINSHIP,2026,Capital Goods,0.09535223819994287,0.11505059993875016,0.07320809619801241,0.1765474634667934,0.03444288841771795
COFORGE,2017,Information Technology,-0.09231791931530184,0.010552993477086709,,,
COFORGE,2018,Information Technology,-0.03894371832488663,0.008573714895400677,-0.001979278581686032,,
COFORGE,2019,Information Technology,-0.017431807756095832,0.004799040191961607,-0.0037746747034390696,,
COFORGE,2020,Information Technology,0.04326343342842858,0.01035263668715626,0.0055535964951946536,,
COFORGE,2021,Information Technology,-0.08803352564654551,0.023709061683745227,0.013356424996588966,,
COFORGE,2022,Information Technology,-0.02130058632990282,0.10037311902907048,0.07666405734532525,,
COFORGE,2023,Information Technology,-0.04563474427121296,0.09994488986862456,-0.00042822916044592263,,
COFORGE,2024,Information Technology,-0.11349425021860718,0.11978023791061028,0.019835348041985723,0.13354409011387006,
COFORGE,2025,Information Technology,-0.08041687377264245,0.08722081435427753,-0.03255942355633275,0.17095592579463548,0.026454162706506076
COFORGE,2026,Information Technology,-0.08575316076275924,0.049022975731000056,-0.038197838623277476,0.1913996779854189,0.02933956799444869
COHANCE,2019,Healthcare,0.07518326479527981,0.10573165436387322,,,
COHANCE,2020,Healthcare,-0.07667056044883658,0.15876399416785328,0.05303233980398006,,
COHANCE,2021,Healthcare,-0.013706620005832629,0.09701112942277564,-0.06175286474507764,,
COHANCE,2022,Healthcare,0.06766543323914102,0.053082931148508684,-0.04392819827426695,,
COHANCE,2023,Healthcare,-0.023354953580058485,0.03578278010937302,-0.017300151039135667,,
COHANCE,2024,Healthcare,-0.09112808773424193,0.028836598523566157,-0.0069461815858068605,0.3510196235008799,
COHANCE,2025,Healthcare,-0.11616466651217701,0.08866672384000468,0.059830125316438526,0.1750987053530438,0.12439487417489849
COHANCE,2026,Healthcare,-0.06852453291426576,0.0699301554042256,-0.018736568435779075,0.002747122625870317,0.17413929882724777
COLPAL,2006,Fast Moving Consumer Goods,-0.07480765313317769,0.006832035351082001,,,
COLPAL,2007,Fast Moving Consumer Goods,-0.013152113833812838,0.006065845604387817,-0.0007661897466941844,,
COLPAL,2008,Fast Moving Consumer Goods,-0.07622900239972578,0.0064312649982859104,0.00036541939389809347,,
COLPAL,2009,Fast Moving Consumer Goods,-0.07998597615947117,0.00587248322147651,-0.0005587817768094002,,
COLPAL,2010,Fast Moving Consumer Goods,0.034033751172700674,0.005188140746685354,-0.0006843424747911562,,
CONCOR,2017,Services,-0.11573714248468514,0.006122979046573156,,,
CONCOR,2018,Services,-0.022381087591708867,0.005678851772809291,-0.00044412727376386477,,
CONCOR,2019,Services,0.24776091179453677,0.06021822807678302,0.054539376303973736,,
CONCOR,2020,Services,-0.32931792656734044,0.005937859452563289,-0.054280368624219734,,
CONCOR,2021,Services,-0.04220636640895374,0.05825171528832555,0.052313855835762264,,
CONCOR,2022,Services,-0.024172720742394026,0.056550168970625106,-0.0017015463177004475,,
CONCOR,2023,Services,-0.017226807752806154,0.05782670110641913,0.0012765321357940257,,
CONCOR,2024,Services,-0.07279087857667957,0.06686773765222793,0.009041036545808803,0.21056373425832425,
CONCOR,2025,Services,-0.09515819982510501,0.0595043537243926,-0.0073633839278353375,0.22277259903532376,0.008632971074405938
CONCOR,2026,Services,-0.08009407094725939,0.06355983020312629,0.004055476478733694,0.20571267177834573,0.008790433287966113
CONCORDBIO,2020,Healthcare,0.014903319762312257,0.055340001913407676,,,
CONCORDBIO,2021,Healthcare,0.057943071693135124,0.07302078576623201,0.017680783852824337,,
CONCORDBIO,2022,Healthcare,-0.02478690422687558,0.047608528401343705,-0.025412257364888308,,
CONCORDBIO,2023,Healthcare,-0.0039035924940059026,0.020838975158356397,-0.02676955324298731,,
CONCORDBIO,2024,Healthcare,-0.11145345179366264,0.005727019891692294,-0.015111955266664104,0.40111374989763326,
CONCORDBIO,2025,Healthcare,-0.08850392771818746,0.0014599903650467493,-0.004267029526645544,0.35381790690139325,0.033443211304575594
CONCORDBIO,2026,Healthcare,-0.09335555764655276,0.0010395243280057712,-0.0004204660370409781,0.3199347547477572,0.040773753850025976
COROMANDEL,2017,Chemicals,-0.05069751301330249,0.25776518218623484,,,
COROMANDEL,2018,Chemicals,0.04346404531917464,0.2770448307689496,0.019279648582714748,,
COROMANDEL,2019,Chemicals,0.018354593187767644,0.27941104150589374,0.002366210736944152,,
COROMANDEL,2020,Chemicals,-0.0785247867475566,0.1989492322714969,-0.08046180923439683,,
COROMANDEL,2021,Chemicals,-0.3171269935664027,0.04327473809762025,-0.15567449417387666,,
COROMANDEL,2022,Chemicals,-0.04870205250630499,0.03499947717005442,-0.00827526092756583,,
COROMANDEL,2023,Chemicals,0.09989321943406301,0.02757889116812319,-0.007420586001931233,,
COROMANDEL,2024,Chemicals,-0.057803599535006425,0.03105763320286418,0.0034787420347409913,0.10285082312092386,
COROMANDEL,2025,Chemicals,-0.10348886997615939,0.04125218715144339,0.010194553948579207,0.09108087636469255,0.008322609165535767
COROMANDEL,2026,Chemicals,-0.04810580726607329,0.06157495907784938,0.02032277192640599,0.09255006570913815,0.006413472372420555
CPPLUS,2020,Capital Goods,-0.08057728551880824,0.3467456690677201,,,
CPPLUS,2021,Capital Goods,-0.33127071508840805,0.20896456564104754,-0.13778110342667255,,
CPPLUS,2022,Capital Goods,0.043960839529349774,0.15638663142553666,-0.05257793421551088,,
CPPLUS,2023,Capital Goods,0.030753294786862992,0.24981272969872892,0.09342609827319226,,
CPPLUS,2024,Capital Goods,0.1341702246712647,0.26534199418555143,0.015529264486822514,0.08343580470162748,
CPPLUS,2025,Capital Goods,0.02166298109332376,0.16045159298670045,-0.10489040119885099,0.12284151662262645,0.02786404611682195
CPPLUS,2026,Capital Goods,0.032255154736042936,0.06422967734822688,-0.09622191563847357,0.14524179632349796,0.031290475822100566
CRAFTSMAN,2017,Automobile and Auto Components,-0.09745618185219007,0.4274703753011982,,,
CRAFTSMAN,2018,Automobile and Auto Components,-0.1256201736486216,0.4234635697995439,-0.004006805501654276,,
CRAFTSMAN,2019,Automobile and Auto Components,-0.11293922362078086,0.4236930261760292,0.00022945637648530415,,
CRAFTSMAN,2020,Automobile and Auto Components,-0.11540428556568771,0.45873496064630215,0.03504193447027293,,
CRAFTSMAN,2021,Automobile and Auto Components,-0.11268336238785662,0.342693141715209,-0.11604181893109317,,
CRAFTSMAN,2022,Automobile and Auto Components,-0.06135831731955524,0.2989217804828808,-0.043771361232328165,,
CRAFTSMAN,2023,Automobile and Auto Components,-0.09437783708809684,0.3258001639206456,0.026878383437764775,,
CRAFTSMAN,2024,Automobile and Auto Components,-0.10633396660248971,0.37291053054354895,0.047110366622903355,0.12624913551891073,
CRAFTSMAN,2025,Automobile and Auto Components,-0.024762381190595296,0.3313707415505506,-0.04153978899299837,0.15176349354487478,0.018041375577780586
CRAFTSMAN,2026,Automobile and Auto Components,-0.04133633315883853,0.4035819698606641,0.0722112283101135,0.15786854637725264,0.01677319925054962
CREDITACC,2019,Financial Services,0.23104766254278156,0.6614757908643847,,,
CREDITACC,2020,Financial Services,0.20350384722616066,0.7577427064741584,0.09626691560977374,,
CREDITACC,2021,Financial Services,0.039089044456824366,0.7265048408955241,-0.031237865578634283,,
CREDITACC,2022,Financial Services,0.17541178186643938,0.7390874587789119,0.01258261788338777,,
CREDITACC,2023,Financial Services,0.18829815949236212,0.7462798687900596,0.007192410011147676,,
CREDITACC,2024,Financial Services,0.16051703397512296,0.7565078662442333,0.010227997454173687,0.26073979628797866,
CREDITACC,2025,Financial Services,-0.03140550562989952,0.7353945425672918,-0.02111332367694152,0.5453130346683127,0.2012236666029501
CREDITACC,2026,Financial Services,0.10221035050483507,0.7403996150356574,0.005005072468365679,0.6870630056798748,0.2171122832200947
CRISIL,2016,Financial Services,0.011059455401230107,,,,
CRISIL,2017,Financial Services,0.009178976664525815,,,,
CRISIL,2018,Financial Services,-0.009438350798158824,0.0015853001664871216,,,
CRISIL,2019,Financial Services,-0.06034712476239543,0.001581069798013892,-4.230368473229608e-06,,
CRISIL,2020,Financial Services,-0.06604581605601251,,,,
CRISIL,2021,Financial Services,0.02503724234884399,0.052774305375279065,,,
CRISIL,2022,Financial Services,0.03816672553867892,0.02948074885199576,-0.023293556523283306,,
CRISIL,2023,Financial Services,-0.03696560006550635,0.014350744073342856,-0.015130004778652903,,
CRISIL,2024,Financial Services,-0.137087813119961,0.06342312356346624,0.049072379490123386,0.3144559704680637,
CRISIL,2025,Financial Services,-0.11218967142707498,0.06477399699710186,0.001350873433635616,0.31396026147174944,0.0003505191927889742
CRISIL,2026,Financial Services,,,,0.2862868354736421,0.016122264110104072
CROMPTON,2018,Consumer Durables,0.003455684353337538,0.2674444018325849,,,
CROMPTON,2019,Consumer Durables,0.03837956286404584,0.24320041953065008,-0.024243982301934808,,
CROMPTON,2020,Consumer Durables,0.031059444295048356,0.12708680073551323,-0.11611361879513685,,
CROMPTON,2021,Consumer Durables,-0.05938684004970215,0.1440222603358509,0.016935459600337655,,
CROMPTON,2022,Consumer Durables,-0.022485535597704304,0.26141063395253844,0.11738837361668755,,
CROMPTON,2023,Consumer Durables,-0.01580707516053785,0.17775620177453783,-0.08365443217800062,,
CROMPTON,2024,Consumer Durables,-0.12061923475344065,0.11233536675600574,-0.06542083501853209,0.10626211699006902,
CROMPTON,2025,Consumer Durables,-0.10275900678909643,0.07547488192018671,-0.036860484835819024,0.10287098983300848,0.0023978890086233705
CROMPTON,2026,Consumer Durables,-0.09591393886948524,0.032766469193728026,-0.042708412726458686,0.10042415727823464,0.002931680591499693
CUB,2017,Financial Services,0.006213643762242786,0.8688990912305006,,,
CUB,2018,Financial Services,0.019407946215625763,0.8660711491151745,-0.0028279421153261097,,
CUB,2019,Financial Services,0.005838633214078652,0.8601375022978917,-0.005933646817282812,,
CUB,2020,Financial Services,-0.027343926723077974,0.8618911627628282,0.001753660464936524,,
CUB,2021,Financial Services,-0.006170879219923433,0.8606566402228103,-0.0012345225400178794,,
CUB,2022,Financial Services,-0.006587419788295057,0.8613797745913762,0.0007231343685658587,,
CUB,2023,Financial Services,0.0032037151382935786,0.8572164152747612,-0.004163359316614934,,
CUB,2024,Financial Services,-0.00212069403453851,0.8525246495383679,-0.004691765736393294,0.6922109363376929,
CUB,2025,Financial Services,-0.010256468393924958,0.84633655320361,-0.00618809633475792,0.6694386220723594,0.016102457840328502
CUB,2026,Financial Services,-0.0043277773426066025,0.8619970852692725,0.015660532065662536,0.7172983239210273,0.023939181181342806
CUMMINSIND,2017,Capital Goods,-0.0022879213860239386,0.048355113015261755,,,
CUMMINSIND,2018,Capital Goods,0.01398479031563771,0.0449431124207756,-0.003412000594486153,,
CUMMINSIND,2019,Capital Goods,0.031249432781047706,0.05158021012265129,0.006637097701875691,,
CUMMINSIND,2020,Capital Goods,0.016931700255161736,0.08259590353240037,0.03101569340974908,,
CUMMINSIND,2021,Capital Goods,-0.025796605559575633,0.006666991257863642,-0.07592891227453673,,
CUMMINSIND,2022,Capital Goods,0.031196613043606644,0.05870790032044477,0.052040909062581124,,
CUMMINSIND,2023,Capital Goods,0.051585878383156716,0.047494266692260284,-0.011213633628184484,,
CUMMINSIND,2024,Capital Goods,-0.08102995258909469,0.01415527099351096,-0.033338995698749326,0.19300421491206823,
CUMMINSIND,2025,Capital Goods,-0.117670371903793,0.002916853928164359,-0.011238417065346602,0.20768792636141045,0.01038295193881643
CUMMINSIND,2026,Capital Goods,-0.09951690564842657,0.003229770147582184,0.0003129162194178254,0.1798476945484689,0.013927095398321397
CYIENT,2017,Information Technology,-0.024341873780507298,0.06761987013402425,,,
CYIENT,2018,Information Technology,0.03208351712983384,0.08328187031318923,0.015662000179164984,,
CYIENT,2019,Information Technology,0.028084356702419808,0.09544535986320533,0.012163489550016102,,
CYIENT,2020,Information Technology,-0.05792027813322388,0.1717569231512108,0.07631156328800547,,
CYIENT,2021,Information Technology,-0.10995396236535107,0.12903946721494658,-0.04271745593626422,,
CYIENT,2022,Information Technology,-0.023559055118110246,0.12039895013123358,-0.008640517083712995,,
CYIENT,2023,Information Technology,-0.0060770165694856845,0.18735672856505486,0.06695777843382128,,
CYIENT,2024,Information Technology,-0.08714854800531148,0.11367703943190348,-0.07367968913315139,0.14441445182724252,
CYIENT,2025,Information Technology,-0.0915997480711699,0.06736471946675064,-0.04631231996515284,0.1270760075737084,0.012260131506898912
CYIENT,2026,Information Technology,-0.08282123074312449,0.05225264535835061,-0.015112074108400028,0.12651153827624417,0.010177217926453933
DABUR,2017,Fast Moving Consumer Goods,0.0064664314609996585,0.12609541348949335,,,
DABUR,2018,Fast Moving Consumer Goods,0.03021158104860815,0.10774877810249345,-0.018346635386999904,,
DABUR,2019,Fast Moving Consumer Goods,-0.006732538072028697,0.08289674562385026,-0.02485203247864319,,
DABUR,2020,Fast Moving Consumer Goods,-0.018064430444552488,0.05590805198477387,-0.02698869363907639,,
DABUR,2021,Fast Moving Consumer Goods,-0.03889609922073032,0.04699064544059846,-0.008917406544175409,,
DABUR,2022,Fast Moving Consumer Goods,-0.005137635889695902,0.08385800554548814,0.03686736010488968,,
DABUR,2023,Fast Moving Consumer Goods,0.016020767227159127,0.0859775803016053,0.002119574756117154,,
DABUR,2024,Fast Moving Consumer Goods,-0.09864081035381535,0.09030547036455866,0.004327890062953366,0.20323075776767752,
DABUR,2025,Fast Moving Consumer Goods,-0.087911397279687,0.05855727907084213,-0.03174819129371653,0.20621022016776025,0.0021067980673888467
DABUR,2026,Fast Moving Consumer Goods,-0.11371568846750355,0.0736456881070898,0.015088409036247669,0.19681542029385904,0.004800972397461799
DALBHARAT,2017,Construction Materials,-0.08611607562788072,0.3780453391026244,,,
DALBHARAT,2018,Construction Materials,-0.06150533607938588,0.3401048492791612,-0.03794048982346321,,
DALBHARAT,2019,Construction Materials,-0.07473950725484468,0.2864446392053754,-0.0536602100737858,,
DALBHARAT,2020,Construction Materials,-0.10135070409043012,0.2897308171280774,0.003286177922702027,,
DALBHARAT,2021,Construction Materials,-0.11116695604496026,0.17540893722014073,-0.11432187990793669,,
DALBHARAT,2022,Construction Materials,-0.0452407977947138,0.12874979730825362,-0.04665913991188711,,
DALBHARAT,2023,Construction Materials,-0.04768995650299777,0.15106391316274148,0.022314115854487865,,
DALBHARAT,2024,Construction Materials,-0.09288394919168591,0.17339058891454964,0.02232667575180816,0.16064130776485383,
DALBHARAT,2025,Construction Materials,-0.06612309833946504,0.18898942693314771,0.015598838018598071,0.17170564746149458,0.007823669628846194
DALBHARAT,2026,Construction Materials,-0.06284013349769987,0.22267656874830874,0.033687141815161026,0.2069408740359897,0.024178470593946358
DATAPATTNS,2017,Capital Goods,-0.05163703169083394,0.22957811167246245,,,
DATAPATTNS,2018,Capital Goods,-0.06104594647138876,0.20737476508327393,-0.022203346589188516,,
DATAPATTNS,2019,Capital Goods,0.04397505677107739,0.21677540280431098,0.009400637721037053,,
DATAPATTNS,2020,Capital Goods,0.02586673889490791,0.20507177681473454,-0.011703625989576444,,
DATAPATTNS,2021,Capital Goods,0.0019172245891661672,0.11311625076080341,-0.09195552605393113,,
DATAPATTNS,2022,Capital Goods,0.061867632699845757,0.013018806515063607,-0.1000974442457398,,
DATAPATTNS,2023,Capital Goods,0.09842920261474347,0.001735264192231034,-0.011283542322832574,,
DATAPATTNS,2024,Capital Goods,-0.055988698227300404,0.0020688391448010074,0.0003335749525699733,0.46163704716336296,
DATAPATTNS,2025,Capital Goods,0.08057201892229895,0.0033549018541677994,0.001286062709366792,0.46548836134696475,0.002723290375704742
DATAPATTNS,2026,Capital Goods,-0.030110614652553883,0.0027316739407636246,-0.0006232279134041748,0.270361113505128,0.11156161098103291
DCMSHRIRAM,2017,Diversified,-0.03961333936145021,0.1926575383754225,,,
DCMSHRIRAM,2018,Diversified,-0.02787661743655439,0.13368921508433762,-0.05896832329108487,,
DCMSHRIRAM,2019,Diversified,0.01830334622498739,0.22561095230088,0.09192173721654237,,
DCMSHRIRAM,2020,Diversified,0.027093935147626425,0.2643053814194754,0.038694429118595414,,
DCMSHRIRAM,2021,Diversified,-0.15578308752264158,0.19521891892932744,-0.06908646249014797,,
DCMSHRIRAM,2022,Diversified,-0.01675795792206018,0.16834484613545544,-0.026874072793871995,,
DCMSHRIRAM,2023,Diversified,-0.03595992160440447,0.15925108139093413,-0.00909376474452131,,
DCMSHRIRAM,2024,Diversified,-0.04604327636704372,0.18632687807759124,0.027075796686657105,0.14731749044347617,
DCMSHRIRAM,2025,Diversified,-0.07185923648628481,0.1986177200156467,0.012290841938055463,0.13949601439958859,0.0055306187495210496
DCMSHRIRAM,2026,Diversified,-0.03833270277967888,0.2071028680980943,0.008485148082447602,0.0944268623886158,0.028547686673736115
DEEPAKFERT,2017,Chemicals,-0.12716193917351576,0.3987219029620869,,,
DEEPAKFERT,2018,Chemicals,0.04207704828462152,0.5052006304834755,0.1064787275213886,,
DEEPAKFERT,2019,Chemicals,-0.1741230553514452,0.42600114364231817,-0.07919948684115735,,
DEEPAKFERT,2020,Chemicals,-0.07084024047679849,0.43501225612192934,0.009011112479611172,,
DEEPAKFERT,2021,Chemicals,-0.11831419829034524,0.3621194579715691,-0.07289279815036026,,
DEEPAKFERT,2022,Chemicals,-0.06092630861476847,0.3037818340677274,-0.05833762390384167,,
DEEPAKFERT,2023,Chemicals,0.06277443458267556,0.32386060671329925,0.02007877264557184,,
DEEPAKFERT,2024,Chemicals,-0.0403699318356705,0.3481516415074865,0.02429103479418726,0.18849020170452344,
DEEPAKFERT,2025,Chemicals,-0.13469216010216387,0.32177041649747845,-0.026381225010008058,0.12478136583194054,0.04504894986700414
DEEPAKFERT,2026,Chemicals,0.01743224360057123,0.3482812523993059,0.026510835901827456,0.25962300307714986,0.06745487174687713
DEEPAKNTR,2017,Chemicals,0.026442133032265995,0.4045909042639406,,,
DEEPAKNTR,2018,Chemicals,-0.04011109825251707,0.38056552096593754,-0.024025383298003078,,
DEEPAKNTR,2019,Chemicals,0.038626770280076446,0.4042251649763054,0.023659644010367853,,
DEEPAKNTR,2020,Chemicals,-0.04776250256486784,0.3441088871893401,-0.06011627778696532,,
DEEPAKNTR,2021,Chemicals,-0.06339001584119552,0.16534843620764583,-0.17876045098169424,,
DEEPAKNTR,2022,Chemicals,0.054780179863094684,0.0710766065167657,-0.09427182969088013,,
DEEPAKNTR,2023,Chemicals,0.03939572939999884,0.014204141152434258,-0.056872465364331444,,
DEEPAKNTR,2024,Chemicals,-0.1273150578846507,0.0469377575932586,0.03273361644082434,0.08854681096984343,
DEEPAKNTR,2025,Chemicals,-0.06809655022105986,0.16436914917906886,0.11743139158581026,0.10678643219897012,0.012897359857389587
DEEPAKNTR,2026,Chemicals,-0.02240802173207203,0.18923356546717368,0.024864416288104818,0.2095709186840472,0.0652484598702046
DELHIVERY,2019,Services,-0.3792248710785098,0.11070879127641506,,,
DELHIVERY,2020,Services,0.08376288068299174,0.18218162623643083,0.07147283496001577,,
DELHIVERY,2021,Services,-0.09145915755178032,0.25062040676063935,0.06843878052420851,,
DELHIVERY,2022,Services,-0.09338124787899356,0.13350462985407477,-0.11711577690656458,,
DELHIVERY,2023,Services,-0.08740247334129839,0.08251977341555762,-0.05098485643851715,,
DELHIVERY,2024,Services,-0.039064805614588985,0.10209883506708273,0.019579061651525106,0.0421267291763024,
DELHIVERY,2025,Services,-0.04374897414769289,0.11784659715463801,0.01574776208755528,0.07443163790245243,0.022843020025873156
DELHIVERY,2026,Services,-0.06883934616122127,0.11447109420553578,-0.00337550294910223,0.047483050298048605,0.01731340365938279
DEVYANI,2017,Consumer Services,-0.3530339642905088,0.5139783863605853,,,
DEVYANI,2018,Consumer Services,-0.061813186813186816,0.5093681318681319,-0.004610254492453447,,
DEVYANI,2019,Consumer Services,-0.1975059336427864,0.2701038456644297,-0.23926428620370221,,
DEVYANI,2020,Consumer Services,-0.2242496960558939,0.9727697935303705,0.7026659478659408,,
DEVYANI,2021,Consumer Services,-0.17667719565334658,0.8006185529935687,-0.17215124053680186,,
DEVYANI,2022,Consumer Services,-0.13005352415216592,0.5543484506282789,-0.2462701023652898,,
DEVYANI,2023,Consumer Services,-0.12460558313403139,0.5241507057633431,-0.03019774486493576,,
DEVYANI,2024,Consumer Services,-0.15547211736131666,0.5890934746556484,0.06494276889230532,0.1647172435105068,
DEVYANI,2025,Consumer Services,-0.17057189472087095,0.5970887334997949,0.007995258844146425,0.16026788812547713,0.0031461693646633567
DEVYANI,2026,Consumer Services,-0.1350924522627508,0.5678765979700651,-0.029212135529729788,0.16081416242755547,0.0024265620706222795
DIVISLAB,2017,Healthcare,-0.014614206080614497,0.005806689553320325,,,
DIVISLAB,2018,Healthcare,0.014908280543920101,0.00930164691178248,0.003494957358462155,,
DIVISLAB,2019,Healthcare,0.0495824368366495,0.013141013276654416,0.003839366364871937,,
DIVISLAB,2020,Healthcare,0.0188247539653887,0.004553808789261217,-0.0085872044873932,,
DIVISLAB,2021,Healthcare,0.0034686245455321867,0.0004484329912987288,-0.004105375797962487,,
DIVISLAB,2022,Healthcare,0.07849035646066238,0.0002761926432459297,-0.00017224034805279908,,
DIVISLAB,2023,Healthcare,-0.04411582214463833,0.00022600389752733708,-5.018874571859262e-05,,
DIVISLAB,2024,Healthcare,-0.04346701164294955,0.00019404915912031047,-3.1954738407026604e-05,0.3203967227253126,
DIVISLAB,2025,Healthcare,-0.06323503339046156,0.00023639264818864133,4.234348906833086e-05,0.34178187403993854,0.015121585511272405
DIVISLAB,2026,Healthcare,-0.09171287277086768,0.0003496678155752036,0.00011327516738656224,0.4074675324675325,0.04537483944688186
DIXON,2017,Consumer Durables,-0.006732854045418239,0.054458772363599486,,,
DIXON,2018,Consumer Durables,-0.00722911531371046,0.046222839033079936,-0.00823593333051955,,
DIXON,2019,Consumer Durables,0.04455176577120435,0.09473790119730356,0.048515062164223625,,
DIXON,2020,Consumer Durables,-0.06885253630020743,0.051073684706769755,-0.04366421649053381,,
DIXON,2021,Consumer Durables,-0.0036230610824905304,0.10350147241764651,0.05242778771087676,,
DIXON,2022,Consumer Durables,-0.019304820710890618,0.15592085420967602,0.05241938179202951,,
DIXON,2023,Consumer Durables,-0.1004887347390601,0.09682589546162673,-0.05909495874804929,,
DIXON,2024,Consumer Durables,-0.05910554786945617,0.06995892427673964,-0.026866971184887095,0.03735717948129271,
DIXON,2025,Consumer Durables,-0.05146812668765198,0.040038788023451836,-0.0299201362532878,0.03883676190708226,0.0010462227666002322
DIXON,2026,Consumer Durables,-0.05842086603463156,0.05191237000630225,0.011873581982850413,0.02978711909058984,0.004854396865723669
DLF,2017,Realty,0.02521566969403768,0.45661103525831265,,,
DLF,2018,Realty,0.06921800004060442,0.2887007623893426,-0.16791027286897003,,
DLF,2019,Realty,-0.010887039519442044,0.25905167538271595,-0.029649087006626662,,
DLF,2020,Realty,-0.01679857650099436,0.1449712786352588,-0.11408039674745715,,
DLF,2021,Realty,-0.006853544696766452,0.12873289441581373,-0.016238384219445068,,
DLF,2022,Realty,-0.026012344709055828,0.08172946317206098,-0.04700343124375275,,
DLF,2023,Realty,-0.006456449259152745,0.06341730921109696,-0.018312153960964014,,
DLF,2024,Realty,-0.025056827675734094,0.08183422316943949,0.018416913958342523,0.2616519810820888,
DLF,2025,Realty,-0.05888299519222345,0.059918010760540014,-0.021916212408899474,0.19298393244300124,0.048555642843546486
DLF,2026,Realty,-0.07559392867016414,0.0041637724167398645,-0.05575423834380015,0.11739069309714609,0.07215834203307614
DMART,2017,Consumer Services,0.004033144993882409,0.2573033090004262,,,
DMART,2018,Consumer Services,0.013503369203040955,0.07776786314980648,-0.1795354458506197,,
DMART,2019,Consumer Services,0.013660695168082212,0.09994290200556705,0.022175038855760568,,
DMART,2020,Consumer Services,0.001733994912289985,0.02759072420372039,-0.07235217780184666,,
DMART,2021,Consumer Services,-0.02018667086535751,0.02875932347373316,0.0011685992700127719,,
DMART,2022,Consumer Services,0.00776938500340638,0.04181635552498937,0.01305703205125621,,
DMART,2023,Consumer Services,-0.013905919626700944,0.035514887994821186,-0.006301467530168185,,
DMART,2024,Consumer Services,-0.09550699776313404,0.027968381597243214,-0.007546506397577972,0.07620824476993342,
DMART,2025,Consumer Services,-0.06609898168782015,0.03371148836126515,0.005743106764021934,0.08084524067338161,0.0032788512476624562
DMART,2026,Consumer Services,-0.0882908642485572,0.08215417607491136,0.04844268771364622,0.07977533888849575,0.002427982059536244
DOMS,2020,Fast Moving Consumer Goods,-0.0024016811768237784,0.14560192134494146,,,
DOMS,2021,Fast Moving Consumer Goods,-0.03533795329409531,0.23025441427757734,0.08465249293263588,,
DOMS,2022,Fast Moving Consumer Goods,-0.07353355043621598,0.24713544807622723,0.016881033798649886,,
DOMS,2023,Fast Moving Consumer Goods,-0.12105534628549992,0.2185091983307023,-0.02862624974552494,,
DOMS,2024,Fast Moving Consumer Goods,-0.11081512605042017,0.14445378151260505,-0.07405541681809724,0.17535072139849534,
DOMS,2025,Fast Moving Consumer Goods,-0.08298928146089718,0.14011512504962287,-0.004338656462982177,0.17460612303483677,0.0005265105522033654
DOMS,2026,Fast Moving Consumer Goods,-0.12326063589213446,0.08297258721049756,-0.057142537839125304,0.12313015465839436,0.029936926299786244
DRREDDY,2017,Healthcare,-0.039359024683091284,0.22713523747950773,,,
DRREDDY,2018,Healthcare,-0.03830992469562806,0.22691538437445466,-0.00021985310505306943,,
DRREDDY,2019,Healthcare,-0.041055744637193727,0.17120388254238725,-0.05571150183206741,,
DRREDDY,2020,Healthcare,-0.04125597998561789,0.09517165949714296,-0.07603222304524429,,
DRREDDY,2021,Healthcare,-0.06088107748261428,0.11399170299271473,0.018820043495571773,,
DRREDDY,2022,Healthcare,-0.02112252273453128,0.11378191659242574,-0.00020978640028898599,,
DRREDDY,2023,Healthcare,-0.04285124390312054,0.04182668873082452,-0.07195522786160122,,
DRREDDY,2024,Healthcare,-0.08070201677681882,0.05162494810429168,0.009798259373467164,0.2712022144800267,
DRREDDY,2025,Healthcare,-0.07148479472250681,0.09738290978451902,0.04575796168022734,0.21563049786368726,0.03929513766159074
DRREDDY,2026,Healthcare,-0.09243027606770986,0.1367011508271073,0.03931824104258827,0.10616311513864539,0.08397343615669169
ECLERX,2017,Services,0.029753815783827058,0.000758150113722517,,,
ECLERX,2018,Services,-0.010585739556977624,0.00446828154402385,0.0037101314303013325,,
ECLERX,2019,Services,0.01395219636611573,0.0010543062412404196,-0.00341397530278343,,
ECLERX,2020,Services,-0.07186219544752818,0.09088693108611623,0.08983262484487581,,
ECLERX,2021,Services,-0.04119966843334756,0.08777975936299012,-0.0031071717231261065,,
ECLERX,2022,Services,-0.012923379346921697,0.07936979062763054,-0.008409968735359583,,
ECLERX,2023,Services,-0.0016491490390958265,0.08512247680197019,0.005752686174339647,,
ECLERX,2024,Services,-0.13318535721503466,0.0910258649923443,0.005903388190374115,0.24300203790025998,
ECLERX,2025,Services,-0.14738780412433536,0.11409301895868974,0.02306715396634544,0.25810731269795295,0.010681042241134954
ECLERX,2026,Services,-0.19214282617648973,0.10430440248845729,-0.00978861647023245,0.2301711270783436,0.013983514497477957
EICHERMOT,2017,Automobile and Auto Components,-0.005833861220017477,0.015957871789164912,,,
EICHERMOT,2018,Automobile and Auto Components,-0.054880001848306534,0.01584082720119132,-0.0001170445879735936,,
EICHERMOT,2019,Automobile and Auto Components,0.05508644635952236,0.01640140407822019,0.0005605768770288698,,
EICHERMOT,2020,Automobile and Auto Components,0.010708674572600843,0.02000044980931298,0.0035990457310927926,,
EICHERMOT,2021,Automobile and Auto Components,-0.023634124411602474,0.015059816836909568,-0.004940632972403413,,
EICHERMOT,2022,Automobile and Auto Components,0.009266516437905476,0.006673552323661402,-0.008386264513248167,,
EICHERMOT,2023,Automobile and Auto Components,0.004754751104823312,0.015023200768427787,0.008349648444766385,,
EICHERMOT,2024,Automobile and Auto Components,-0.11045622499202902,0.018145690722916115,0.0031224899544883278,0.24153650022521075,
EICHERMOT,2025,Automobile and Auto Components,-0.0941808856199638,0.016858875684881473,-0.0012868150380346416,0.2546139704679721,0.009247167889421804
EICHERMOT,2026,Automobile and Auto Components,-0.10391666842849485,0.01597926348948935,-0.0008796121953921245,0.2398249809270221,0.008089743896860064
EIDPARRY,2017,Fast Moving Consumer Goods,-0.10835415455369256,0.2935316905334348,,,
EIDPARRY,2018,Fast Moving Consumer Goods,-0.00023747786121243038,0.3076845770863462,0.014152886552911415,,
EIDPARRY,2019,Fast Moving Consumer Goods,0.012948805993052044,0.3222812538519396,0.014596676765593397,,
EIDPARRY,2020,Fast Moving Consumer Goods,-0.10164210142918931,0.2910455056127115,-0.031235748239228145,,
EIDPARRY,2021,Fast Moving Consumer Goods,-0.3261502067283067,0.09274599008941253,-0.19829951552329894,,
EIDPARRY,2022,Fast Moving Consumer Goods,-0.0860315480999383,0.07899256333957236,-0.013753426749840175,,
EIDPARRY,2023,Fast Moving Consumer Goods,0.03136143074412839,0.08615393791190767,0.007161374572335316,,
EIDPARRY,2024,Fast Moving Consumer Goods,-0.08281286068521813,0.08099268018437297,-0.005161257727534702,0.07954038542030996,
EIDPARRY,2025,Fast Moving Consumer Goods,-0.06992875575117896,0.1109535929660922,0.029960912781719223,0.08097690114621516,0.00101577001106868
EIDPARRY,2026,Fast Moving Consumer Goods,-0.04792316737728741,0.12077654215541456,0.00982294918932236,0.08325016190704318,0.0018705495404208548
EIHOTEL,2017,Consumer Services,-0.038093193392867826,0.0975443383356071,,,
EIHOTEL,2018,Consumer Services,-0.02277435768732992,0.12349479112843302,0.025950452792825915,,
EIHOTEL,2019,Consumer Services,-0.03557797710958403,0.12967621023350112,0.0061814191050681006,,
EIHOTEL,2020,Consumer Services,-0.037869476148668424,0.14575763715359852,0.016081426920097397,,
EIHOTEL,2021,Consumer Services,-0.05582912075256694,0.12372501242559794,-0.022032624728000577,,
EIHOTEL,2022,Consumer Services,-0.01904142604012309,0.11484080574941317,-0.008884206676184767,,
EIHOTEL,2023,Consumer Services,-0.06819216032472673,0.05424474639824531,-0.060596059351167866,,
EIHOTEL,2024,Consumer Services,-0.08864864436277717,0.03950555615022023,-0.014739190248025079,0.4458552557581514,
EIHOTEL,2025,Consumer Services,-0.09981650432158048,0.04545548086157224,0.005949924711352007,0.43103942077466806,0.010476377385761917
EIHOTEL,2026,Consumer Services,-0.1337580201509873,0.03855170696915039,-0.006903773892421847,0.2534857525572333,0.10704425862347212
ELECON,2017,Capital Goods,-0.08497333352500612,0.2795739114184265,,,
ELECON,2018,Capital Goods,-0.029155844155844154,0.27387755102040817,-0.005696360398018352,,
ELECON,2019,Capital Goods,-0.007958209010373848,0.25318466924704164,-0.020692881773366534,,
ELECON,2020,Capital Goods,-0.06220619244189595,0.22703898336127587,-0.026145685885765768,,
ELECON,2021,Capital Goods,-0.09578813917453162,0.16860020526029823,-0.05843877810097764,,
ELECON,2022,Capital Goods,-0.04823837490741334,0.08817748642548452,-0.08042271883481371,,
ELECON,2023,Capital Goods,-0.04139593497814878,0.029817097139685986,-0.058360389285798536,,
ELECON,2024,Capital Goods,-0.12117772293083633,0.03318763306140136,0.0033705359217153716,0.2695834672616234,
ELECON,2025,Capital Goods,-0.12948301318571007,0.06639750574287316,0.033209872681471804,0.19788306086200022,0.050699843579004894
ELECON,2026,Capital Goods,-0.0754156255411791,0.08431570223398728,0.01791819649111412,0.2096204087905333,0.038458380091283835
ELGIEQUIP,2017,Capital Goods,-0.04653787126478288,0.22665884264692604,,,
ELGIEQUIP,2018,Capital Goods,0.038929420967767685,0.2124634812177717,-0.01419536142915434,,
ELGIEQUIP,2019,Capital Goods,-0.05002581649201145,0.1728905017126152,-0.03957297950515651,,
ELGIEQUIP,2020,Capital Goods,0.004570949648636454,0.28889175423892727,0.11600125252631208,,
ELGIEQUIP,2021,Capital Goods,-0.07794791005530874,0.2633511651101641,-0.02554058912876317,,
ELGIEQUIP,2022,Capital Goods,0.05608530970198777,0.22247291958059806,-0.04087824552956604,,
ELGIEQUIP,2023,Capital Goods,0.08265062865302467,0.2326601078612889,0.010187188280690845,,
ELGIEQUIP,2024,Capital Goods,-0.0727816763438179,0.22730025291205072,-0.005359854949238185,0.14092898689224742,
ELGIEQUIP,2025,Capital Goods,-0.09736902762685633,0.19006223451545987,-0.037238018396590855,0.14341239784731913,0.001756036726804165
ELGIEQUIP,2026,Capital Goods,-0.09898247597512719,0.15067834934991522,-0.03938388516554464,0.14620598757296177,0.0026400192458656403
EMAMILTD,2017,Fast Moving Consumer Goods,-0.14951443630049632,0.18168687287757956,,,
EMAMILTD,2018,Fast Moving Consumer Goods,-0.10031631431277586,0.11648944725414158,-0.06519742562343799,,
EMAMILTD,2019,Fast Moving Consumer Goods,-0.08887997956374268,0.03898145125810709,-0.07750799599603449,,
EMAMILTD,2020,Fast Moving Consumer Goods,-0.08506317015620798,0.07849227920313014,0.039510827945023044,,
EMAMILTD,2021,Fast Moving Consumer Goods,-0.18527279149419174,0.03998110878719207,-0.038511170415938066,,
EMAMILTD,2022,Fast Moving Consumer Goods,0.06398158652301356,0.09231329140901133,0.05233218262181926,,
EMAMILTD,2023,Fast Moving Consumer Goods,-0.035302172515913575,0.029230625143311127,-0.06308266626570021,,
EMAMILTD,2024,Fast Moving Consumer Goods,-0.15296651391021834,0.028741258313397494,-0.0004893668299136324,0.31843389106986314,
EMAMILTD,2025,Fast Moving Consumer Goods,-0.16350185236666082,0.025470750761654594,-0.0032705075517429003,0.3335619590036551,0.010697159422235054
EMAMILTD,2026,Fast Moving Consumer Goods,-0.17313099300093196,0.04227113360884059,0.016800382847185998,0.2161064654882074,0.0638951659915627
EMCURE,2019,Healthcare,-0.04467883278432189,0.3816403637283048,,,
EMCURE,2020,Healthcare,-0.06991384300467278,0.3903893423712888,0.008748978642984018,,
EMCURE,2021,Healthcare,-0.04223851573397641,0.34135990732203225,-0.04902943504925655,,
EMCURE,2022,Healthcare,-0.01760714849232251,0.36825531278806145,0.0268954054660292,,
EMCURE,2023,Healthcare,-0.03238498378715726,0.3518902923437092,-0.01636502044435223,,
EMCURE,2024,Healthcare,-0.12238629406332044,0.30287598451752157,-0.04901430782618765,0.1806810249512134,
EMCURE,2025,Healthcare,-0.07648247356166729,0.12592760409420162,-0.17694838042331995,0.2084849459271921,0.019660341065689417
EMCURE,2026,Healthcare,-0.0682717289857144,0.15988787616348976,0.033960272069288144,0.20635935592629195,0.015475533572686443
EMMVEE,2020,Capital Goods,-0.19167620792305934,0.6525417907029998,,,
EMMVEE,2021,Capital Goods,-0.07543998078836324,0.6897320662801468,0.03719027557714705,,
EMMVEE,2022,Capital Goods,-0.13695311386632464,0.572894399315947,-0.11683766696419984,,
EMMVEE,2023,Capital Goods,-0.06033186104810791,0.6259400740121762,0.05304567469622923,,
EMMVEE,2024,Capital Goods,-0.062237723625119624,0.6657494662445703,0.0398093922323941,0.38229003009710577,
EMMVEE,2025,Capital Goods,-0.08945228964237992,0.5276691202959686,-0.13808034594860175,0.35875894988066825,0.01663898638968756
EMMVEE,2026,Capital Goods,0.031208369351874155,0.06237516219170584,-0.4652939581042627,0.3523580538983748,0.015761801952240688
ENDURANCE,2017,Automobile and Auto Components,-0.05890111267469222,0.19768919172985877,,,
ENDURANCE,2018,Automobile and Auto Components,-0.08095539860123746,0.18759548801142975,-0.01009370371842902,,
ENDURANCE,2019,Automobile and Auto Components,-0.0845573282458752,0.15314786473510977,-0.03444762327631998,,
ENDURANCE,2020,Automobile and Auto Components,-0.0880810898372988,0.14807271376757197,-0.0050751509675378,,
ENDURANCE,2021,Automobile and Auto Components,-0.01770824633202483,0.11155133773211949,-0.03652137603545248,,
ENDURANCE,2022,Automobile and Auto Components,-0.04794962591642792,0.07335008827074704,-0.03820124946137245,,
ENDURANCE,2023,Automobile and Auto Components,-0.05622080791775275,0.07567999082613316,0.002329902555386121,,
ENDURANCE,2024,Automobile and Auto Components,-0.11087156202239282,0.09723208580063954,0.021552094974506372,0.13029701031072063,
ENDURANCE,2025,Automobile and Auto Components,-0.14355249273224757,0.10340535156416934,0.006173265763529806,0.13223417640831214,0.0013697832838916468
ENDURANCE,2026,Automobile and Auto Components,-0.13833314673028396,0.11425790838077357,0.010852556816604228,0.12417929541656914,0.004204365901594109
ENGINERSIN,2017,Construction,0.02129009950090311,,,,
ENGINERSIN,2018,Construction,-0.04773656716748561,,,,
ENGINERSIN,2019,Construction,-0.03792644936593195,,,,
ENGINERSIN,2020,Construction,0.00945958143167164,0.0009653835437424702,,,
ENGINERSIN,2021,Construction,0.017444674848642452,0.0009051057420178453,-6.027780172462491e-05,,
ENGINERSIN,2022,Construction,0.021829210782706113,0.0008904996612749944,-1.4606080742850898e-05,,
ENGINERSIN,2023,Construction,0.10460346399270738,0.0043026435733819505,0.0034121439121069562,,
ENGINERSIN,2024,Construction,-0.023924223408256323,0.0069767540134295135,0.002674110440047563,0.12804248028355067,
ENGINERSIN,2025,Construction,0.04370929850516669,0.004204752852072085,-0.002772001161357429,0.2910414463246959,0.1152576742140896
ENGINERSIN,2026,Construction,-0.027443844727946788,0.0028622832842656203,-0.0013424695678064644,0.15422521467603434,0.08753368851789768
ENRIN,2025,Capital Goods,-0.35171604576122023,0.015463269496710386,-0.6619560853419992,0.2411429169501282,0.014212846638248327
ENRIN,2026,Capital Goods,,,,0.23563727067911172,0.010386829277496986
ERIS,2017,Healthcare,0.06731116602361235,0.000939292784786347,,,
ERIS,2018,Healthcare,0.04224261624355388,0.2676478527084429,0.26670855992365655,,
ERIS,2019,Healthcare,0.04514101573943381,0.11745985245945297,-0.15018800024898993,,
ERIS,2020,Healthcare,0.016867662433658066,,,,
ERIS,2021,Healthcare,-0.0113262082409088,0.0037978086979901862,,,
ERIS,2022,Healthcare,0.012510949888816522,0.03791918420520653,0.03412137550721634,,
ERIS,2023,Healthcare,0.026518539808604306,0.2571260143884048,0.2192068301831983,,
ERIS,2024,Healthcare,-0.05973853161278442,0.4130490635641738,0.155923049175769,0.3440923774829885,
ERIS,2025,Healthcare,-0.14306166699024953,0.367242347759201,-0.04580671580497281,0.34876462938881664,0.0033037810060228363
ERIS,2026,Healthcare,-0.05554151573863477,0.33114592985707464,-0.036096417902126365,0.33875751503006013,0.005007212016222379
ESCORTS,2017,Capital Goods,-0.05393814742343446,0.08296709823019362,,,
ESCORTS,2018,Capital Goods,-0.028460452155175668,0.012860821692976516,-0.0701062765372171,,
ESCORTS,2019,Capital Goods,0.15152847798052674,0.059690204101577014,0.046829382408600496,,
ESCORTS,2020,Capital Goods,-0.06480107539749021,0.009507455185123137,-0.05018274891645388,,
ESCORTS,2021,Capital Goods,-0.03739366721090058,0.008811936896005769,-0.0006955182891173681,,
ESCORTS,2022,Capital Goods,0.07731775391041028,0.0057039397259913,-0.003107997170014469,,
ESCORTS,2023,Capital Goods,0.04093974904857003,0.005681806913757509,-2.213281223379087e-05,,
ESCORTS,2024,Capital Goods,-0.03773761406926896,0.03616507907834934,0.03048327216459183,0.11271293953229625,
ESCORTS,2025,Capital Goods,-0.04924897038417863,0.00803226345946334,-0.028132815618885997,0.13251374032537822,0.014001280513712229
ESCORTS,2026,Capital Goods,-0.06302059653064404,0.010251406093472762,0.0022191426340094217,0.11050802013998222,0.012118753390591671
ETERNAL,2019,Consumer Services,,0.10194908698811561,-0.033541167579032916,,
ETERNAL,2020,Consumer Services,-0.07706894590037883,0.1122538693072311,0.010304782319115482,,
ETERNAL,2021,Consumer Services,0.023565232377779056,0.06059631182857471,-0.051657557478656385,,
ETERNAL,2022,Consumer Services,-0.02976279794540313,0.004057251688116811,-0.0565390601404579,,
ETERNAL,2023,Consumer Services,-0.0058799018473077455,0.023473308949488403,0.01941605726137159,,
ETERNAL,2024,Consumer Services,-0.025132728206884742,0.03206884740537763,0.008595538455889229,0.029972247918593896,
ETERNAL,2025,Consumer Services,-0.005782780787693344,0.0574067316059849,0.025337884200607265,0.02255593012565124,0.005244128602824201
ETERNAL,2026,Consumer Services,-0.013260645351407101,0.11276459898826187,0.05535786738227697,0.029389936173370938,0.004124004834195594
EXIDEIND,2017,Automobile and Auto Components,-0.007667211175068648,0.01050589746505258,,,
EXIDEIND,2018,Automobile and Auto Components,-0.011273651630589198,0.0030133387298557726,-0.007492558735196808,,
EXIDEIND,2019,Automobile and Auto Components,-0.037502663731435244,0.003969071291706902,0.0009557325618511294,,
EXIDEIND,2020,Automobile and Auto Components,-0.03479355523772196,0.008115632691007508,0.004146561399300606,,
EXIDEIND,2021,Automobile and Auto Components,-0.05115931615783583,0.017908559362697345,0.009792926671689838,,
EXIDEIND,2022,Automobile and Auto Components,0.3097074535997716,0.03736834117250175,0.019459781809804403,,
EXIDEIND,2023,Automobile and Auto Components,0.0036902994455064223,0.03987027709771433,0.002501935925212584,,
EXIDEIND,2024,Automobile and Auto Components,-0.07583448903611358,0.06186908132786529,0.021998804230150958,0.10571311916190325,
EXIDEIND,2025,Automobile and Auto Components,-0.05043974477411537,0.0942842529668513,0.032415171638986016,0.10764678295191865,0.0013673067784547763
EXIDEIND,2026,Automobile and Auto Components,-0.09721608213566295,0.07424974950017862,-0.020034503466672682,0.11241629555131884,0.0034501178674617426
FACT,2016,Chemicals,-0.12890586395530673,1.0789689391164827,,,
FACT,2017,Chemicals,-0.1831715855436096,1.4964058353785397,0.41743689626205693,,
FACT,2018,Chemicals,-0.19033956077145445,1.2285131811709884,-0.26789265420755126,,
FACT,2019,Chemicals,0.2439868835703944,0.9683672600289585,-0.26014592114202995,,
FACT,2020,Chemicals,0.2717899097410157,0.6881642804227205,-0.28020297960623797,,
FACT,2021,Chemicals,-0.1972005461200758,0.5362216494238669,-0.15194263099885363,,
FACT,2022,Chemicals,0.040611061085167426,0.38480933135090983,-0.15141231807295702,,
FACT,2023,Chemicals,-0.11054466032670518,0.33520862720116484,-0.04960070414974499,0.039213363345575174,
FACT,2024,Chemicals,-0.0464945734393403,0.30944472839845943,-0.02576389880270541,0.033209749109982936,0.00424519633761536
FACT,2025,Chemicals,-0.03444082331909,0.29900075717786395,-0.010443971220595483,-0.02734972956424125,0.03681969395786371
FEDERALBNK,2017,Financial Services,-0.022200056907458875,0.9006096337088891,,,
FEDERALBNK,2018,Financial Services,0.0430013117965579,0.8928645364255203,-0.007745097283368807,,
FEDERALBNK,2019,Financial Services,-0.040836182713352216,0.8943195953322923,0.001455058906772,,
FEDERALBNK,2020,Financial Services,-0.01172801170286899,0.8986999581627452,0.004380362830452844,,
FEDERALBNK,2021,Financial Services,-0.04642075203306375,0.8999357553614123,0.0012357971986671767,,
FEDERALBNK,2022,Financial Services,0.04306663180709248,0.8896038539425096,-0.010331901418902723,,
FEDERALBNK,2023,Financial Services,0.009982759216408885,0.8912196330160074,0.0016157790734977473,,
FEDERALBNK,2024,Financial Services,-0.017263523468836136,0.8734443614743996,-0.01777527154160774,0.676614997928387,
FEDERALBNK,2025,Financial Services,-0.021398886930795398,0.8776281375267454,0.004183776052345767,0.6474586541348583,0.020616648411010463
FEDERALBNK,2026,Financial Services,-0.0076925334410397105,0.8622250801331475,-0.01540305739359793,0.6610694033514891,0.014588867835863379
FINCABLES,2017,Capital Goods,0.07684897872183441,0.0005082821293741981,,,
FINCABLES,2018,Capital Goods,0.03392052761273915,0.00030173931160331333,-0.00020654281777088474,,
FINCABLES,2019,Capital Goods,0.0803420266697103,0.00017437399734951525,-0.00012736531425379808,,
FINCABLES,2020,Capital Goods,0.024128214159915458,0.0023306328519431723,0.002156258854593657,,
FINCABLES,2021,Capital Goods,0.08932565040263325,0.0017242843576526056,-0.0006063484942905666,,
FINCABLES,2022,Capital Goods,0.028057160149887402,0.0019559238458046655,0.00023163948815205985,,
FINCABLES,2023,Capital Goods,0.029710166752000316,0.0027326847975584537,0.0007767609517537882,,
FINCABLES,2024,Capital Goods,-0.07624450769809553,0.0032048779449030725,0.0004721931473446188,0.11652045917892584,
FINCABLES,2025,Capital Goods,-0.00687500596512549,0.003179809561380346,-2.506838352272665e-05,0.09856000800690597,0.012699956816905122
FINCABLES,2026,Capital Goods,0.028606744530726924,0.002738213094209409,-0.00044159646717093675,0.12129250180066066,0.01198691280222768
FIRSTCRY,2018,Consumer Services,0.023906836964688198,2.49045830202855,,,
FIRSTCRY,2019,Consumer Services,-0.4305157465065697,0.004195095790006853,-2.4862632062385432,,
FIRSTCRY,2020,Consumer Services,0.03965730404295665,0.01250122365515766,0.008306127865150807,,
FIRSTCRY,2021,Consumer Services,0.06913372334235936,0.05260211960004026,0.0401008959448826,,
FIRSTCRY,2022,Consumer Services,0.009828801346447166,0.07329688897070426,0.020694769370663994,,
FIRSTCRY,2023,Consumer Services,-0.006049978079789562,0.13024917170352376,0.056952282732819506,,
FIRSTCRY,2024,Consumer Services,0.004682650697206802,0.1952821064824933,0.06503293477896954,0.04966142033135234,
FIRSTCRY,2025,Consumer Services,0.006311389566830141,0.18107528915668208,-0.014206817325811222,0.039894703399446285,0.006906111772480245
FIRSTCRY,2026,Consumer Services,-0.04485087996269877,0.18038358247973954,-0.000691706676942544,0.028325491518020347,0.01068064668386141
FIVESTAR,2015,Financial Services,0.18073606218875257,0.5318231507348475,,,
FIVESTAR,2016,Financial Services,0.2870843138125472,0.5711050925720375,0.039281941837189915,,
FIVESTAR,2017,Financial Services,0.4183727866065382,0.6552653190600372,0.0841602264879997,,
FIVESTAR,2018,Financial Services,0.4598822773600959,0.474007257826472,-0.18125806123356514,,
FIVESTAR,2019,Financial Services,0.47143610999991487,0.40638006315377345,-0.06762719467269857,,
FLUOROCHEM,2018,Chemicals,-0.07160332049594166,0.20509476291839437,,,
FLUOROCHEM,2019,Chemicals,0.09489159428775899,0.1967649068019908,-0.008329856116403578,,
FLUOROCHEM,2020,Chemicals,-0.05770007367860632,0.28309397401304454,0.08632906721105374,,
FLUOROCHEM,2021,Chemicals,-0.13991629583958826,0.26647779058546,-0.01661618342758453,,
FLUOROCHEM,2022,Chemicals,0.0066620333886806575,0.2261936264317847,-0.040284164153675306,,
FLUOROCHEM,2023,Chemicals,0.0704710253132802,0.18099532916820968,-0.04519829726357502,,
FLUOROCHEM,2024,Chemicals,-0.05419016921837228,0.22700540666995914,0.04601007750174946,0.25609756097560976,
FLUOROCHEM,2025,Chemicals,-0.04180641437254066,0.19621049494267356,-0.030794911727285573,0.2420774647887324,0.009913705086628626
FLUOROCHEM,2026,Chemicals,-0.06236018392270052,0.22940503384255267,0.03319453889987911,0.2682619647355164,0.013103204782205348
FORCEMOT,2017,Automobile and Auto Components,-0.1115834831098207,0.0763130405395026,,,
FORCEMOT,2018,Automobile and Auto Components,-0.043345739346880865,5.152657383956211e-05,-0.07626151396566304,,
FORCEMOT,2019,Automobile and Auto Components,-0.06019083350376235,0.10081171235340164,0.10076018577956208,,
FORCEMOT,2020,Automobile and Auto Components,-0.11588804353790684,0.09997449959489864,-0.0008372127585030004,,
FORCEMOT,2021,Automobile and Auto Components,-0.040454054054054056,0.19843088803088801,0.09845638843598938,,
FORCEMOT,2022,Automobile and Auto Components,-0.029910269192422734,0.2919515426323768,0.09352065460148881,,
FORCEMOT,2023,Automobile and Auto Components,-0.09919270444012558,0.23789305825484625,-0.05405848437753058,,
FORCEMOT,2024,Automobile and Auto Components,-0.20367001986549457,0.11880788911565705,-0.11908516913918919,0.12262568206235544,
FORCEMOT,2025,Automobile and Auto Components,-0.22212007058851033,0.0033950268602526697,-0.11541286225540438,0.17571033938437253,0.03753652116936239
FORCEMOT,2026,Automobile and Auto Components,-0.16528057146790465,,,0.13433961336224032,0.02788886875049115
FORTIS,2017,Healthcare,-0.056819390703059,0.23125958219042356,,,
FORTIS,2018,Healthcare,-0.17716666843583292,0.23142935660140804,0.0001697744109844801,,
FORTIS,2019,Healthcare,-0.010483251697292514,0.17502006801358877,-0.05640928858781927,,
FORTIS,2020,Healthcare,-0.010293388762990194,0.1444590126501761,-0.030561055363412665,,
FORTIS,2021,Healthcare,-0.054781169818405376,0.14085731955575026,-0.003601693094425845,,
FORTIS,2022,Healthcare,-0.02694335703443317,0.10897614027531254,-0.031881179280437724,,
FORTIS,2023,Healthcare,-0.01931619095831534,0.07657407269544905,-0.03240206757986348,,
FORTIS,2024,Healthcare,-0.06569853454184098,0.08904379414048014,0.012469721445031084,0.19453808096418534,
FORTIS,2025,Healthcare,-0.09196395599006653,0.18502756227489314,0.095983768134413,0.22324404748764903,0.020298183589255198
FORTIS,2026,Healthcare,-0.0843221529920387,0.21932753736693014,0.034299975092037,0.21104662813404948,0.014406836817945221
FSL,2017,Services,0.024238467838696317,0.29155068771363546,,,
FSL,2018,Services,0.0033905444449058796,0.19787964902080604,-0.09367103869282942,,
FSL,2019,Services,-0.006121751779771212,0.15339368759780478,-0.04448596142300126,,
FSL,2020,Services,-0.015666160782532593,0.3003511648259131,0.14695747722810834,,
FSL,2021,Services,-0.12835454524545814,0.24971720935289554,-0.05063395547301758,,
FSL,2022,Services,-0.0296091605066286,0.3177920428164959,0.06807483346360038,,
FSL,2023,Services,-0.05073240056413419,0.25125613640216565,-0.06653590641433027,,
FSL,2024,Services,-0.08159485608646955,0.2573643515457379,0.006108215143572238,0.15109542518479058,
FSL,2025,Services,-0.07486339431766767,0.3311870869442479,0.07382273539851003,0.1648165430522128,0.009702295489514144
FSL,2026,Services,-0.11477539041110892,0.3199837921895876,-0.011203294754660309,0.16562625005963588,0.008165675849891276
GABRIEL,2024,Automobile and Auto Components,-0.06545695676851233,0.042130048497041286,,0.08997904718809328,
GABRIEL,2025,Automobile and Auto Components,-0.07375265786480739,0.03416407061266875,-0.00796597788437254,0.09067924592333666,0.0004951152738688374
GABRIEL,2026,Automobile and Auto Components,-0.09798325487918885,0.061000671287430454,0.026836600674761707,0.08709528084843723,0.0018996136549602437
GAIL,2017,Oil Gas & Consumable Fuels,-0.04556625780953267,0.11242484681152852,,,
GAIL,2018,Oil Gas & Consumable Fuels,-0.06470198204870593,0.06318257001976116,-0.04924227679176736,,
GAIL,2019,Oil Gas & Consumable Fuels,-0.02102201242006554,0.032498143625038126,-0.030684426394723033,,
GAIL,2020,Oil Gas & Consumable Fuels,0.014368553141186775,0.0922349039378502,0.05973676031281207,,
GAIL,2021,Oil Gas & Consumable Fuels,-0.035258989218861066,0.09715625246820947,0.004921348530359276,,
GAIL,2022,Oil Gas & Consumable Fuels,0.029364634239903185,0.09541642469302175,-0.001739827775187719,,
GAIL,2023,Oil Gas & Consumable Fuels,0.022367269732310912,0.1652625766323712,0.06984615193934945,,
GAIL,2024,Oil Gas & Consumable Fuels,-0.06817781150616815,0.1747205535959792,0.009457976963608006,0.08603945244067214,
GAIL,2025,Oil Gas & Consumable Fuels,-0.10490719785426482,0.1621569384227465,-0.012563615173232706,0.08321693372002739,0.001995822127393885
GAIL,2026,Oil Gas & Consumable Fuels,-0.046833003413401464,0.17664925226290265,0.014492313840156146,0.17228814972519035,0.0506301720252579
GALLANTT,2017,Capital Goods,-0.008888382428351662,0.14088465994340305,,,
GALLANTT,2018,Capital Goods,-0.0865456463452156,0.0815788316997055,-0.05930582824369754,,
GALLANTT,2019,Capital Goods,0.03984507787901587,0.07141463958315919,-0.010164192116546317,,
GALLANTT,2020,Capital Goods,-0.04133205097379177,0.14758355373887955,0.07616891415572036,,
GALLANTT,2021,Capital Goods,-0.011106810313313118,0.12263724920972842,-0.024946304529151128,,
GALLANTT,2022,Capital Goods,-0.02161430441508985,0.14375446269189576,0.021117213482167344,,
GALLANTT,2023,Capital Goods,0.015378928663474449,0.1823564520285943,0.03860198933669853,,
GALLANTT,2024,Capital Goods,-0.07356013177995425,0.14731480802288607,-0.03504164400570822,0.1780349095071178,
GALLANTT,2025,Capital Goods,-0.13482040948609916,0.1064325672495667,-0.04088224077331937,0.14312859777566647,0.02468248973152079
GALLANTT,2026,Capital Goods,-0.11209168007532268,0.128275752231458,0.021843184981891306,0.16155611999965086,0.01746221958801391
GESHIP,2017,Services,-0.04978873257725479,0.4425156535266207,,,
GESHIP,2018,Services,-0.08042976435247222,0.4237181913344722,-0.018797462192148506,,
GESHIP,2019,Services,-0.07773993717563128,0.41745637853839396,-0.006261812796078237,,
GESHIP,2020,Services,-0.09209185111929453,0.38280263894130045,-0.0346537395970935,,
GESHIP,2021,Services,-0.043523967344122484,0.3568074553130841,-0.025995183628216345,,
GESHIP,2022,Services,-0.04960268029723809,0.3332803573729651,-0.023527097940119035,,
GESHIP,2023,Services,-0.026271736957825285,0.23994747888109239,-0.09333287849187269,,
GESHIP,2024,Services,-0.13174728966090865,0.18136157726206667,-0.058585901619025715,0.49401311374679635,
GESHIP,2025,Services,-0.10392361429705829,0.12251085487600012,-0.05885072238606655,0.5745510299496713,0.05694890668968682
GESHIP,2026,Services,-0.07939451679739529,0.055865419400457146,-0.06664543547554297,0.6670772330155185,0.08660123515125923
GICRE,2017,Financial Services,-0.04346208731918457,,,,
GICRE,2018,Financial Services,-0.05059759054181915,,,,
GICRE,2019,Financial Services,-0.039658557804568374,,,,
GICRE,2020,Financial Services,-0.07300840205673868,,,,
GICRE,2021,Financial Services,-0.08050510805859552,,,,
GICRE,2022,Financial Services,-0.04389144032285449,,,,
GICRE,2023,Financial Services,-0.02958832486105575,,,,
GICRE,2024,Financial Services,0.010237555260917406,,,0.17309340342306628,
GICRE,2025,Financial Services,-0.0012863025693961854,,,0.18793878916036863,0.010497272924176553
GICRE,2026,Financial Services,0.006208390455671477,,,0.14030442541785584,0.024373944987320272
GILLETTE,2017,Fast Moving Consumer Goods,0.005117881537567868,,,,
GILLETTE,2018,Fast Moving Consumer Goods,-0.0066749379652605405,,,,
GILLETTE,2019,Fast Moving Consumer Goods,0.09809899125089844,,,,
GILLETTE,2020,Fast Moving Consumer Goods,0.0036691275465668568,,,,
GILLETTE,2021,Fast Moving Consumer Goods,-0.09516642298099254,0.00011467561136435309,,,
GILLETTE,2022,Fast Moving Consumer Goods,-0.10636655074648069,7.412303187908063e-05,-4.055257948527246e-05,,
GILLETTE,2023,Fast Moving Consumer Goods,-0.05579938940062104,2.6093990553975418e-05,-4.8029041325105214e-05,,
GILLETTE,2024,Fast Moving Consumer Goods,-0.20924211388775094,2.7311211252219036e-05,1.217220698243618e-06,0.266515936109693,
GILLETTE,2025,Fast Moving Consumer Goods,-0.08102935808520624,2.6072899827918862e-05,-1.2383114243001737e-06,0.31363291139240507,0.03331673273140466
GILLETTE,2026,Fast Moving Consumer Goods,-0.23895119879025578,1.0686786323050864e-05,-1.5386113504868e-05,0.2909121095246609,0.02356345148246247
GLAND,2020,Healthcare,0.017601437091749193,0.001213892213224083,,,
GLAND,2021,Healthcare,0.060348702602184716,0.0007696949544956344,-0.0004441972587284486,,
GLAND,2022,Healthcare,0.05372860346991115,0.0006050834670516733,-0.000164611487443961,,
GLAND,2023,Healthcare,0.04751559092866565,0.0005069757585838401,-9.810770846783328e-05,,
GLAND,2024,Healthcare,-0.07465115796894113,0.03507457482079614,0.034567599062212295,0.2600773093457606,
GLAND,2025,Healthcare,-0.05846757231362426,0.02807965015224392,-0.006994924668552217,0.25651189127972823,0.002521131292256528
GLAND,2026,Healthcare,-0.05739071199571355,0.02278100305819241,-0.00529864709405151,0.27182589278274927,0.00801311488328149
GLAXO,2017,Healthcare,0.03410301480771279,0.0005326515393629488,,,
GLAXO,2018,Healthcare,-0.03092344755781522,0.0002507922755979116,-0.00028185926376503724,,
GLAXO,2019,Healthcare,0.00917851052460684,0.00014828791376802144,-0.00010250436182989014,,
GLAXO,2020,Healthcare,-0.12670863710875957,5.740637976233758e-05,-9.088153400568386e-05,,
GLAXO,2021,Healthcare,-0.07055711093416896,0.01111845991832122,0.011061053538558883,,
GLAXO,2022,Healthcare,0.1907874999730212,0.004333872189619857,-0.006784587728701363,,
GLAXO,2023,Healthcare,0.03801501842733379,0.004671464386847754,0.0003375921972278966,,
GLAXO,2024,Healthcare,-0.09900973396089546,0.005249365971062413,0.0005779015842146597,0.3074719302310885,
GLAXO,2025,Healthcare,-0.24203092936585796,0.0024220619414956415,-0.002827304029566772,0.35662562664464204,0.034756912054408576
GLAXO,2026,Healthcare,-0.1540564355542604,0.007694495902975807,0.005272433961480165,0.31488427603256464,0.026499588337421463
GLENMARK,2017,Healthcare,0.038364958440511875,0.4015391206627756,,,
GLENMARK,2018,Healthcare,-0.06702304100633803,0.3683401122793534,-0.03319900838342216,,
GLENMARK,2019,Healthcare,-0.03003885229580722,0.33476862829497644,-0.03357148398437698,,
GLENMARK,2020,Healthcare,-0.04202514800563935,0.3319137245063524,-0.002854903788624019,,
GLENMARK,2021,Healthcare,-0.010348106528289559,0.3201139274072334,-0.011799797099119047,,
GLENMARK,2022,Healthcare,-0.009790174521267271,0.23235214602103355,-0.08776178138619983,,
GLENMARK,2023,Healthcare,-0.016939606642242054,0.2378730866540328,0.005520940632999266,,
GLENMARK,2024,Healthcare,0.042720786162755466,0.08572920983260611,-0.15214387682142672,0.17718410060368112,
GLENMARK,2025,Healthcare,0.07696911254858996,0.15462924052089433,0.06890003068828822,0.22297737282790941,0.032380733322473404
GLENMARK,2026,Healthcare,-0.14880009886148543,0.029815679592337028,-0.1248135609285573,0.20027473074396288,0.022896910049427146
GMDCLTD,2017,Metals & Mining,-0.024882092743943526,,,,
GMDCLTD,2018,Metals & Mining,0.01960718893189199,,,,
GMDCLTD,2019,Metals & Mining,0.014855636295953751,,,,
GMDCLTD,2020,Metals & Mining,0.02875719917520561,,,,
GMDCLTD,2021,Metals & Mining,-0.03665741634491635,0.0001628861003861004,,,
GMDCLTD,2022,Metals & Mining,-0.0060400324173891795,9.3446352449059e-05,-6.943974793704139e-05,,
GMDCLTD,2023,Metals & Mining,0.039085938151684,0.0002977072229237438,0.0002042608704746848,,
GMDCLTD,2024,Metals & Mining,0.005101341494032151,0.00038270239460416766,8.499517168042387e-05,0.14067521655290627,
GMDCLTD,2025,Metals & Mining,-0.12031507034893849,0.016313470483120773,0.015930768088516605,0.1742035742035742,0.023708129056835156
GMDCLTD,2026,Metals & Mining,-0.06459056135652534,0.03522989983448593,0.018916429351365154,0.21071207976705197,0.035028997402405865
GMRAIRPORT,2017,Services,-0.13754100500349914,0.582976163437688,,,
GMRAIRPORT,2018,Services,-0.09792242663608638,0.6185163567739351,0.03554019333624714,,
GMRAIRPORT,2019,Services,-0.14055602078877158,0.688198619205559,0.0696822624316239,,
GMRAIRPORT,2020,Services,-0.08218326905931869,0.7438503417580671,0.055651722552508054,,
GMRAIRPORT,2021,Services,-0.05619048077629138,0.7396089010443564,-0.004241440713710687,,
GMRAIRPORT,2022,Services,-0.11538711468310066,0.7181080439060994,-0.021500857138257,,
GMRAIRPORT,2023,Services,-0.05415382163429794,0.73215682703035,0.014048783124250619,,
GMRAIRPORT,2024,Services,-0.07451887580812944,0.7404843455729315,0.008327518542581513,0.37377319805219283,
GMRAIRPORT,2025,Services,-0.06838517348202329,0.7925435772122322,0.05205923163930071,0.4257704624151546,0.036767618234199884
GMRAIRPORT,2026,Services,-0.08784232229007473,0.798237174581779,0.005693597369546777,0.36552908078893237,0.03266166211048836
GODFRYPHLP,2017,Fast Moving Consumer Goods,-0.048952284319143356,0.033243343630812716,,,
GODFRYPHLP,2018,Fast Moving Consumer Goods,-0.14469616442579983,0.011185400962342077,-0.022057942668470637,,
GODFRYPHLP,2019,Fast Moving Consumer Goods,-0.035451068522214926,0.01465641183121397,0.003471010868871893,,
GODFRYPHLP,2020,Fast Moving Consumer Goods,0.0029892417644113386,0.1082317952141784,0.09357538338296444,,
GODFRYPHLP,2021,Fast Moving Consumer Goods,0.01786843600270117,0.10600741749113009,-0.0022243777230483153,,
GODFRYPHLP,2022,Fast Moving Consumer Goods,-0.009881533746668981,0.08213887784980946,-0.02386853964132063,,
GODFRYPHLP,2023,Fast Moving Consumer Goods,-0.00914812720023025,0.07144999325715598,-0.010688884592653478,,
GODFRYPHLP,2024,Fast Moving Consumer Goods,0.004382827394297021,0.059109127439135,-0.012340865818020984,0.2273070580682519,
GODFRYPHLP,2025,Fast Moving Consumer Goods,0.03386980129257402,0.02568072503529898,-0.033428402403836016,0.20781358518218757,0.013783966866612197
GODFRYPHLP,2026,Fast Moving Consumer Goods,-0.038478384863267386,0.02811905111438948,0.002438326079090499,0.15050891324003948,0.03992028715789344
GODIGIT,2021,Financial Services,-0.28082883086946964,,,,
GODIGIT,2022,Financial Services,-0.276167130453476,,,,
GODIGIT,2023,Financial Services,-0.16414175110233395,,,,
GODIGIT,2024,Financial Services,-0.09446323219397999,0.020638678652824993,,0.048617210779927596,
GODIGIT,2025,Financial Services,-0.06821416023715644,0.016308698500624857,-0.004329980152200135,0.06313414254590725,0.010265020893746616
GODIGIT,2026,Financial Services,-0.07772041490430126,0.01402678554968568,-0.002281912950939177,0.04717307644766009,0.00882782025625388
GODREJCP,2017,Fast Moving Consumer Goods,-0.042977531345994094,0.30918490755588185,,,
GODREJCP,2018,Fast Moving Consumer Goods,-0.00643187242719692,0.253002610401067,-0.056182297154814875,,
GODREJCP,2019,Fast Moving Consumer Goods,0.04347236856576237,0.23997147631363286,-0.013031134087434115,,
GODREJCP,2020,Fast Moving Consumer Goods,-0.006151093931028177,0.2402488394035596,0.0002773630899267354,,
GODREJCP,2021,Fast Moving Consumer Goods,-0.02168032525051269,0.13086194053689362,-0.10938689886666597,,
GODREJCP,2022,Fast Moving Consumer Goods,0.020695032744439176,0.10597732139792514,-0.024884619138968486,,
GODREJCP,2023,Fast Moving Consumer Goods,-0.02570300609155338,0.0647796729532048,-0.04119764844472033,,
GODREJCP,2024,Fast Moving Consumer Goods,-0.085451998903876,0.1751949752284679,0.11041530227526308,0.20059812707148603,
GODREJCP,2025,Fast Moving Consumer Goods,-0.10772587122684286,0.20775748153905946,0.03256250631059157,0.2202228642179117,0.013876784715241125
GODREJCP,2026,Fast Moving Consumer Goods,-0.09473527889355572,0.21108354295952067,0.0033260614204612127,0.18964517556626836,0.01549243093695966
GODREJIND,2017,Diversified,-0.020875761369935568,0.5039066590977163,,,
GODREJIND,2018,Diversified,-0.0806547313478808,0.4129611545009348,-0.09094550459678147,,
GODREJIND,2019,Diversified,-0.0361709742964995,0.39550088701753133,-0.017460267483403458,,
GODREJIND,2020,Diversified,0.008007229271025408,0.36004620240573193,-0.0354546846117994,,
GODREJIND,2021,Diversified,0.03498089373805207,0.34991004525880487,-0.01013615714692706,,
GODREJIND,2022,Diversified,0.07122611703105503,0.42874432758244624,0.07883428232364137,,
GODREJIND,2023,Diversified,0.12308300037445015,0.4490299729289455,0.020285645346499237,,
GODREJIND,2024,Diversified,0.0729238054567301,0.4727951869818798,0.023765214052934303,0.12370176773067652,
GODREJIND,2025,Diversified,0.06104500557806399,0.4341602075607474,-0.038634979421132365,0.10772313058902952,0.011298602676977824
GODREJIND,2026,Diversified,0.0725908682507266,0.40956327894560934,-0.02459692861513807,0.10548283893988535,0.009935333561432528
GODREJPROP,2017,Realty,0.1076628053688658,0.5543236972645968,,,
GODREJPROP,2018,Realty,-0.12911060924064954,0.4476767803774023,-0.10664691688719458,,
GODREJPROP,2019,Realty,-0.027794083299452176,0.434482903506051,-0.013193876871351262,,
GODREJPROP,2020,Realty,0.04969630639705984,0.36759493270054766,-0.06688797080550335,,
GODREJPROP,2021,Realty,0.029654149814453832,0.2795902904171511,-0.08800464228339655,,
GODREJPROP,2022,Realty,0.04516231585143645,0.29186466077571,0.012274370358558884,,
GODREJPROP,2023,Realty,0.14853864697710048,0.2783240208956387,-0.013540639880071315,,
GODREJPROP,2024,Realty,0.02393209319974949,0.2988479596673948,0.020523938771756123,0.009567748327966311,
GODREJPROP,2025,Realty,0.04395946453832409,0.227979510085894,-0.07086844958150079,-0.395477165101533,0.28641000497111707
GODREJPROP,2026,Realty,0.02884477499766515,0.19480481756179874,-0.03317469252409527,-0.5798447162020665,0.3015128049069905
GPIL,2017,Capital Goods,-0.027394312729195295,0.6807019485250044,,,
GPIL,2018,Capital Goods,-0.07054433573889035,0.6152566973662482,-0.06544525115875621,,
GPIL,2019,Capital Goods,-0.0847936977195246,0.5370267522236557,-0.07822994514259252,,
GPIL,2020,Capital Goods,-0.11031164727847194,0.4873560247019963,-0.04967072752165941,,
GPIL,2021,Capital Goods,-0.09511594766161419,0.25808178952368616,-0.22927423517831014,,
GPIL,2022,Capital Goods,0.02787974469982191,0.08762088618855483,-0.1704609033351313,,
GPIL,2023,Capital Goods,-0.03275787547704468,0.061379587042604045,-0.02624129914595079,,
GPIL,2024,Capital Goods,-0.16224004731986355,0.009308884737179996,-0.05207070230542405,0.17043002466091248,
GPIL,2025,Capital Goods,-0.12258622845202007,0.050421095872172604,0.04111221113499261,0.19126771688095132,0.014734473473067628
GPIL,2026,Capital Goods,-0.12824023628900175,0.06078274158288961,0.010361645710717009,0.19065165355590213,0.011856806949626156
GRANULES,2017,Healthcare,-0.012625617441662408,0.34944004428547093,,,
GRANULES,2018,Healthcare,0.04989738903785371,0.36641850292853184,0.016978458643060912,,
GRANULES,2019,Healthcare,-0.008671888376715162,0.3327681889753205,-0.03365031395321133,,
GRANULES,2020,Healthcare,-0.04368141329337193,0.27678546497016854,-0.055982724005151974,,
GRANULES,2021,Healthcare,0.031508236637684914,0.22873234429037786,-0.04805312067979067,,
GRANULES,2022,Healthcare,0.017887501579286848,0.24521836272838704,0.016486018438009176,,
GRANULES,2023,Healthcare,-0.04530770077950048,0.2317372132959695,-0.013481149432417544,,
GRANULES,2024,Healthcare,-0.05853336461806257,0.23919358153764442,0.007456368241674921,0.2024171574228707,
GRANULES,2025,Healthcare,-0.11514801782932903,0.23383714743594897,-0.005356434101695451,0.221976454313587,0.013830511466666447
GRANULES,2026,Healthcare,-0.07982522247429684,0.19680563744726934,-0.03703150998867963,0.22948732707192046,0.013974818956963234
GRAPHITE,2017,Capital Goods,-0.0741148671080126,0.10124787626691664,,,
GRAPHITE,2018,Capital Goods,0.07300997625212417,0.07295368896179433,-0.028294187305122315,,
GRAPHITE,2019,Capital Goods,0.15548124041880507,0.0521028639984699,-0.020850824963324424,,
GRAPHITE,2020,Capital Goods,-0.037311720394253275,0.07450691449121033,0.022404050492740427,,
GRAPHITE,2021,Capital Goods,-0.11146370057314886,0.0407843889307011,-0.03372252556050923,,
GRAPHITE,2022,Capital Goods,0.1576472568586474,0.0691661002737742,0.02838171134307311,,
GRAPHITE,2023,Capital Goods,0.055270444271670424,0.06638107735188639,-0.002785022921887814,,
GRAPHITE,2024,Capital Goods,-0.1031250460215307,0.0260842672635966,-0.040296810088289794,-0.015296367112810707,
GRAPHITE,2025,Capital Goods,-0.05980882430267088,0.02389419471250308,-0.0021900725510935193,0.06542056074766354,0.057075487046686704
GRAPHITE,2026,Capital Goods,0.011807079760479672,0.048512500643410617,0.024618305930907535,0.171021377672209,0.09343541173821636
GRASIM,2017,Construction Materials,-0.06566805955306515,0.14682727889920538,,,
GRASIM,2018,Construction Materials,0.032797132987773946,0.32260818804700325,0.17578090914779787,,
GRASIM,2019,Construction Materials,0.013899605925475447,0.35038580087553867,0.027777612828535414,,
GRASIM,2020,Construction Materials,-0.04999790319853958,0.34718846772301776,-0.003197333152520909,,
GRASIM,2021,Construction Materials,-0.04028542940369615,0.29578523963285863,-0.051403228090159125,,
GRASIM,2022,Construction Materials,0.0017711988350357594,0.2584973293507471,-0.037287910282111536,,
GRASIM,2023,Construction Materials,0.057930762816302474,0.30591328490054276,0.04741595554979566,,
GRASIM,2024,Construction Materials,0.02800045686111711,0.33280650817927715,0.02689322327873439,0.19231484575025284,
GRASIM,2025,Construction Materials,0.036409535924925115,0.3726209898667594,0.03981448168748225,0.2001682615329447,0.005553203555418861
GRASIM,2026,Construction Materials,0.03506294852016514,0.4003503849031294,0.027729395036370008,0.22890886399185487,0.0192649099843197
GRAVITA,2017,Metals & Mining,0.08925554679581034,0.4663531929271314,,,
GRAVITA,2018,Metals & Mining,0.094837227271803,0.47280343235934036,0.00645023943220896,,
GRAVITA,2019,Metals & Mining,-0.12842995126892914,0.43714739838960404,-0.03565603396973632,,
GRAVITA,2020,Metals & Mining,-0.0011231199947913239,0.45461944136988086,0.017472042980276825,,
GRAVITA,2021,Metals & Mining,-0.03309790315696723,0.3594647061253149,-0.09515473524456597,,
GRAVITA,2022,Metals & Mining,0.1301052631578947,0.3925012531328321,0.03303654700751718,,
GRAVITA,2023,Metals & Mining,0.0011951199269648915,0.28858826458627274,-0.10391298854655934,,
GRAVITA,2024,Metals & Mining,0.022177004075874945,0.3417930104674461,0.053204745881173354,0.0810200517853917,
GRAVITA,2025,Metals & Mining,-0.07337198574791627,0.11371047273652733,-0.22808253773091874,0.11776967170401251,0.02598590545048499
GRAVITA,2026,Metals & Mining,-0.018408229561451,0.21536750610924948,0.10165703337272215,0.07437663552669044,0.023372437943140954
GROWW,2022,Financial Services,0.027338795421852524,,,,
GROWW,2023,Financial Services,-0.018752937946411863,0.015637154778296847,,,
GROWW,2024,Financial Services,-0.01594667977056537,0.0113607309580854,-0.004276423820211447,1.0408397808196688,
GROWW,2025,Financial Services,0.14977297200732442,0.06057354962608614,0.049212818668000737,0.5919313855287937,0.31742617044174903
GROWW,2026,Financial Services,0.04082194933397729,0.015786604777903293,-0.044786944848182846,0.6460284264229862,0.24505823891362352
GVT&D,2010,Capital Goods,0.017726250293758884,0.2004722523752504,,,
HAL,2017,Capital Goods,0.05854451846311725,0.019751776544777434,,,
HAL,2018,Capital Goods,0.05649860789586034,0.018664285724602946,-0.0010874908201744873,,
HAL,2019,Capital Goods,0.19474999480545505,0.07993190971084735,0.0612676239862444,,
HAL,2020,Capital Goods,0.02500670631293741,0.10934832349556275,0.029416413784715406,,
HAL,2021,Capital Goods,-0.2256689448295188,0.0009551729399825183,-0.10839315055558024,,
HAL,2022,Capital Goods,-0.08452652539219581,0.0008177004345247165,-0.00013747250545780173,,
HAL,2023,Capital Goods,-0.043333622033604705,0.0007461458513771003,-7.155458314761628e-05,,
HAL,2024,Capital Goods,-0.08383289556751605,0.0006194472829598605,-0.00012669856841723978,0.2418334097517575,
HAL,2025,Capital Goods,-0.10834357726871198,0.0004732357753734505,-0.00014621150758640996,0.24302099028420013,0.0008397462476953307
HAL,2026,Capital Goods,-0.06932306234611171,0.0004897489415373547,1.6513166163904206e-05,0.2768309952367742,0.01987191389958522
HAVELLS,2017,Consumer Durables,-0.05274075851486051,0.040313638676943264,,,
HAVELLS,2018,Consumer Durables,-0.06622161752309115,0.017461948600910174,-0.02285169007603309,,
HAVELLS,2019,Consumer Durables,0.04005539739939987,0.013219833947694222,-0.004242114653215952,,
HAVELLS,2020,Consumer Durables,-0.012915903837589863,0.010231216732994508,-0.0029886172146997136,,
HAVELLS,2021,Consumer Durables,0.04337649368635805,0.058894564777808155,0.04866334804481365,,
HAVELLS,2022,Consumer Durables,-0.0505121536109229,0.05857528263714209,-0.0003192821406660662,,
HAVELLS,2023,Consumer Durables,0.04542170963948719,0.01999562623684286,-0.03857965640029923,,
HAVELLS,2024,Consumer Durables,-0.1346924921316304,0.024384103520637933,0.0043884772837950725,0.0872370105829846,
HAVELLS,2025,Consumer Durables,-0.08850703976491393,0.02306687975807801,-0.0013172237625599242,0.0923622333295752,0.003624079759205761
HAVELLS,2026,Consumer Durables,-0.08691090955327627,0.017984233279647367,-0.005082646478430642,0.0715167861016632,0.010862213065462076
HBLENGINE,2017,Capital Goods,-0.0030957430124170706,0.3266418007132483,,,
HBLENGINE,2018,Capital Goods,-0.09476563897668316,0.27303357385652094,-0.05360822685672734,,
HBLENGINE,2019,Capital Goods,-0.12004721248201532,0.19996381525101015,-0.07306975860551079,,
HBLENGINE,2020,Capital Goods,-0.11116351630809419,0.14599281645684434,-0.05397099879416581,,
HBLENGINE,2021,Capital Goods,-0.10363229305386679,0.06749271418369907,-0.07850010227314527,,
HBLENGINE,2022,Capital Goods,0.027750064011442605,0.05527939891048111,-0.012213315273217958,,
HBLENGINE,2023,Capital Goods,-0.018382154088657763,0.06646628393048934,0.011186885020008232,,
HBLENGINE,2024,Capital Goods,-0.12433347439695301,0.04078350764766338,-0.02568277628282596,0.20765269886363638,
HBLENGINE,2025,Capital Goods,-0.013205354887597887,0.037529679211922205,-0.0032538284357411726,0.3459795890348268,0.09781188206049551
HBLENGINE,2026,Capital Goods,-0.21394649977733737,0.02273198557282088,-0.014797693639101325,0.2299891854614987,0.0742597029564404
HCLTECH,2017,Information Technology,-0.008500502600410822,0.012717975612953979,,,
HCLTECH,2018,Information Technology,0.008189376732167788,0.011606826564421012,-0.0011111490485329664,,
HCLTECH,2019,Information Technology,0.01969185418773244,0.07189497677766543,0.06028815021324442,,
HCLTECH,2020,Information Technology,-0.027795554160277233,0.09642714835967592,0.024532171582010487,,
HCLTECH,2021,Information Technology,-0.09846944111938824,0.07977035806012993,-0.01665679029954599,,
HCLTECH,2022,Information Technology,-0.03824743311478728,0.07133298096062797,-0.008437377099501958,,
HCLTECH,2023,Information Technology,-0.03386595174262735,0.05141018766756032,-0.019922793293067648,,
HCLTECH,2024,Information Technology,-0.180362806294568,0.05813789063289094,0.006727702965330616,0.22950819672131148,
HCLTECH,2025,Information Technology,-0.17405245022970903,0.060068912710566615,0.001931022077675676,0.21882380727444498,0.0075550042307172905
HCLTECH,2026,Information Technology,-0.1333570783237195,0.045303704218500246,-0.014765208492066369,0.1986754966887417,0.015656553412808236
HDBFS,2018,Financial Services,0.20064396569858375,0.7867095214331042,,,
HDBFS,2019,Financial Services,0.17941355832439576,0.7977510562373895,0.011041534804285269,,
HDBFS,2023,Financial Services,0.12576603784789778,0.7832263317877316,-0.014524724449657911,,
HDBFS,2024,Financial Services,0.18592252452042543,0.8030841914847481,0.019857859697016478,0.5633265759243169,
HDBFS,2025,Financial Services,0.1302853061047572,0.804298949534843,0.0012147580500949662,0.564567169077143,0.0008772318310569322
HDFCAMC,2023,Financial Services,0.04192382660102139,,,,
HDFCAMC,2024,Financial Services,-0.12885217471885196,,,0.8173073836705435,
HDFCAMC,2025,Financial Services,-0.14917503365460436,,,0.8151799832573715,0.0015042992584529437
HDFCAMC,2026,Financial Services,-0.16921284619634405,,,0.7733059324191612,0.02481293237523111
HDFCBANK,2017,Financial Services,-0.002242531625914379,0.8310133278622006,,,
HDFCBANK,2018,Financial Services,0.0011744527217921882,0.8564440397217815,0.0254307118595809,,
HDFCBANK,2019,Financial Services,0.0659062451077819,0.8355744808707567,-0.020869558851024816,,
HDFCBANK,2020,Financial Services,0.027911304819707956,0.8432539156018144,0.007679434731057699,,
HDFCBANK,2021,Financial Services,-0.005914532251542746,0.8399066693074647,-0.0033472462943496817,,
HDFCBANK,2022,Financial Services,0.02355811011202749,0.8408030008276752,0.0008963315202105138,,
HDFCBANK,2023,Financial Services,0.00995221591452566,0.8453938054951589,0.004590804667483628,,
HDFCBANK,2024,Financial Services,-0.0003505364528011609,0.7710553237699268,-0.07433848172523205,0.5142673162577168,
HDFCBANK,2025,Financial Services,-0.024460957070374535,0.761707682523959,-0.009347641245967764,0.3781250380454395,0.09626712813008685
HDFCBANK,2026,Financial Services,-0.019206888005128694,0.7514970012417259,-0.010210681282233125,0.35642994621162294,0.0855550819741045
HDFCLIFE,2017,Financial Services,-0.056188356740942386,,,,
HDFCLIFE,2018,Financial Services,-0.050976975424776444,,,,
HDFCLIFE,2019,Financial Services,-0.06606939633554454,,,,
HDFCLIFE,2020,Financial Services,-0.04605992035476201,,,,
HDFCLIFE,2021,Financial Services,-0.0464332645496614,0.003339733747519691,,,
HDFCLIFE,2022,Financial Services,-0.020003991601600886,0.0026003919224025715,-0.0007393418251171193,,
HDFCLIFE,2023,Financial Services,-0.022231251958878418,0.0038295758140116116,0.00122918389160904,,
HDFCLIFE,2024,Financial Services,-0.034028722877835434,0.0031385562918571906,-0.000691019522154421,0.025897283684011865,
HDFCLIFE,2025,Financial Services,-0.04344123340159475,0.008442765405771612,0.005304209113914422,0.00920156275008402,0.011805657489178579
HDFCLIFE,2026,Financial Services,-0.05637318871828933,0.007935929113689623,-0.0005068362920819889,0.014983184980616739,0.008478323376191367
HEG,2017,Capital Goods,-0.10856621556698749,0.3691154163810182,,,
HEG,2018,Capital Goods,0.1844686777821993,0.10859366728608927,-0.2605217490949289,,
HEG,2019,Capital Goods,0.2989545832717772,0.1296157345131367,0.021022067227047442,,
HEG,2020,Capital Goods,-0.15120033345725326,0.13389209954149625,0.004276365028359541,,
HEG,2021,Capital Goods,-0.17287991027670965,0.0702282666063485,-0.06366383293514775,,
HEG,2022,Capital Goods,0.10769694514831528,0.12522348552642734,0.054995218920078845,,
HEG,2023,Capital Goods,0.07362841622218005,0.1304594550910407,0.005235969564613363,,
HEG,2024,Capital Goods,-0.09275330798265678,0.10921604669763003,-0.02124340839341067,0.13990969522137214,
HEG,2025,Capital Goods,-0.01287853035324778,0.10404627347667204,-0.0051697732209579905,0.217380694556713,0.054780268975318035
HEG,2026,Capital Goods,-0.01473622067676977,0.12910492785966368,0.025058654382991638,0.22118421245905495,0.04586532757008686
HEROMOTOCO,2017,Automobile and Auto Components,-0.027619514106583063,0.01701998432601881,,,
HEROMOTOCO,2018,Automobile and Auto Components,-0.017061252315808774,0.013099588255953849,-0.003920396070064962,,
HEROMOTOCO,2019,Automobile and Auto Components,0.130337390755476,0.016833870504032563,0.003734282248078714,,
HEROMOTOCO,2020,Automobile and Auto Components,-0.0955582652699721,0.023037937752585003,0.00620406724855244,,
HEROMOTOCO,2021,Automobile and Auto Components,-0.051640775559845836,0.02528653118341676,0.002248593430831756,,
HEROMOTOCO,2022,Automobile and Auto Components,0.00948377530597166,0.02692230181965879,0.001635770636242033,,
HEROMOTOCO,2023,Automobile and Auto Components,0.00820001480116887,0.023729534979886717,-0.0031927668397720745,,
HEROMOTOCO,2024,Automobile and Auto Components,-0.14589342093138052,0.02318720105961926,-0.0005423339202674585,0.13801122624121703,
HEROMOTOCO,2025,Automobile and Auto Components,-0.10672088232890647,0.024653825670157996,0.0014666246105387373,0.14028071198271458,0.0016047687576190945
HEROMOTOCO,2026,Automobile and Auto Components,-0.20632961453806722,0.023275028929000716,-0.0013787967411572795,0.12967961390637917,0.0055819591849243155
HEXT,2016,Information Technology,-0.023288821192740738,,,,
HEXT,2017,Information Technology,0.009150126506686767,,,,
HEXT,2018,Information Technology,0.011093133171851012,,,,
HEXT,2019,Information Technology,0.010785033367396392,0.03431972250608097,,,
HEXT,2020,Information Technology,-0.15887202883769452,0.04584523874403432,0.011525516237953344,,
HEXT,2021,Information Technology,-0.04069856589195105,0.008796403185810138,-0.03704883555822418,,
HEXT,2022,Information Technology,0.009763586122198346,0.07007982806263433,0.061283424876824186,,
HEXT,2023,Information Technology,-0.0719234667666375,0.05465072687132919,-0.015429101191305132,,
HEXT,2024,Information Technology,-0.13665017510700983,0.06383901273000167,0.009188285858672478,0.15546538168906923,
HEXT,2025,Information Technology,-0.13274263228859964,0.06243636663823231,-0.0014026460917693634,0.10864815134264849,0.03310478105432671
HEXT,2026,Information Technology,,,,0.1574170394257776,0.02761058513836026
HFCL,2017,Telecommunication,-0.005774783445620784,0.23676612127045238,,,
HFCL,2018,Telecommunication,-0.015152217586153607,0.18108870344614433,-0.055677417824308045,,
HFCL,2019,Telecommunication,0.05645393860099144,0.17919731405899475,-0.0018913893871495835,,
HFCL,2020,Telecommunication,0.014332873678492331,0.19158727173958465,0.012389957680589897,,
HFCL,2021,Telecommunication,0.018066294846993455,0.1805747547351408,-0.011012517004443834,,
HFCL,2022,Telecommunication,0.020835508734477304,0.15143499127905852,-0.029139763456082296,,
HFCL,2023,Telecommunication,0.012034521131676228,0.1710798726014556,0.019644881322397084,,
HFCL,2024,Telecommunication,0.018270865738735254,0.15280499103568307,-0.018274881565772533,0.1500568209891793,
HFCL,2025,Telecommunication,-0.039538634216283765,0.20168321122034802,0.04887822018466495,0.18838939865707513,0.027105225609329153
HFCL,2026,Telecommunication,0.06842114759607469,0.21384977637641836,0.012166565156070341,0.21624246728425364,0.03323080829118332
HINDALCO,2017,Metals & Mining,-0.07381556007726331,0.4366739633317433,,,
HINDALCO,2018,Metals & Mining,-0.032750390405473444,0.35421173329146877,-0.08246223004027453,,
HINDALCO,2019,Metals & Mining,-0.042646013739373045,0.344899060353223,-0.00931267293824578,,
HINDALCO,2020,Metals & Mining,-0.05277016688609757,0.40564471171523797,0.060745651362014985,,
HINDALCO,2021,Metals & Mining,-0.07281460846723369,0.35592250902966815,-0.049722202685569816,,
HINDALCO,2022,Metals & Mining,-0.014009150120574248,0.29066732775912196,-0.06525518127054619,,
HINDALCO,2023,Metals & Mining,-0.04076710710594257,0.2697716666144642,-0.02089566114465774,,
HINDALCO,2024,Metals & Mining,-0.08807531108732115,0.24425826640603668,-0.025513400208427545,0.12986812810412743,
HINDALCO,2025,Metals & Mining,-0.0846046159667045,0.24836171017782824,0.0041034437717915595,0.12012747854061123,0.006887679359524087
HINDALCO,2026,Metals & Mining,-0.009391292238330514,0.2877008016107647,0.039339091432936485,0.16424403183023872,0.02317632874674303
HINDCOPPER,2019,Metals & Mining,-0.0319377396526868,0.32006831410129866,,,
HINDCOPPER,2020,Metals & Mining,-0.19708222333138894,0.4701637490904499,0.15009543498915123,,
HINDCOPPER,2021,Metals & Mining,-0.23680512692555186,0.3734323085610727,-0.09673144052937721,,
HINDCOPPER,2022,Metals & Mining,-0.21442817362610272,0.12927451395627423,-0.24415779460479844,,
HINDCOPPER,2023,Metals & Mining,-0.11837817022888576,0.04895794525651421,-0.08031656869976003,,
HINDCOPPER,2024,Metals & Mining,-0.08000919844201387,0.06402403092976126,0.015066085673247055,0.3281874485157275,
HINDCOPPER,2025,Metals & Mining,-0.10464071977409968,0.04490766836667269,-0.019116362563088574,0.49505339424447864,0.11799204177390635
HINDCOPPER,2026,Metals & Mining,-0.24203691031040667,0.02394485688565748,-0.02096281148101521,0.5419327282434596,0.11234542002682692
HINDPETRO,2017,Oil Gas & Consumable Fuels,-0.02513005030715737,0.2754945223073297,,,
HINDPETRO,2018,Oil Gas & Consumable Fuels,-0.042583376411833726,0.24477828361873674,-0.03071623868859294,,
HINDPETRO,2019,Oil Gas & Consumable Fuels,-0.017357501563050753,0.26260314458238043,0.01782486096364369,,
HINDPETRO,2020,Oil Gas & Consumable Fuels,-0.024209449443740573,0.3763462583083107,0.11374311372593027,,
HINDPETRO,2021,Oil Gas & Consumable Fuels,-0.05338958295322722,0.32563080975657294,-0.05071544855173776,,
HINDPETRO,2022,Oil Gas & Consumable Fuels,-0.055057033099582306,0.3135441788404495,-0.012086630916123442,,
HINDPETRO,2023,Oil Gas & Consumable Fuels,-0.021773317870662307,0.43789915043709976,0.12435497159665027,,
HINDPETRO,2024,Oil Gas & Consumable Fuels,-0.11656984889731904,0.3648039498980217,-0.07309520053907809,0.0496776136475518,
HINDPETRO,2025,Oil Gas & Consumable Fuels,-0.05246951722764072,0.36226459074646306,-0.002539359151558618,0.06076887138177662,0.007842703555758116
HINDPETRO,2026,Oil Gas & Consumable Fuels,-0.2382265827425726,0.2755993478917654,-0.08666524285469768,-0.11468069858465653,0.09825071874152151
HINDUNILVR,2017,Fast Moving Consumer Goods,-0.045141983955176365,0.017636572010696547,,,
HINDUNILVR,2018,Fast Moving Consumer Goods,-0.04730713245997089,,,,
HINDUNILVR,2019,Fast Moving Consumer Goods,0.013634655644425358,0.005314294916527994,,,
HINDUNILVR,2020,Fast Moving Consumer Goods,-0.04341785342132685,,,,
HINDUNILVR,2021,Fast Moving Consumer Goods,-0.016991562409077683,,,,
HINDUNILVR,2022,Fast Moving Consumer Goods,-0.0023969591240461806,0.014793067256687375,,,
HINDUNILVR,2023,Fast Moving Consumer Goods,0.0017652612997249477,0.01668103507259466,0.0018879678159072853,,
HINDUNILVR,2024,Fast Moving Consumer Goods,-0.15906687561314325,0.01890710800239524,0.0022260729298005794,0.23714322447930059,
HINDUNILVR,2025,Fast Moving Consumer Goods,-0.0661006974443735,0.020635338016353005,0.0017282300139577662,0.22997384587312208,0.005069516229322576
HINDUNILVR,2026,Fast Moving Consumer Goods,-0.10441696556221626,0.018535704432014848,-0.0020996335843381578,0.22761086442535033,0.0049640299340923556
HINDZINC,2021,Metals & Mining,-0.05657489010868852,0.15747807640999847,,,
HINDZINC,2022,Metals & Mining,-0.0685471233490038,0.06366689053055742,-0.09381118587944105,,
HINDZINC,2023,Metals & Mining,-0.13113598556404546,0.33498745312544054,0.27132056259488313,,
HINDZINC,2024,Metals & Mining,-0.31473668682696565,0.25732408909868715,-0.07766336402675339,0.5222892964940794,
HINDZINC,2025,Metals & Mining,-0.297013627138301,0.3179762249927515,0.060652135894064374,0.5513661202185792,0.02056041923095971
HINDZINC,2026,Metals & Mining,-0.27233891904649515,0.20599480764692,-0.11198141734583153,0.5855823088673893,0.03168126328195827
HOMEFIRST,2018,Financial Services,,0.7446769750936357,0.07332139889296518,,
HOMEFIRST,2019,Financial Services,,0.7759921338534447,0.03131515875980895,,
HOMEFIRST,2020,Financial Services,0.2593923929877795,0.7165688277431534,-0.05942330611029123,,
HOMEFIRST,2021,Financial Services,0.07163176391029123,0.677070607407736,-0.0394982203354175,,
HOMEFIRST,2022,Financial Services,0.19408973472012134,0.6775190253397592,0.0004484179320232151,,
HOMEFIRST,2023,Financial Services,0.2517925614634899,0.7142749029523844,0.03675587761262522,,
HOMEFIRST,2024,Financial Services,0.21030715463459046,0.7659041993043815,0.05162929635199709,0.8007636408424683,
HOMEFIRST,2025,Financial Services,0.19134319875987477,0.7820961424604498,0.01619194315606831,0.7887773722627737,0.008475571793825295
HOMEFIRST,2026,Financial Services,0.13843829904513488,0.69825088649092,-0.08384525596952974,0.7798368060073233,0.010500291866182457
HONASA,2021,Fast Moving Consumer Goods,-4.500231297911711,6.456549035157283,,,
HONASA,2022,Fast Moving Consumer Goods,-0.027858728167519064,1.7876773135192512,-4.668871721638032,,
HONASA,2023,Fast Moving Consumer Goods,-0.0925088697415104,1.9109275215408008,0.12325020802154962,,
HONASA,2024,Fast Moving Consumer Goods,-0.1276629483481029,0.07987777730341601,-1.8310497442373848,0.050491777936658225,
HONASA,2025,Fast Moving Consumer Goods,-0.028747138006171954,0.07543496775763475,-0.004442809545781259,0.10885394155002162,0.04126828165572803
HONASA,2026,Fast Moving Consumer Goods,-0.024420666287533036,0.06468370219212517,-0.01075126556550958,0.14576360870427937,0.0480367696126022
HSCL,2017,Chemicals,-0.05805892547660311,0.3663143639135911,,,
HSCL,2018,Chemicals,-0.00439106556800357,0.27321450003517816,-0.09309986387841296,,
HSCL,2019,Chemicals,-0.05435632554969689,0.17090641701639228,-0.10230808301878588,,
HSCL,2020,Chemicals,-0.030092646794826757,0.19704029784344484,0.026133880827052564,,
HSCL,2021,Chemicals,0.03148847440867303,0.261255096410837,0.06421479856739215,,
HSCL,2022,Chemicals,-0.08394424756213374,0.16989495749658348,-0.09136013891425351,,
HSCL,2023,Chemicals,0.04404967755266277,0.2289539221123835,0.059058964615800014,,
HSCL,2024,Chemicals,-0.05904976409315791,0.13598304258011729,-0.09297087953226621,0.1936247435695124,
HSCL,2025,Chemicals,-0.05469489971026695,0.06731944304243333,-0.06866359953768396,0.20497287980939832,0.008024344089052157
HSCL,2026,Chemicals,-0.024180236236579083,0.12209520819359411,0.05477576515116078,0.20107131882559992,0.005765614411807958
HUDCO,2017,Financial Services,0.08744669736559474,0.7167465914911519,,,
HUDCO,2018,Financial Services,0.18072922427182148,0.7416386703484901,0.02489207885733813,,
HUDCO,2019,Financial Services,0.3375073958169849,0.8217675731408368,0.08012890279234675,,
HUDCO,2020,Financial Services,0.03999237577398242,0.807041006881245,-0.014726566259591789,,
HUDCO,2021,Financial Services,-0.007567919744004954,0.7923565582877043,-0.014684448593540678,,
HUDCO,2022,Financial Services,0.03197138629753186,0.7795687537415866,-0.01278780454611772,,
HUDCO,2023,Financial Services,0.0315193653098268,0.7769006686116844,-0.0026680851299022423,,
HUDCO,2024,Financial Services,0.11797788409067896,0.7920578739517764,0.015157205340092017,0.9734225046463519,
HUDCO,2025,Financial Services,0.2500753916572273,0.8350225085440636,0.042964634592287165,0.9067585684308697,0.04713852135855495
HUDCO,2026,Financial Services,0.2083657175326612,0.8491888391167364,0.014166330572672803,0.9707922962899195,0.037752078731435414
HYUNDAI,2021,Automobile and Auto Components,-0.1324835693677948,0.05065138927130595,,,
HYUNDAI,2022,Automobile and Auto Components,-0.07887775115787186,0.04152858129223226,-0.009122807979073687,,
HYUNDAI,2023,Automobile and Auto Components,-0.053654332021629385,0.034400774006568643,-0.007127807285663618,,
HYUNDAI,2024,Automobile and Auto Components,-0.3070764090349475,0.03162292346951942,-0.002777850537049223,0.11265797693416627,
HYUNDAI,2025,Automobile and Auto Components,-0.10334859934559044,0.028249321535177837,-0.0033736019343415836,0.11229594252423986,0.00025599698628183445
HYUNDAI,2026,Automobile and Auto Components,-0.1869684161205618,0.0319018633157638,0.0036525417805859627,0.09254632642428999,0.011508380216468177
ICICIBANK,2017,Financial Services,-0.04306187331320161,0.7110241384346024,,,
ICICIBANK,2018,Financial Services,-0.010380625022542184,0.7250837679777666,0.014059629543164198,,
ICICIBANK,2019,Financial Services,-0.03585488301044172,0.7197654647780029,-0.005318303199763785,,
ICICIBANK,2020,Financial Services,-0.050823230157916455,0.7366891483879205,0.016923683609917695,,
ICICIBANK,2021,Financial Services,-0.07601350161050023,0.7013796976100548,-0.035309450777865736,,
ICICIBANK,2022,Financial Services,-0.01882952536365509,0.7149045685651187,0.013524870955063939,,
ICICIBANK,2023,Financial Services,0.019304576662485726,0.7147821038703022,-0.00012246469481658195,,
ICICIBANK,2024,Financial Services,-0.06108175153469471,0.6983773004494609,-0.016404803420841274,0.28758116993557425,
ICICIBANK,2025,Financial Services,-0.041732477427185576,0.7041449138441895,0.005767613394728643,0.23178763307462766,0.03945198826075695
ICICIBANK,2026,Financial Services,-0.01780250333198035,0.7034777220878362,-0.0006671917563533247,0.3239319421487208,0.04641276959826155
ICICIGI,2017,Financial Services,-0.03965205579064078,0.020770104068927625,,,
ICICIGI,2018,Financial Services,-0.05136396562648637,0.016302712805024596,-0.004467391263903029,,
ICICIGI,2019,Financial Services,-0.057692181032505827,0.014519819104010403,-0.0017828937010141935,,
ICICIGI,2020,Financial Services,-0.06044691322762836,0.013093213692855885,-0.0014266054111545176,,
ICICIGI,2021,Financial Services,-0.007647243536664374,0.01234165152163657,-0.0007515621712193155,,
ICICIGI,2022,Financial Services,0.00908407950708283,0.005014916919543032,-0.007326734602093537,,
ICICIGI,2023,Financial Services,-0.010185491103034884,0.0006353678416735953,-0.004379549077869437,,
ICICIGI,2024,Financial Services,-0.026574560772372777,0.0005528501875504772,-8.251765412311803e-05,0.15617964944628485,
ICICIGI,2025,Financial Services,-0.007065583744775293,,,0.12366432334888787,0.022991807575961316
ICICIGI,2026,Financial Services,-0.029152182327533988,,,0.07365742033966215,0.04156892885421373
ICICIPRULI,2017,Financial Services,-0.019625011283395444,,,,
ICICIPRULI,2018,Financial Services,-0.028703655585466167,,,,
ICICIPRULI,2019,Financial Services,-0.0627760004969151,,,,
ICICIPRULI,2020,Financial Services,-0.04825610735109897,,,,
ICICIPRULI,2021,Financial Services,-0.02926725540649155,0.00552435598784255,,,
ICICIPRULI,2022,Financial Services,-0.0043853349300882445,0.004909231781728355,-0.000615124206114195,,
ICICIPRULI,2023,Financial Services,0.0005371479449195686,0.004690224360790819,-0.00021900742093753593,-0.005859350613234051,
ICICIPRULI,2024,Financial Services,0.02555165013855321,0.004013369201705749,-0.0006768551590850703,0.053189284989992154,0.04175369065485465
ICICIPRULI,2025,Financial Services,0.031169951336968406,0.008273969195503519,0.00426059999379777,0.03245501130547467,0.029957307959452523
ICICIPRULI,2026,Financial Services,0.018699833640322,0.00811609791898558,-0.00015787127651793915,-0.2367695717416009,0.16175491997627597
IDBI,2017,Financial Services,-0.03590684876559345,0.8954219305772784,,,
IDBI,2018,Financial Services,0.012487287653914247,0.8861619827392793,-0.009259947837999105,,
IDBI,2019,Financial Services,0.05987965547159023,0.8485461120346397,-0.037615870704639565,,
IDBI,2020,Financial Services,-0.04337798728070517,0.8612022598274833,0.01265614779284363,,
IDBI,2021,Financial Services,-0.02912944005488111,0.8257576254757865,-0.03544463435169687,,
IDBI,2022,Financial Services,-0.008376125245071182,0.8170650359382646,-0.008692589537521833,,
IDBI,2023,Financial Services,0.019328821889261976,0.8083043110103026,-0.008760724927961983,,
IDBI,2024,Financial Services,0.008776852469374144,0.8074613502141178,-0.000842960796184844,0.6953109313553091,
IDBI,2025,Financial Services,-0.05772679438486969,0.7985939196434817,-0.008867430570636103,0.7175095759465782,0.01569681212363648
IDBI,2026,Financial Services,-0.03131160591589669,0.8020774985786913,0.0034835789352095636,0.7680215861645084,0.03726276586783905
IDEA,2017,Telecommunication,-0.1125025085912786,0.5695231504182365,,,
IDEA,2018,Telecommunication,-0.09644172800480755,0.5886136920332997,0.019090541615063183,,
IDEA,2019,Telecommunication,-0.08687782056708312,0.5483935721986793,-0.04022011983462037,,
IDEA,2020,Telecommunication,-0.357863823696355,0.5067720617528124,-0.04162151044586693,,
IDEA,2021,Telecommunication,-0.29424646547250227,0.9913592794124586,0.4845872176596462,,
IDEA,2022,Telecommunication,-0.23518327920914955,1.1016960857933165,0.11033680638085785,,
IDEA,2023,Telecommunication,-0.23243182992694073,1.147282871724794,0.04558678593147758,,
IDEA,2024,Telecommunication,-0.14830000221624856,1.3179057207861953,0.17062284906140124,0.4238553566609697,
IDEA,2025,Telecommunication,-0.07367011195067094,1.1787874958934574,-0.13911822489273784,0.42541729223703967,0.001104455237615602
IDEA,2026,Telecommunication,-0.12088399519908156,1.0046861138652612,-0.17410138202819625,0.43066130550089826,0.0035651147122040612
IDFCFIRSTB,2017,Financial Services,-0.1169816688292642,0.8063229051247449,,,
IDFCFIRSTB,2018,Financial Services,0.054261924503641694,0.8333980973080104,0.027075192183265484,,
IDFCFIRSTB,2019,Financial Services,-0.11533084023937197,0.8398436782330085,0.00644558092499814,,
IDFCFIRSTB,2020,Financial Services,-0.09257886993403999,0.8211137075279963,-0.018729970705012255,,
IDFCFIRSTB,2021,Financial Services,-0.08314468400122842,0.8237019560497136,0.002588248521717351,,
IDFCFIRSTB,2022,Financial Services,-0.013394041854421774,0.8335828612305488,0.009880905180835176,,
IDFCFIRSTB,2023,Financial Services,-0.004494167029171213,0.8407531534768858,0.007170292246337029,,
IDFCFIRSTB,2024,Financial Services,-0.037820223221529004,0.8490804726299043,0.008327319153018431,0.3299564700379643,
IDFCFIRSTB,2025,Financial Services,-0.040669044933257584,0.8461373211974782,-0.002943151432426072,0.3274080829413459,0.0018019817971071828
IDFCFIRSTB,2026,Financial Services,-0.014180039033991752,0.827828398519726,-0.018308922677752193,0.38447972100489636,0.03223985898452973
IEX,2019,Financial Services,0.037940955539492865,,,,
IEX,2020,Financial Services,0.07448482577744474,0.020846759085799926,,,
IEX,2021,Financial Services,-0.1021329041720991,0.011947930247718385,-0.008898828838081541,,
IEX,2022,Financial Services,-0.26710451069750446,0.005901461510797729,-0.006046468736920656,,
IEX,2023,Financial Services,0.22603017772242823,0.00970145659458232,0.003799995083784591,,
IEX,2024,Financial Services,-0.10778642309427153,0.005841226883175462,-0.0038602297114068576,0.8565694812570995,
IEX,2025,Financial Services,-0.1402944845609594,0.0028000619200684762,-0.003041164963106986,0.837028900940482,0.013817276850200635
IEX,2026,Financial Services,-0.12234885496810005,0.0045817698112278,0.0017817078911593234,0.829300734735242,0.014054319436145542
IFCI,2017,Financial Services,-0.03440258119995695,0.6977232479224356,,,
IFCI,2018,Financial Services,0.043989819979362015,0.6709890842072656,-0.026734163715170012,,
IFCI,2019,Financial Services,-0.035798133333128535,0.629527757703476,-0.04146132650378953,,
IFCI,2020,Financial Services,-0.03857692924755334,0.5600272741857854,-0.06950048351769067,,
IFCI,2021,Financial Services,-0.07385440667212725,0.542190872966767,-0.017836401219018305,,
IFCI,2022,Financial Services,-0.10167846661953142,0.45812291967315255,-0.0840679532936145,,
IFCI,2023,Financial Services,0.007543059552800531,0.355386908715224,-0.10273601095792856,,
IFCI,2024,Financial Services,-0.0022481745805618797,0.2837034566278861,-0.0716834520873379,0.5409050306106887,
IFCI,2025,Financial Services,0.037650002313035766,0.144362198853434,-0.1393412577744521,0.28559206774009566,0.1805335273706256
IFCI,2026,Financial Services,-0.009266336900841051,0.13259205648999242,-0.011770142363441566,0.5766220265394729,0.15872347533089579
IGIL,2022,Services,0.11634558967338157,0.06529923723841188,,,
IGIL,2023,Services,0.027440592282090816,0.14612018358416054,0.08082094634574866,,
IGIL,2024,Services,-0.18589560326314603,0.09643833066280161,-0.04968185292135893,0.5744528301886792,
IGIL,2025,Services,,,,0.5985860418556636,0.017064757621534934
IGIL,2026,Services,-0.24731832603112255,0.07702933114626724,,0.603538486434004,0.015561244658264566
IGL,2017,Oil Gas & Consumable Fuels,-0.08099403502753796,,,,
IGL,2018,Oil Gas & Consumable Fuels,-0.030903073248969636,,,,
IGL,2019,Oil Gas & Consumable Fuels,-0.05092178039547823,,,,
IGL,2020,Oil Gas & Consumable Fuels,-0.01480710094293251,0.012744229059598051,,,
IGL,2021,Oil Gas & Consumable Fuels,-0.041244013642709465,0.012485199780868398,-0.0002590292787296531,,
IGL,2022,Oil Gas & Consumable Fuels,-0.0356211621918499,0.009691534763113824,-0.0027936650177545746,,
IGL,2023,Oil Gas & Consumable Fuels,-0.04679619415661291,0.006554508055543457,-0.003137026707570367,,
IGL,2024,Oil Gas & Consumable Fuels,-0.08472698411136177,0.00570629956631561,-0.0008482084892278471,0.09629239430024794,
IGL,2025,Oil Gas & Consumable Fuels,-0.11481165031604361,0.005996938988891326,0.00029063942257571626,0.11576152427781193,0.013766753830937789
IGL,2026,Oil Gas & Consumable Fuels,-0.09951293450357418,0.005738297249080846,-0.0002586417398104798,0.06407615011129934,0.026103356471463116
IIFL,2017,Financial Services,0.1485612849030292,0.7206735764800946,,,
IIFL,2018,Financial Services,0.2534703126871688,0.7714626745719265,0.05078909809183196,,
IIFL,2019,Financial Services,0.011209770732209228,0.7977725469525729,0.026309872380646415,,
IIFL,2020,Financial Services,-0.017424509984749845,0.8144688541320592,0.016696307179486225,,
IIFL,2021,Financial Services,0.10689206531796981,0.8012199599133545,-0.013248894218704677,,
IIFL,2022,Financial Services,-0.012978311686840724,0.7860125060879399,-0.015207453825414552,,
IIFL,2023,Financial Services,0.1268955352402486,0.7550146050596409,-0.030997901028299024,,
IIFL,2024,Financial Services,0.14032192285165093,0.7553416774633972,0.00032707240375629,0.46506153329676003,
IIFL,2025,Financial Services,0.07753999271777813,0.7549507208231778,-0.0003909566402193754,0.626489080803513,0.1141465135123385
IIFL,2026,Financial Services,0.1646434591998637,0.7773742088555141,0.02242348803233629,0.69103759743822,0.11639769875921888
IKS,2020,Information Technology,-0.05870296163235228,,,,
IKS,2021,Information Technology,-0.016358730917659936,0.12982821624944504,,,
IKS,2022,Information Technology,-0.00010158472165787854,0.08277885006095083,-0.047049366188494215,,
IKS,2023,Information Technology,0.01745421430739654,0.05296974602853385,-0.029809104032416982,,
IKS,2024,Information Technology,-0.027812794093644625,0.45530471140189116,0.40233496537335733,0.27612757928054055,
IKS,2025,Information Technology,-0.04609245208693715,0.29308578964495524,-0.16221892175693592,0.3426099760721516,0.04701015360088295
IKS,2026,Information Technology,-0.11541542095300403,0.18099908841420148,-0.11208670123075376,0.32410505466468226,0.03431272685095565
INDGN,2019,Healthcare,-0.15349770467880702,0.44726841577235277,,,
INDGN,2020,Healthcare,-0.04759683465222824,0.8044481466055811,0.3571797308332283,,
INDGN,2021,Healthcare,-0.037950473122609234,0.08620226830414067,-0.7182458783014404,,
INDGN,2022,Healthcare,-0.09773397267763602,0.048578838097630535,-0.037623430206510135,,
INDGN,2023,Healthcare,0.061663414855483475,0.22800490040382956,0.17942606230619904,,
INDGN,2024,Healthcare,-0.15634820867379007,0.19233186675047143,-0.03567303365335814,0.18295391449194895,
INDGN,2025,Healthcare,-0.1019272978742596,0.030548122312757445,-0.16178374443771398,0.16930262180235645,0.009652921632773212
INDGN,2026,Healthcare,-0.11570677228751378,0.031253381815033655,0.00070525950227621,0.16386040824005269,0.00983647516089857
INDHOTEL,2017,Consumer Services,-0.06950867942696129,0.39341231086617506,,,
INDHOTEL,2018,Consumer Services,-0.04199733745598214,0.260610452632483,-0.13280185823369206,,
INDHOTEL,2019,Consumer Services,-0.04462851785519091,0.24447149139402502,-0.016138961238457983,,
INDHOTEL,2020,Consumer Services,-0.040994567269371146,0.39336430758904223,0.1488928161950172,,
INDHOTEL,2021,Consumer Services,-0.03510554751955896,0.4825967715699461,0.0892324639809039,,
INDHOTEL,2022,Consumer Services,-0.0707081350311182,0.29901999993847117,-0.18357677163147496,,
INDHOTEL,2023,Consumer Services,-0.045618574249336144,0.23231207130825546,-0.06670792863021571,,
INDHOTEL,2024,Consumer Services,-0.09181982187435098,0.18571587587946314,-0.046596195428792314,0.37965298750518145,
INDHOTEL,2025,Consumer Services,-0.07329367994287005,0.175083645644466,-0.010632230234997153,0.3785486072991879,0.0007809147326662505
INDHOTEL,2026,Consumer Services,-0.10452199526030723,0.140279376797661,-0.03480426884680499,0.2875824537553598,0.052841025619581705
INDIACEM,2017,Construction Materials,-0.054713777807814085,0.283144485105085,,,
INDIACEM,2018,Construction Materials,-0.04485729425522584,0.292115553281684,0.008971068176598984,,
INDIACEM,2019,Construction Materials,-0.03150984915139917,0.29704746747487476,0.004931914193190778,,
INDIACEM,2020,Construction Materials,-0.02883472541070353,0.30786118816310054,0.01081372068822578,,
INDIACEM,2021,Construction Materials,-0.07570645107187234,0.2752115881600802,-0.03264960000302036,,
INDIACEM,2022,Construction Materials,-0.029936967375987823,0.2566285559127026,-0.018583032247377562,,
INDIACEM,2023,Construction Materials,-0.009368443266981885,0.25684429181615076,0.0002157359034481443,,
INDIACEM,2024,Construction Materials,-0.020709976225721082,0.24603668565618506,-0.010807606159965705,-0.20225783112019066,
INDIACEM,2025,Construction Materials,0.01827118751549322,0.08396243002830575,-0.1620742556278793,0.07095291942634574,0.19318917440452213
INDIACEM,2026,Construction Materials,0.003997600544354116,0.09735104871730592,0.013388618689000167,0.1527535265150772,0.18590701868780302
INDIAMART,2017,Consumer Services,-0.28866959395228825,,,,
INDIAMART,2018,Consumer Services,-0.2290357649573437,,,,
INDIAMART,2019,Consumer Services,-0.2864453243984161,,,,
INDIAMART,2020,Consumer Services,-0.10083442422947113,0.06813425591978128,,,
INDIAMART,2021,Consumer Services,-0.01701400778829845,0.025252243714811305,-0.04288201220496998,,
INDIAMART,2022,Consumer Services,-0.03550197534632145,0.01908540617528867,-0.006166837539522633,,
INDIAMART,2023,Consumer Services,-0.05577406854400632,0.013336393160704844,-0.005749013014583828,,
INDIAMART,2024,Consumer Services,-0.12705772504124874,0.011793225637144456,-0.0015431675235603876,0.3505503810330229,
INDIAMART,2025,Consumer Services,-0.1053061046596093,0.00800007748259063,-0.003793148154553826,0.297808764940239,0.03729395438994501
INDIAMART,2026,Consumer Services,-0.11288041621436942,0.0049950914036855565,-0.0030049860789050737,0.31829150579150584,0.026589019577971502
INDIANB,2017,Financial Services,0.0561395529598443,0.8929532559623599,,,
INDIANB,2018,Financial Services,0.019710262505059167,0.9013388770344826,0.008385621072122706,,
INDIANB,2019,Financial Services,-0.021005585540165943,0.9065226977390066,0.005183820704524056,,
INDIANB,2020,Financial Services,0.029849362689791117,0.9060870579622892,-0.0004356397767174558,,
INDIANB,2021,Financial Services,-0.02224559172268443,0.8996977260287378,-0.006389331933551401,,
INDIANB,2022,Financial Services,-0.036505934321592534,0.9060846086961178,0.006386882667380078,,
INDIANB,2023,Financial Services,0.04691532998567292,0.9017033395295893,-0.00438126916652859,,
INDIANB,2024,Financial Services,0.014486442414952746,0.8936635263135577,-0.008039813216031533,0.6764959898948394,
INDIANB,2025,Financial Services,-0.01624731226196886,0.8878179592095491,-0.005845567104008631,0.678842675888087,0.0016593575791409132
INDIANB,2026,Financial Services,-0.015590546621325122,0.8819102611773196,-0.005907698032229458,0.6714001660114263,0.003804937788932085
INDIGO,2017,Services,-0.13957644218536425,0.17069139294385896,,,
INDIGO,2018,Services,-0.0785998961630987,0.10669075960432178,-0.06400063333953718,,
INDIGO,2019,Services,-0.12060674789457952,0.0970663169486947,-0.009624442655627077,,
INDIGO,2020,Services,-0.17114667842250128,0.5396339001279776,0.4425675831792829,,
INDIGO,2021,Services,-0.0973790479464544,0.6935854210630843,0.15395152093510667,,
INDIGO,2022,Services,-0.1795466313916097,0.8023445148881917,0.1087590938251074,,
INDIGO,2023,Services,-0.22027665455125606,0.7581584665966534,-0.04418604829153827,,
INDIGO,2024,Services,-0.22826262245437798,0.6236596148349944,-0.134498851761659,0.23421239490382487,
INDIGO,2025,Services,-0.20373607496320467,0.5767246328020131,-0.0469349820329813,0.2286734350436053,0.003916636077881351
INDIGO,2026,Services,-0.1743171612791273,0.5716764667604397,-0.005048166041573432,0.13289483853384912,0.056964121536418305
INDUSINDBK,2017,Financial Services,-0.04870492510771066,0.8341785245891545,,,
INDUSINDBK,2018,Financial Services,0.10967289389443867,0.8569695098692051,0.022790985280050524,,
INDUSINDBK,2019,Financial Services,0.034877530723952534,0.8717458058380818,0.014776295968876751,,
INDUSINDBK,2020,Financial Services,0.05652315572183059,0.8553257737072655,-0.01642003213081633,,
INDUSINDBK,2021,Financial Services,-0.11585901809104521,0.8464869567182222,-0.008838816989043319,,
INDUSINDBK,2022,Financial Services,-0.02952266922753781,0.8475132733407372,0.0010263166225150666,,
INDUSINDBK,2023,Financial Services,0.04343422674590279,0.841198354967797,-0.0063149183729401814,,
INDUSINDBK,2024,Financial Services,0.03558003212501206,0.8390645303030825,-0.0021338246647145676,0.5526753468736646,
INDUSINDBK,2025,Financial Services,-0.03275505645911932,0.838404350407914,-0.0006601798951685334,0.46407594206568614,0.0626492399488136
INDUSINDBK,2026,Financial Services,8.126701159998251e-05,0.814731143844966,-0.023673206562947913,0.5506519044309696,0.05057889235495032
INDUSTOWER,2017,Telecommunication,-0.005692155617422191,0.013299205867886597,,,
INDUSTOWER,2018,Telecommunication,-0.04971618412873115,,,,
INDUSTOWER,2019,Telecommunication,-0.03884402790599838,0.00033304897572832557,,,
INDUSTOWER,2020,Telecommunication,0.04979269916320321,0.23424235214312109,0.23390930316739275,,
INDUSTOWER,2021,Telecommunication,-0.08237194534495382,0.48006728417998523,0.24582493203686415,,
INDUSTOWER,2022,Telecommunication,-0.0572907545926834,0.4112359175776983,-0.06883136660228695,,
INDUSTOWER,2023,Telecommunication,-0.1259286616107394,0.4119371129681958,0.000701195390497511,,
INDUSTOWER,2024,Telecommunication,-0.1356582348266258,0.36749386048443106,-0.04444325248376474,0.9219201314359913,
INDUSTOWER,2025,Telecommunication,-0.2828826033475863,0.33491377740909545,-0.03258008307533561,0.5484575819697285,0.2640779012468109
INDUSTOWER,2026,Telecommunication,-0.1954452843787641,0.2962472183310407,-0.038666559078054774,0.5311406578026592,0.22078751048975914
INFY,2017,Information Technology,0.03393948140664839,,,,
INFY,2018,Information Technology,0.035425777262473375,,,,
INFY,2019,Information Technology,0.006697118930364237,,,,
INFY,2020,Information Technology,-0.004455337690631808,0.050468409586056646,,,
INFY,2021,Information Technology,-0.03602422077740882,0.04952981555375729,-0.0009385940322993586,,
INFY,2022,Information Technology,-0.015206161279544928,0.04689494470097405,-0.0026348708527832373,,
INFY,2023,Information Technology,0.013066230055539503,0.06660727471186877,0.019712330010894716,,
INFY,2024,Information Technology,-0.13530363181885016,0.061454197912071754,-0.005153076799797013,0.2421942342687482,
INFY,2025,Information Technology,-0.19648837917385567,0.05566494130383301,-0.005789256608238744,0.2338222036544339,0.005919919619683017
INFY,2026,Information Technology,-0.16992248262988696,0.059473192989733484,0.003808251685900474,0.2366472381821576,0.004259125150280245
INOXWIND,2017,Capital Goods,0.03678857096296699,0.32478237842389013,,,
INOXWIND,2018,Capital Goods,-0.11151238890976617,0.25904705199096145,-0.06573532643292868,,
INOXWIND,2019,Capital Goods,-0.039349933031712386,0.2752892291791903,0.016242177188228846,,
INOXWIND,2020,Capital Goods,-0.1913700633837153,0.2117911852414591,-0.0634980439377312,,
INOXWIND,2021,Capital Goods,-0.03550246046691226,0.28665125786681456,0.07486007262535546,,
INOXWIND,2022,Capital Goods,-0.0009120492774859625,0.44219133251405374,0.15554007464723918,,
INOXWIND,2023,Capital Goods,0.07121178741356236,0.39723004988146166,-0.04496128263259208,,
INOXWIND,2024,Capital Goods,0.07151687431062943,0.3077276125755994,-0.08950243730586227,0.2238085309513097,
INOXWIND,2025,Capital Goods,-0.0023910347240546008,0.17130479357710188,-0.1364228189984975,0.2332353306555137,0.00666575399572997
INOXWIND,2026,Capital Goods,0.05367455724675903,0.13265252386274254,-0.03865226971435934,0.1873111411374524,0.02425542962849984
INTELLECT,2017,Information Technology,0.03594048202131433,0.19622016923102906,,,
INTELLECT,2018,Information Technology,-0.0020057748683021477,0.11709169991256879,-0.07912846931846026,,
INTELLECT,2019,Information Technology,0.11138357415660767,0.08170008766498489,-0.0353916122475839,,
INTELLECT,2020,Information Technology,-0.014753002219904249,0.16034662601299846,0.07864653834801356,,
INTELLECT,2021,Information Technology,-0.09821205576858097,0.04038667783213598,-0.11995994818086247,,
INTELLECT,2022,Information Technology,-0.0400510568064816,0.007874471211133778,-0.0325122066210022,,
INTELLECT,2023,Information Technology,0.03216129144005267,0.009398274846710778,0.0015238036355769997,,
INTELLECT,2024,Information Technology,-0.10063347344739802,0.013113492392398318,0.00371521754568754,0.19480668602266948,
INTELLECT,2025,Information Technology,-0.10485239314637854,0.018679865925509548,0.00556637353311123,0.1370696491563893,0.0408262502937644
INTELLECT,2026,Information Technology,-0.08997286032761463,0.034962154255553504,0.016282288330043956,0.19631553415289232,0.03377848658983292
IOB,2021,Financial Services,-0.015281042887755399,0.8898551037503939,-0.011823915638691673,,
IOB,2022,Financial Services,-0.01280767944430453,0.8871498733053415,-0.0027052304450524423,,
IOB,2023,Financial Services,0.05027682343363151,0.89898897408949,0.011839100784148515,,
IOB,2024,Financial Services,0.0056675016262429006,0.8995062172653695,0.0005172431758795337,0.5991472593691856,
IOB,2025,Financial Services,-0.003090674165843277,0.8954215499987334,-0.004084667266636144,0.5802598750182014,0.013355397553457524
IOB,2026,Financial Services,-0.0064792748843320504,0.887897823156788,-0.007523726841945355,0.5455712685857248,0.02717357629597338
IOC,2017,Oil Gas & Consumable Fuels,-0.03056653022608943,0.2311520072781298,,,
IOC,2018,Oil Gas & Consumable Fuels,-0.023409183182475923,0.2218963999048739,-0.009255607373255897,,
IOC,2019,Oil Gas & Consumable Fuels,0.013806492562332028,0.2885386324189904,0.06664223251411652,,
IOC,2020,Oil Gas & Consumable Fuels,-0.024364614912439384,0.39334967078452826,0.10481103836553785,,
IOC,2021,Oil Gas & Consumable Fuels,-0.07887483394462809,0.3284546606008265,-0.06489501018370175,,
IOC,2022,Oil Gas & Consumable Fuels,0.0012945323761598046,0.32130782767878147,-0.007146832922045043,,
IOC,2023,Oil Gas & Consumable Fuels,-0.04491359467922004,0.3370557631432095,0.015747935464428042,,
IOC,2024,Oil Gas & Consumable Fuels,-0.14301546626159742,0.274771615070681,-0.06228414807252852,0.03903156924000883,
IOC,2025,Oil Gas & Consumable Fuels,-0.04225259594966559,0.30000850746680935,0.025236892396128363,0.11086801317447187,0.05079603664238604
IOC,2026,Oil Gas & Consumable Fuels,-0.1469207846286647,0.24902593181558602,-0.05098257565122333,0.015247368615452249,0.04978197555739222
IPCALAB,2017,Healthcare,-0.02206586168490546,0.1807673171680334,,,
IPCALAB,2018,Healthcare,-0.02471352622729349,0.15248471653918297,-0.028282600628850435,,
IPCALAB,2019,Healthcare,-0.012354825306727222,0.10221309655449863,-0.05027161998468434,,
IPCALAB,2020,Healthcare,0.006841238383969027,0.09523338569977673,-0.0069797108547219044,,
IPCALAB,2021,Healthcare,0.008222325889611795,0.04374745524948034,-0.05148593045029639,,
IPCALAB,2022,Healthcare,0.0036716757192765694,0.10570078723660571,0.061953331987125375,,
IPCALAB,2023,Healthcare,-0.03879107395922002,0.17178407164212336,0.06608328440551765,,
IPCALAB,2024,Healthcare,-0.06276532952451327,0.12961642959164824,-0.04216764205047513,0.20623772474024327,
IPCALAB,2025,Healthcare,-0.08473104142415931,0.11604078125758391,-0.013575648334064327,0.22292580982236154,0.011800258126583895
IPCALAB,2026,Healthcare,-0.059927204414700015,0.0654884956253821,-0.05055228563220181,0.24013127219253255,0.0169474318505783
IRB,2017,Construction,-0.053098923755067175,0.29937456140933905,,,
IRB,2018,Construction,-0.030024826121824034,0.34245786776617637,0.043083306356837325,,
IRB,2019,Construction,-0.04596629380646099,0.41023058152253694,0.06777271375636057,,
IRB,2020,Construction,-0.0749238130696783,0.2307894232107197,-0.17944115831181723,,
IRB,2021,Construction,-0.01820810308557699,0.4667946524794133,0.2360052292686936,,
IRB,2022,Construction,-6.379284978667145e-05,0.39305011034279824,-0.07374454213661508,,
IRB,2023,Construction,-0.024451016005612787,0.39220636159177497,-0.0008437487510232766,,
IRB,2024,Construction,0.04395677868700652,0.415725103427649,0.023518741835874046,0.4859240461331859,
IRB,2025,Construction,-0.03269207163129616,0.3825419189716042,-0.03318318445604479,0.5464174821101236,0.04277531879656696
IRB,2026,Construction,-0.033181834512322816,0.3708837069073759,-0.011658212064228346,0.539267383157018,0.033055739078545344
IRCON,2017,Construction,-0.057984641566131284,,,,
IRCON,2018,Construction,0.23689928720596168,0.2505702430609661,,,
IRCON,2019,Construction,0.12279572863529269,0.2309974276305219,-0.0195728154304442,,
IRCON,2020,Construction,0.060998872373947514,,,,
IRCON,2021,Construction,-0.011290227990453155,0.02940559695325565,,,
IRCON,2022,Construction,-0.05688076442785587,0.09685277121710936,0.06744717426385372,,
IRCON,2023,Construction,0.06713808891846632,0.09684515664803205,-7.614569077316058e-06,,
IRCON,2024,Construction,0.009462444455267687,0.1472827130181668,0.050437556370134765,0.05049256370414029,
IRCON,2025,Construction,0.06217673814498881,0.22088029466119255,0.07359758164302574,0.07446296436122017,0.016949632852379656
IRCON,2026,Construction,0.033337322623263194,0.2687199776599764,0.047839682998783856,0.09805555697581078,0.023781746722013306
IRCTC,2023,Consumer Services,0.03815278801277327,0.016538442643085235,,,
IRCTC,2024,Consumer Services,-0.08883022473514939,0.009907784547139548,-0.0066306580959456865,0.3401515522675681,
IRCTC,2025,Consumer Services,-0.06457267992946508,0.013206911715177799,0.0032991271680382506,0.32111047486322586,0.013464074953708346
IRCTC,2026,Consumer Services,-0.12439310141011566,0.010651070252469813,-0.002555841462707986,0.28235233985381847,0.029454780635677677
IREDA,2017,Financial Services,0.07935289398475921,0.6797448730962308,,,
IREDA,2018,Financial Services,0.11054005527370993,0.73573294618497,0.05598807308873921,,
IREDA,2019,Financial Services,0.21485467613223408,0.7648523513418934,0.02911940515692346,,
IREDA,2020,Financial Services,0.0695777864891098,0.7902960181337144,0.025443666791820974,,
IREDA,2021,Financial Services,0.11727971019420409,0.792252039141212,0.001956021007497588,,
IREDA,2024,Financial Services,0.18410442736434002,0.7937144221806712,0.0014623830394592252,0.930195177956372,
IREDA,2025,Financial Services,0.18868563910806993,0.8119439467887043,0.018229524608033065,0.9158807430323116,0.010121834003656592
IREDA,2026,Financial Services,0.15793035275185335,0.8298411423263315,0.017897195537627253,0.7841072262108516,0.08053037980362049
IRFC,2017,Financial Services,0.15726223052082755,0.8206337341649181,,,
IRFC,2018,Financial Services,0.18660490181603423,0.8299184013309855,0.00928466716606735,,
IRFC,2019,Financial Services,0.21298243530207436,0.8418665578979961,0.011948156567010648,,
IRFC,2020,Financial Services,0.23917140552484642,0.8507194429353927,0.008852885037396563,,
IRFC,2021,Financial Services,0.24790370896331573,0.8493060845635815,-0.0014133583718112241,,
IRFC,2022,Financial Services,0.1566782646579443,0.8632378774338125,0.013931792870231052,,
IRFC,2023,Financial Services,0.07110062463206007,0.852972983186247,-0.010264894247565493,,
IRFC,2024,Financial Services,-0.01295334485728539,0.8494195718447275,-0.003553411341519541,0.9941863817619165,
IRFC,2025,Financial Services,-0.013148371551707418,0.8430921676833567,-0.0063274041613707865,0.9844491448455798,0.006885266253561754
IRFC,2026,Financial Services,0.05603820015186292,0.8447668258481594,0.0016746581648027226,0.9949232003931674,0.0058461172880551245
ITC,2017,Fast Moving Consumer Goods,-0.0060443677019273384,0.0008179136689617863,,,
ITC,2018,Fast Moving Consumer Goods,-0.02954816310112811,0.0005591455160639145,-0.0002587681528978718,,
ITC,2019,Fast Moving Consumer Goods,0.00012433955068258612,0.0001873456907145677,-0.00037179982534934683,,
ITC,2020,Fast Moving Consumer Goods,0.007975216900625071,0.0035887635290046986,0.0034014178382901308,,
ITC,2021,Fast Moving Consumer Goods,0.008598338737290684,0.0036717354864564847,8.297195745178608e-05,,
ITC,2022,Fast Moving Consumer Goods,-0.006902557929800012,0.0032312546683106198,-0.0004404808181458649,,
ITC,2023,Fast Moving Consumer Goods,0.0036596351712715382,0.0035656131540413856,0.0003343584857307658,,
ITC,2024,Fast Moving Consumer Goods,-0.133444471122067,0.003306995871677269,-0.0002586172823641165,0.3385759681791064,
ITC,2025,Fast Moving Consumer Goods,-0.14426659636579336,0.00323330988708301,-7.368598459425897e-05,0.3433140622427958,0.0033503384423345097
ITC,2026,Fast Moving Consumer Goods,-0.15026271610001155,0.025620800280230508,0.022387490393147497,0.27104529210222467,0.04042609900461954
ITCHOTELS,2024,Consumer Services,-0.04490760235295734,0.007223182499462605,,0.37481780579082136,
ITCHOTELS,2025,Consumer Services,-0.04537462346831682,0.005876981075800228,-0.0013462014236623769,0.3795137647479442,0.003320544422755258
ITCHOTELS,2026,Consumer Services,-0.06896035002422068,0.005503623459871916,-0.0003733576159283122,0.3123010192089913,0.03752322347100327
ITI,2017,Telecommunication,0.10984948130014081,0.2726462551069164,,,
ITI,2018,Telecommunication,0.04845570478329026,0.17318702424833002,-0.0994592308585864,,
ITI,2019,Telecommunication,0.009767699067867812,0.1789361154666845,0.005749091218354485,,
ITI,2020,Telecommunication,0.04437251470880054,0.15663358528784924,-0.022302530178835267,,
ITI,2021,Telecommunication,-0.009448430157682337,0.16366481585111267,0.007031230563263435,,
ITI,2022,Telecommunication,0.05735064438108429,0.16771065344837985,0.004045837597267177,,
ITI,2023,Telecommunication,-0.006957012565848214,0.19688523919386364,0.02917458574548379,,
ITI,2024,Telecommunication,-0.10609581509222567,0.18686743988215035,-0.010017799311713288,-0.010159104529549365,
ITI,2025,Telecommunication,0.010528945985300834,0.14176453186973517,-0.04510290801241518,0.04921791508792383,0.04198589321816196
ITI,2026,Telecommunication,0.011031901679018845,0.08184748778423649,-0.05991704408549868,0.004234995176811049,0.030973869763452837
J&KBANK,2017,Financial Services,-0.049871768968809856,0.8990745637261219,,,
J&KBANK,2018,Financial Services,-0.024084333915671434,0.9102233341703421,0.011148770444220135,,
J&KBANK,2019,Financial Services,0.03407688115811457,0.9098264757040148,-0.00039685846632731003,,
J&KBANK,2020,Financial Services,-0.05106471933300959,0.9170834284748158,0.007256952770801073,,
J&KBANK,2021,Financial Services,0.0036801316872209005,0.9151066237963724,-0.0019768046784434112,,
J&KBANK,2022,Financial Services,0.01579845856854432,0.89659327213425,-0.018513351662122424,,
J&KBANK,2023,Financial Services,0.01088082940615337,0.8561255063733706,-0.040467765760879404,,
J&KBANK,2024,Financial Services,0.008939216627803745,0.8909098428726293,0.03478433649925872,0.6896721469808422,
J&KBANK,2025,Financial Services,-0.012640864427694048,0.8908730156387948,-3.682723383446884e-05,0.7092647227400798,0.01385404318026809
J&KBANK,2026,Financial Services,0.008226513412167754,0.8931713820974371,0.0022983664586422314,0.6912005141678036,0.010897404602949752
JAINREC,2023,Metals & Mining,0.07253909225323714,0.6618396881580716,,,
JAINREC,2024,Metals & Mining,0.01651665402025171,0.5981121955048536,-0.06372749265321798,0.0501358970327276,
JAINREC,2025,Metals & Mining,0.06667465404660637,0.5055521367148995,-0.0925600587899541,0.07154876998526216,0.0151411876694232
JAINREC,2026,Metals & Mining,0.19516175766212723,0.37723152249114494,-0.12832061422375457,0.039743655623499706,0.016217660688037212
JBMA,2017,Automobile and Auto Components,-0.03480618776671408,0.38703917733522997,,,
JBMA,2018,Automobile and Auto Components,0.0008572683110420369,0.39913158023125334,0.012092402896023369,,
JBMA,2019,Automobile and Auto Components,-0.026885285129590767,0.3893555607623396,-0.00977601946891371,,
JBMA,2020,Automobile and Auto Components,-0.14962244710028424,0.3122763179508111,-0.0770792428115285,,
JBMA,2021,Automobile and Auto Components,-0.06763124251709653,0.34298179752024194,0.030705479569430816,,
JBMA,2022,Automobile and Auto Components,0.09231941377420023,0.4299784129658479,0.08699661544560594,,
JBMA,2023,Automobile and Auto Components,-0.10162678560835679,0.4811234679148388,0.05114505494899091,,
JBMA,2024,Automobile and Auto Components,-0.031277750370004936,0.4371916625555007,-0.043931805359338105,0.12023779679833828,
JBMA,2025,Automobile and Auto Components,-0.057919308544555355,0.4281594409276389,-0.00903222162786177,0.10726898722412917,0.009170333193840278
JBMA,2026,Automobile and Auto Components,0.013848878154025687,0.41098710233324964,-0.01717233859438927,0.10776803355402266,0.0073477214651977004
JINDALSAW,2017,Capital Goods,-0.08159612566389855,0.48397309246819353,,,
JINDALSAW,2018,Capital Goods,-0.029296382149522866,0.4782529623362541,-0.005720130131939449,,
JINDALSAW,2019,Capital Goods,-0.048517501980520204,0.38509634021514777,-0.09315662212110631,,
JINDALSAW,2020,Capital Goods,-0.07359156377100073,0.37454862276068485,-0.010547717454462924,,
JINDALSAW,2021,Capital Goods,-0.07909363029696785,0.33732085249741073,-0.03722777026327412,,
JINDALSAW,2022,Capital Goods,0.02057261290671778,0.36678947310806514,0.029468620610654417,,
JINDALSAW,2023,Capital Goods,-0.054347631584245,0.2774274108586779,-0.08936206224938725,,
JINDALSAW,2024,Capital Goods,-0.10089991106795347,0.2786068376605697,0.0011794268018918141,0.17821410278299468,
JINDALSAW,2025,Capital Goods,-0.10051492139718339,0.23513727607984208,-0.04346956158072762,0.12392862416833725,0.03838563004838158
JINDALSAW,2026,Capital Goods,-0.07728658366988196,0.21744656942914678,-0.017690706650695304,0.08789370012420518,0.04546647863304471
JINDALSTEL,2017,Metals & Mining,-0.10081274118144794,0.5062160667804877,,,
JINDALSTEL,2018,Metals & Mining,-0.1023573575020716,0.4814731343862329,-0.02474293239425479,,
JINDALSTEL,2019,Metals & Mining,-0.11991149751423834,0.44447892599725686,-0.036994208388976046,,
JINDALSTEL,2020,Metals & Mining,-0.09943499110505176,0.4103361917141315,-0.034142734283125364,,
JINDALSTEL,2021,Metals & Mining,-0.10698001025945003,0.3842436379141277,-0.026092553800003804,,
JINDALSTEL,2022,Metals & Mining,-0.13431947428315552,0.1761614873216973,-0.20808215059243038,,
JINDALSTEL,2023,Metals & Mining,-0.06011286925893485,0.18791344548817518,0.011751958166477866,,
JINDALSTEL,2024,Metals & Mining,-0.06428730580330504,0.20936669021047452,0.02145324472229934,0.1858498281374594,
JINDALSTEL,2025,Metals & Mining,-0.12398356731203777,0.21460902058213524,0.0052423303716607195,0.12505152906008693,0.04299088956221788
JINDALSTEL,2026,Metals & Mining,-0.06513487896853319,0.231572324415829,0.016963303833693766,0.17181227647616962,0.03183303715286916
JIOFIN,2023,Financial Services,-0.017607741646274468,0.0064628281879787934,,,
JIOFIN,2024,Financial Services,0.006712215064796501,,,0.7148625527546482,
JIOFIN,2025,Financial Services,0.07758585431997816,0.029737832170461748,,0.6159507159507159,0.06994123054367764
JIOFIN,2026,Financial Services,0.09952401396294223,0.13316671048795298,0.10342887831749123,0.6971368990306664,0.05273984354508693
JKCEMENT,2017,Construction Materials,-0.09266590546071676,0.5174203853449136,,,
JKCEMENT,2018,Construction Materials,-0.09193434964575697,0.45547411563161205,-0.06194626971330158,,
JKCEMENT,2019,Construction Materials,-0.05848507823102638,0.4010840912708798,-0.05439002436073226,,
JKCEMENT,2020,Construction Materials,-0.1018925221609826,0.4100847104438752,0.009000619172995383,,
JKCEMENT,2021,Construction Materials,-0.08952086709886548,0.36729031604538087,-0.042794394398494306,,
JKCEMENT,2022,Construction Materials,-0.016779824221387747,0.36089513442977184,-0.006395181615609036,,
JKCEMENT,2023,Construction Materials,-0.07165654277772059,0.3977046339430713,0.03680949951329948,,
JKCEMENT,2024,Construction Materials,-0.11954249734834922,0.37508461637200124,-0.022620017571070072,0.167942995208649,
JKCEMENT,2025,Construction Materials,-0.10579112852222966,0.3613710956116188,-0.013713520760382458,0.16098144132229494,0.004922561960636516
JKCEMENT,2026,Construction Materials,-0.08624446418021217,0.3342162176479205,-0.02715487796369831,0.16066095859831536,0.004114891632498158
JKTYRE,2017,Automobile and Auto Components,0.025946127946127943,0.5439778739778739,,,
JKTYRE,2018,Automobile and Auto Components,-0.05423907719528726,0.5516248941607086,0.007647020182834696,,
JKTYRE,2019,Automobile and Auto Components,-0.05506077832461606,0.5109239476715397,-0.04070094648916889,,
JKTYRE,2020,Automobile and Auto Components,-0.09690241179177472,0.4948355693804824,-0.016088378291057304,,
JKTYRE,2021,Automobile and Auto Components,-0.11691485900018647,0.438803192558983,-0.05603237682149942,,
JKTYRE,2022,Automobile and Auto Components,-0.011186006103252025,0.4292817947606764,-0.009521397798306575,,
JKTYRE,2023,Automobile and Auto Components,-0.07794042324200262,0.3956831325613662,-0.03359866219931018,,
JKTYRE,2024,Automobile and Auto Components,-0.11144781673444396,0.32897646089877086,-0.06670667166259536,0.08553276278826681,
JKTYRE,2025,Automobile and Auto Components,-0.03519421174997021,0.340230803975958,0.011254343077187146,0.13516348722223273,0.03509422180245818
JKTYRE,2026,Automobile and Auto Components,-0.08796227638679774,0.30675194361566555,-0.03347886036029246,0.06543443885825495,0.03589171589281177
JMFINANCIL,2017,Financial Services,0.1822787441999058,0.5707921249876851,,,
JMFINANCIL,2018,Financial Services,0.1884619177719466,0.6749245371469075,0.10413241215922242,,
JMFINANCIL,2019,Financial Services,-0.00888203182937877,0.617979433827339,-0.05694510331956848,,
JMFINANCIL,2020,Financial Services,-0.12625135450931094,0.5666606573371021,-0.05131877649023686,,
JMFINANCIL,2021,Financial Services,-0.01621769368603274,0.5306313539511434,-0.03602930338595878,,
JMFINANCIL,2022,Financial Services,0.15494828809028346,0.5260055959534554,-0.00462575799768794,,
JMFINANCIL,2023,Financial Services,0.10427079557136153,0.5456366587146159,0.019631062761160445,,
JMFINANCIL,2024,Financial Services,-0.11577826161447438,0.5483791827365144,0.0027425240218985625,0.5483483103404632,
JMFINANCIL,2025,Financial Services,-0.21586957753906585,0.47263315006896034,-0.07574603266755409,0.563720781300032,0.0108699784591044
JMFINANCIL,2026,Financial Services,-0.010965953942309993,0.44176038473674073,-0.03087276533221961,0.583109126802329,0.017419027746570427
JPPOWER,2017,Power,-0.069926366034285,0.6341700188710163,,,
JPPOWER,2018,Power,-0.09105279669842749,0.6311252234361625,-0.0030447954348538087,,
JPPOWER,2019,Power,-0.041845522934844157,0.6224839572838359,-0.008641266152326632,,
JPPOWER,2020,Power,-0.17876973496914364,0.3375579187579439,-0.284926038525892,,
JPPOWER,2021,Power,-0.034469853221990046,0.30809553428360764,-0.029462384474336245,,
JPPOWER,2022,Power,-0.04252089611005775,0.2927588399524286,-0.015336694331179068,,
JPPOWER,2023,Power,-0.04114024616429983,0.2750645109475049,-0.01769432900492368,,
JPPOWER,2024,Power,-0.10405663207012315,0.24538945528793113,-0.029675055659573762,0.2543129533315207,
JPPOWER,2025,Power,-0.09617387099676143,0.21243309193954663,-0.032956363348384504,0.15019427641769864,0.07362302249393483
JPPOWER,2026,Power,-0.04633960809995078,0.18883773146137242,-0.023595360478174204,0.42744833023596324,0.14005140007439495
JSL,2017,Metals & Mining,-0.4613941959984857,0.5396956927851928,,,
JSL,2018,Metals & Mining,-0.10240842084276731,0.4628740630252528,-0.07682162975994,,
JSL,2019,Metals & Mining,-0.11911481695104445,0.40950775669132455,-0.05336630633392825,,
JSL,2020,Metals & Mining,-0.10386662096325557,0.36552426869859533,-0.04398348799272922,,
JSL,2021,Metals & Mining,-0.08277415550407051,0.30087726407632953,-0.0646470046222658,,
JSL,2022,Metals & Mining,0.09039410132566028,0.17750107193859654,-0.12337619213773299,,
JSL,2023,Metals & Mining,-0.03618339044708042,0.14597455033065984,-0.0315265216079367,,
JSL,2024,Metals & Mining,-0.1353261920665955,0.19672645892959012,0.05075190859893028,0.12041928678852967,
JSL,2025,Metals & Mining,-0.1082932269993446,0.1782405667285315,-0.018485892201058618,0.13386577672556824,0.009508104217636641
JSL,2026,Metals & Mining,-0.06492519321428704,0.18447510376265583,0.006234537034124327,0.11784681350600344,0.0086026439060516
JSWCEMENT,2020,Construction Materials,-0.09217457832067405,0.4812055668478842,,,
JSWCEMENT,2021,Construction Materials,-0.07713550856056077,0.46151329930047863,-0.01969226754740555,,
JSWCEMENT,2022,Construction Materials,-0.010272605806104566,0.5012732304915929,0.03975993119111426,,
JSWCEMENT,2023,Construction Materials,-0.05094456151982257,0.556552340586745,0.05527911009515207,,
JSWCEMENT,2024,Construction Materials,-0.1316417098711222,0.5575750821367594,0.001022741550014472,0.08086603291595125,
JSWCEMENT,2025,Construction Materials,-0.05004982678459006,0.5523475822226113,-0.00522749991414817,0.17581821097691863,0.06714132899534256
JSWCEMENT,2026,Construction Materials,-0.07018071933203988,0.31034410846079574,-0.24200347376181552,0.15742903696985355,0.05035866596879766
JSWDULUX,2017,Consumer Durables,0.05502785884850092,0.0015388697267179623,,,
JSWDULUX,2018,Consumer Durables,0.097420048374093,0.0012989339783212397,-0.00023993574839672256,,
JSWDULUX,2019,Consumer Durables,0.03422470089136756,0.001382334715668049,8.340073734680923e-05,,
JSWDULUX,2020,Consumer Durables,-0.0587754751053401,0.0276464012382836,0.02626406652261555,,
JSWDULUX,2021,Consumer Durables,-0.029880241887672424,0.02525591873838979,-0.0023904824998938097,,
JSWDULUX,2022,Consumer Durables,0.06509492205587283,0.027203272109893505,0.0019473533715037156,,
JSWDULUX,2023,Consumer Durables,-0.05513592410144133,0.025433315088487504,-0.001769957021406001,,
JSWDULUX,2024,Consumer Durables,-0.12979097076345603,0.020799614311787593,-0.00463370077669991,0.15887672536887198,
JSWDULUX,2025,Consumer Durables,-0.08190397465040987,0.02138871667699938,0.0005891023652117855,0.15239266547406083,0.004584922721240701
JSWDULUX,2026,Consumer Durables,-0.0035570310647379654,0.020841567201538742,-0.0005471494754606364,0.11927461139896373,0.021241374599768558
JSWENERGY,2017,Power,-0.1135500156044487,0.505445706029094,,,
JSWENERGY,2018,Power,-0.1443003667911259,0.4447173058722133,-0.06072840015688069,,
JSWENERGY,2019,Power,-0.06928197398141177,0.40711438057739535,-0.03760292529481796,,
JSWENERGY,2020,Power,-0.039393036306555884,0.3947036878527442,-0.012410692724651173,,
JSWENERGY,2021,Power,-0.11082640727115377,0.31943287503858764,-0.07527081281415654,,
JSWENERGY,2022,Power,-0.040093058130854245,0.29306199789868737,-0.026370877139900273,,
JSWENERGY,2023,Power,-0.012526731169834888,0.5173995802323386,0.2243375823336512,,
JSWENERGY,2024,Power,-0.1050048600538198,0.5465586231549756,0.029159042922637046,0.37465147936757853,
JSWENERGY,2025,Power,-0.03821501684470509,0.5610077691220687,0.014449145967093124,0.4972291364509427,0.08667549254560601
JSWENERGY,2026,Power,-0.07614533533957116,0.621496861369683,0.06048909224761423,0.5517722814679104,0.09071201245429926
JSWINFRA,2017,Services,-0.07483683189275006,0.39177740538209754,,,
JSWINFRA,2018,Services,-0.0640692106384743,0.3339787438793674,-0.057798661502730164,,
JSWINFRA,2019,Services,-0.01075300882518554,0.359750417928932,0.025771674049564597,,
JSWINFRA,2020,Services,-0.010137061143047176,0.4606186754715188,0.10086825754258683,,
JSWINFRA,2021,Services,-0.08602506607511945,0.4857392227079289,0.025120547236410107,,
JSWINFRA,2022,Services,-0.09243080329415765,0.5165012977446919,0.03076207503676298,,
JSWINFRA,2023,Services,-0.1135505763975022,0.49050004563929916,-0.026001252105392725,,
JSWINFRA,2024,Services,-0.10760143979774478,0.3474968945324053,-0.14300315110689388,0.49590888706497555,
JSWINFRA,2025,Services,-0.10360758894917438,0.30000053548893413,-0.04749635904347116,0.47693493176059154,0.013416612461660374
JSWINFRA,2026,Services,-0.08285238121385438,0.34127541230297537,0.04127487681404124,0.4663732065364092,0.014966169872356697
JSWSTEEL,2017,Metals & Mining,-0.04959945457644452,0.49240384069086984,,,
JSWSTEEL,2018,Metals & Mining,-0.06703272806349897,0.42832445362618243,-0.06407938706468741,,
JSWSTEEL,2019,Metals & Mining,-0.06092493706281523,0.41286793208881767,-0.015456521537364765,,
JSWSTEEL,2020,Metals & Mining,-0.06641632529206494,0.46596115915642544,0.05309322706760777,,
JSWSTEEL,2021,Metals & Mining,-0.07420343428715098,0.4534223955749747,-0.01253876358145073,,
JSWSTEEL,2022,Metals & Mining,-0.028526350612006004,0.36764638522024584,-0.08577601035472887,,
JSWSTEEL,2023,Metals & Mining,-0.09109476154061717,0.38402861227611035,0.016382227055864507,,
JSWSTEEL,2024,Metals & Mining,-0.04985124924308243,0.38606745122818104,0.0020388389520706873,0.1348301029532602,
JSWSTEEL,2025,Metals & Mining,-0.07802200087338061,0.41070515086610243,0.024637699637921395,0.138701050205475,0.0027371730516565014
JSWSTEEL,2026,Metals & Mining,-0.07602592913987347,0.36828130446713986,-0.04242384639896257,0.1960349632632379,0.03427388885801266
JUBLFOOD,2017,Consumer Services,-0.11298270625426143,,,,
JUBLFOOD,2018,Consumer Services,-0.14216229939735692,,,,
JUBLFOOD,2019,Consumer Services,-0.05589683899684221,,,,
JUBLFOOD,2020,Consumer Services,-0.13288564315155688,0.4955829418764411,,,
JUBLFOOD,2021,Consumer Services,-0.13777586632579106,0.430071387422115,-0.0655115544543261,,
JUBLFOOD,2022,Consumer Services,-0.1065820100508818,0.4404528125111101,0.010381425088995144,,
JUBLFOOD,2023,Consumer Services,-0.1250359987588557,0.4744850087233121,0.03403219621220199,,
JUBLFOOD,2024,Consumer Services,-0.12027685087725846,0.5234014387486718,0.048916430025359725,0.18678978593613418,
JUBLFOOD,2025,Consumer Services,-0.1888341133199825,0.5202076632647111,-0.0031937754839607146,0.19917338701377824,0.008756528297511137
JUBLFOOD,2026,Consumer Services,-0.1917774143129233,0.5233701732958671,0.003162510031155974,0.19608117837059522,0.006445221787163491
JUBLINGREA,2021,Chemicals,-0.017206703246755176,0.16507978004414564,,,
JUBLINGREA,2022,Chemicals,0.006337531033279301,0.06288618090385831,-0.10219359914028733,,
JUBLINGREA,2023,Chemicals,-0.036469843421613135,0.09572863198077661,0.0328424510769183,,
JUBLINGREA,2024,Chemicals,-0.07641174189529092,0.1568580915711873,0.06112945959041069,0.1308610199002621,
JUBLINGREA,2025,Chemicals,-0.09196190719264943,0.15229545853339502,-0.00456263303779228,0.12032429037691143,0.007450592897489767
JUBLINGREA,2026,Chemicals,-0.07650579941201421,0.144767730989191,-0.007527727544204027,0.15310666246241167,0.016736064858080955
JUBLPHARMA,2017,Healthcare,-0.07785812614131199,0.45459081331647705,,,
JUBLPHARMA,2018,Healthcare,-0.069829557890997,0.3668000046525546,-0.08779080866392247,,
JUBLPHARMA,2019,Healthcare,-0.04833041198131277,0.4276391117205115,0.06083910706795692,,
JUBLPHARMA,2020,Healthcare,-0.05236945611928757,0.39059512185611867,-0.037043989864392834,,
JUBLPHARMA,2021,Healthcare,-0.10822283588561517,0.32288381221900175,-0.06771130963711691,,
JUBLPHARMA,2022,Healthcare,-0.04309432733783673,0.32473345812647514,0.001849645907473385,,
JUBLPHARMA,2023,Healthcare,-0.06603411045639206,0.33641986604692015,0.011686407920445008,,
JUBLPHARMA,2024,Healthcare,-0.07677042080845321,0.3231696023002902,-0.013250263746629964,0.15760004391502444,
JUBLPHARMA,2025,Healthcare,-0.08075205416315696,0.21701816563627405,-0.10615143666401614,0.13634864546525322,0.015027007953530507
JUBLPHARMA,2026,Healthcare,-0.0766304347826087,0.23668805657412256,0.019669890937848516,0.11124069256302144,0.0232063952851726
JWL,2021,Capital Goods,-0.014104685419104885,0.13890794624480407,,,
JWL,2022,Capital Goods,-0.00917559515483817,0.1298477261495137,-0.009060220095290367,,
JWL,2023,Capital Goods,0.02640082250128516,0.17629923380088613,0.04645150765137243,,
JWL,2024,Capital Goods,0.039605711603480295,0.11870829053258866,-0.05759094326829747,0.13864424225357586,
JWL,2025,Capital Goods,-0.010302292260027855,0.12543290882221295,0.0067246182896242845,0.1265780133878431,0.0085321122543085
JWL,2026,Capital Goods,0.003989423782907441,0.21145219269765686,0.08601928387544391,0.09680353042907834,0.021535857232697072
JYOTICNC,2019,Capital Goods,-0.10101244919717509,0.4638668665378726,,,
JYOTICNC,2020,Capital Goods,-0.05730597626026464,0.49600893875270724,0.032142072214834616,,
JYOTICNC,2021,Capital Goods,-0.07623773133895911,0.5228713194016877,0.0268623806489805,,
JYOTICNC,2022,Capital Goods,-0.06752239084463241,0.6158726209727577,0.09300130157107,,
JYOTICNC,2023,Capital Goods,-0.03141848417857261,0.5510080179496486,-0.06486460302310915,,
JYOTICNC,2024,Capital Goods,0.05898528237097974,0.13945481421632985,-0.4115532037333187,0.25042824408800696,
JYOTICNC,2025,Capital Goods,0.06946349710061354,0.17796752830438722,0.03851271408805737,0.2683972911963883,0.012706035061796954
JYOTICNC,2026,Capital Goods,0.0007606497885393588,0.23587058442797754,0.05790305612359031,0.21403425964167008,0.027697015355698292
KAJARIACER,2017,Consumer Durables,-0.04160049408858303,0.10448404995784562,,,
KAJARIACER,2018,Consumer Durables,-0.0014997967565142946,0.07958267337603783,-0.024901376581807785,,
KAJARIACER,2019,Consumer Durables,-0.0382776531696376,0.050731908865541256,-0.028850764510496577,,
KAJARIACER,2020,Consumer Durables,0.012678899684873953,0.06811728597689076,0.017385377111349506,,
KAJARIACER,2021,Consumer Durables,-0.07947872159282153,0.04990634887321657,-0.01821093710367419,,
KAJARIACER,2022,Consumer Durables,-0.016257004008989235,0.0552249153490366,0.005318566475820026,,
KAJARIACER,2023,Consumer Durables,0.014724221344111063,0.0750694893099148,0.019844573960878208,,
KAJARIACER,2024,Consumer Durables,-0.14803146491560193,0.06751281370260909,-0.007556675607305718,0.1318253405098562,
KAJARIACER,2025,Consumer Durables,-0.11004627977696235,0.07292393394081088,0.005411120238201797,0.17155427730128567,0.028092600614551495
KAJARIACER,2026,Consumer Durables,-0.1227107045666726,0.05675813916532586,-0.01616579477548502,0.19605746641768568,0.03241543020972862
KALYANKJIL,2019,Consumer Durables,,0.48475107042138194,-0.0059911970652837265,,
KALYANKJIL,2020,Consumer Durables,-0.021503453109258424,0.45741651944107814,-0.027334550980303796,,
KALYANKJIL,2021,Consumer Durables,-0.0716526435596545,0.381040097550741,-0.07637642189033716,,
KALYANKJIL,2022,Consumer Durables,-0.002324164491372419,0.45044744917636936,0.06940735162562839,,
KALYANKJIL,2023,Consumer Durables,-0.05416435248927699,0.4009623866442016,-0.04948506253216778,,
KALYANKJIL,2024,Consumer Durables,-0.08605111825572859,0.35068221908247404,-0.05028016756172754,0.05908693077442021,
KALYANKJIL,2025,Consumer Durables,-0.05243307031955018,0.3278709766989842,-0.02281124238348986,0.0725562724901435,0.009524262865306781
KALYANKJIL,2026,Consumer Durables,-0.04676675368206427,0.29528630125348515,-0.032584675445499034,0.05973408078058878,0.007596606365366723
KARURVYSYA,2017,Financial Services,-0.016264499425798953,0.896256157412306,,,
KARURVYSYA,2018,Financial Services,0.013372585557255054,0.8856111977291194,-0.010644959683186572,,
KARURVYSYA,2019,Financial Services,0.025764593427297214,0.8859703444412845,0.00035914671216508154,,
KARURVYSYA,2020,Financial Services,-0.03322877575658516,0.8825552881689712,-0.0034150562723133104,,
KARURVYSYA,2021,Financial Services,-0.04028426016094997,0.8818534828114424,-0.0007018053575288397,,
KARURVYSYA,2022,Financial Services,0.004718043863895336,0.8720363296121507,-0.009817153199291662,,
KARURVYSYA,2023,Financial Services,-0.0012322101872023585,0.8657140398552131,-0.006322289756937605,,
KARURVYSYA,2024,Financial Services,-0.02330918930339375,0.868546595904195,0.0028325560489819157,0.6470373138526573,
KARURVYSYA,2025,Financial Services,-0.03181035495280035,0.8653531256686289,-0.0031934702355661537,0.6966444538290304,0.0350775450725637
KARURVYSYA,2026,Financial Services,0.009587264125045479,0.8659269079545047,0.0005737822858757902,0.7182316637262168,0.03650459199812964
KAYNES,2019,Capital Goods,0.04756399669694467,0.4284062758051197,,,
KAYNES,2020,Capital Goods,-0.09459959801121336,0.40518882894319264,-0.02321744686192706,,
KAYNES,2021,Capital Goods,-0.04375611035601021,0.35398335598636044,-0.0512054729568322,,
KAYNES,2022,Capital Goods,0.03304842389383375,0.3043925323736384,-0.049590823612722046,,
KAYNES,2023,Capital Goods,0.0964235871266053,0.10906861017522591,-0.1953239221984125,,
KAYNES,2024,Capital Goods,-0.006508083805743652,0.09878505560200541,-0.0102835545732205,0.1422154330137028,
KAYNES,2025,Capital Goods,0.034249615402846656,0.19455660365162608,0.09577154804962067,0.14840242279516933,0.0043748624296068616
KAYNES,2026,Capital Goods,0.09527546377217322,0.13241495153038652,-0.062141652121239566,0.1559903596118475,0.006899326422124436
KEC,2017,Construction,-0.15569014126527142,0.2416266103334439,,,
KEC,2018,Construction,-0.018948888417491955,0.16802394104536603,-0.07360266928807788,,
KEC,2019,Construction,0.02546743455658987,0.15771409561584243,-0.010309845429523595,,
KEC,2020,Construction,0.0371906355555763,0.19595661624105962,0.038242520625217186,,
KEC,2021,Construction,-0.020501469444698564,0.14763702428872016,-0.04831959195233945,,
KEC,2022,Construction,0.037783233126579566,0.18803630145349393,0.04039927716477376,,
KEC,2023,Construction,-0.025343082023555733,0.19589459556792796,0.007858294114434033,,
KEC,2024,Construction,-0.009541564576987483,0.2081284314874258,0.012233835919497837,0.07000063558767558,
KEC,2025,Construction,-0.013156701498847024,0.17855143187015918,-0.02957699961726662,0.0716488790022245,0.0011654840954736089
KEC,2026,Construction,0.0193662231010864,0.21396823754796895,0.035416805677809776,0.05788945643908479,0.0075135330792056206
KEI,2017,Capital Goods,0.06460069627597848,0.42876358265639836,,,
KEI,2018,Capital Goods,-0.020708046722614882,0.3793487123351848,-0.049414870321213555,,
KEI,2019,Capital Goods,-0.1598000238755865,0.216851823045729,-0.1624968892894558,,
KEI,2020,Capital Goods,0.08239213430899879,0.11216379922175178,-0.10468802382397722,,
KEI,2021,Capital Goods,0.03961552371125128,0.10134142012030645,-0.010822379101445331,,
KEI,2022,Capital Goods,0.041810908204260186,0.10075785283535625,-0.0005835672849501955,,
KEI,2023,Capital Goods,-0.009697226900786426,0.042924021590652894,-0.05783383124470336,,
KEI,2024,Capital Goods,-0.09571475204233278,0.03569894597589575,-0.0072250756147571454,0.099435736677116,
KEI,2025,Capital Goods,0.03691565532303099,0.03002377463854256,-0.00567517133735319,0.10833248722374522,0.006290952642046647
KEI,2026,Capital Goods,-0.06317678244033596,0.02825151463044804,-0.0017722600080945193,0.12426930877080625,0.01258200271713746
KFINTECH,2019,Financial Services,-0.05309362093601362,0.42561020963416785,,,
KFINTECH,2020,Financial Services,-0.11161012459982957,0.4758746171031116,0.05026440746894373,,
KFINTECH,2021,Financial Services,-0.2917158929558535,0.41460638839813135,-0.06126822870498022,,
KFINTECH,2022,Financial Services,-0.10141171656550498,0.15555187498173242,-0.25905451341639896,,
KFINTECH,2023,Financial Services,-0.02209639883879945,0.12782802715865743,-0.027723847823074993,,
KFINTECH,2024,Financial Services,-0.14035718566462904,0.03430843750660998,-0.09351958965204746,0.45014136956072004,
KFINTECH,2025,Financial Services,-0.17537714285714284,0.026582857142857144,-0.007725580363752836,0.4087146439453178,0.029293118605005386
KFINTECH,2026,Financial Services,-0.10629064112331073,0.020016825109128524,-0.00656603203372862,0.3414203174959331,0.054871011061646977
KIMS,2017,Healthcare,-0.06333303168590745,0.3622742492211033,,,
KIMS,2018,Healthcare,-0.16051699197048155,0.7896391957902681,0.4273649465691648,,
KIMS,2019,Healthcare,-0.16300951696893518,0.30207398096606214,-0.48756521482420595,,
KIMS,2020,Healthcare,-0.06891701828410689,0.3086949969861362,0.006621016020074089,,
KIMS,2021,Healthcare,-0.10797440710014584,0.22074224991452754,-0.08795274707160869,,
KIMS,2022,Healthcare,0.0045480088019200495,0.1347229443367837,-0.08601930557774384,,
KIMS,2023,Healthcare,-0.033011502493873024,0.23376569657820626,0.09904275224142256,,
KIMS,2024,Healthcare,-0.11318813643621896,0.3547891416455067,0.12102344506730042,0.24236147074054892,
KIMS,2025,Healthcare,-0.09287773324896295,0.45025662659073334,0.09546748494522667,0.19935852460659517,0.030407674822318535
KIMS,2026,Healthcare,-0.06102175354649122,0.5529925754482686,0.10273594885753529,0.1894022891055532,0.028145618134387002
KIRLOSENG,2017,Capital Goods,0.0011565061534420992,0.005736454824842305,,,
KIRLOSENG,2018,Capital Goods,0.0012960518420736865,0.05669826793071723,0.05096181310587492,,
KIRLOSENG,2019,Capital Goods,0.01054176828915885,0.034603662648002805,-0.022094605282714425,,
KIRLOSENG,2020,Capital Goods,0.11212924131981573,0.06834319848343706,0.03373953583543426,,
KIRLOSENG,2021,Capital Goods,0.05554823926041036,0.22349672083651592,0.15515352235307886,,
KIRLOSENG,2022,Capital Goods,0.2420172987570626,0.3912753402095528,0.16777861937303687,,
KIRLOSENG,2023,Capital Goods,0.18648806369206766,0.4829679098211787,0.09169256961162592,,
KIRLOSENG,2024,Capital Goods,0.06531998422876992,0.500934904973501,0.017966995152322307,0.1752424846942285,
KIRLOSENG,2025,Capital Goods,0.08120313524439579,0.5552938504278846,0.05435894545438358,0.176999893196625,0.0012426754693594512
KIRLOSENG,2026,Capital Goods,-0.07546630523976802,0.4955172000479444,-0.05977665037994018,0.1502002970698114,0.01499120852489402
KOTAKBANK,2017,Financial Services,-0.0299871217950584,0.7430816579863336,,,
KOTAKBANK,2018,Financial Services,0.049133474201312116,0.7397827262291801,-0.003298931757153567,,
KOTAKBANK,2019,Financial Services,0.013618779200156894,0.7383209178299281,-0.0014618083992519182,,
KOTAKBANK,2020,Financial Services,-0.08580282197875358,0.7366810168279312,-0.0016399010019969573,,
KOTAKBANK,2021,Financial Services,0.010669364049877228,0.6831104255487193,-0.05357059127921193,,
KOTAKBANK,2022,Financial Services,0.006718049602752361,0.6692343374055051,-0.013876088143214171,,
KOTAKBANK,2023,Financial Services,0.026058454257850375,0.675026538863208,0.005792201457702872,,
KOTAKBANK,2024,Financial Services,-0.014308262196255812,0.677864756324341,0.002838217461132997,0.36295732495487926,
KOTAKBANK,2025,Financial Services,-0.013629515908633786,0.6732439539953714,-0.004620802328969553,0.20413667831928167,0.11230315622846349
KOTAKBANK,2026,Financial Services,-0.03612493069361974,0.6601206142058966,-0.013123339789474775,0.19054491606177643,0.0958599434412313
KPIL,2017,Construction,-0.0567546221398812,0.27878958705849766,,,
KPIL,2018,Construction,-0.02978681486732752,0.26799009447711386,-0.010799492581383796,,
KPIL,2019,Construction,-0.0402227411938911,0.18462814092038154,-0.08336195355673232,,
KPIL,2020,Construction,-0.034791441934217404,0.20939981983286893,0.024771678912487383,,
KPIL,2021,Construction,-0.016968844110901233,0.21274889008695244,0.0033490702540835138,,
KPIL,2022,Construction,-0.010128653057408945,0.22422440084600195,0.011475510759049512,,
KPIL,2023,Construction,-0.011046768958394806,0.1939552186813547,-0.030269182164647246,,
KPIL,2024,Construction,-0.03184277934316659,0.1820716521587451,-0.011883566522609607,0.08359558166796918,
KPIL,2025,Construction,-0.029788658427189495,0.16867557039075082,-0.013396081767994283,0.07698689654965478,0.00467304606188673
KPIL,2026,Construction,-0.0441965176904114,0.12788443176653588,-0.040791138624214934,0.08768299477057477,0.005397347836606883
KPITTECH,2018,Information Technology,-2.8888888888888893,,,,
KPITTECH,2019,Information Technology,-0.05791205968615785,0.07904592943031738,,,
KPITTECH,2020,Information Technology,-0.14729846935659227,0.12440600530166991,0.04536007587135253,,
KPITTECH,2021,Information Technology,-0.24470274913216064,0.11688767134427429,-0.007518333957395623,,
KPITTECH,2022,Information Technology,-0.08593663051015778,0.09726728706327532,-0.019620384280998965,,
KPITTECH,2023,Information Technology,-0.024382139521517347,0.08577304404052015,-0.011494243022755174,,
KPITTECH,2024,Information Technology,-0.1988131722266685,0.0802182357648988,-0.0055548082756213535,0.2069271157541476,
KPITTECH,2025,Information Technology,-0.25308032620432896,0.06947757345238287,-0.010740662312515928,0.1922582320428326,0.010372467144707737
KPITTECH,2026,Information Technology,-0.15132863165404178,0.11773718343009132,0.04825960997770845,0.15370241016364275,0.02749120112360747
KPRMILL,2017,Textiles,-0.07954920860601754,0.32576578083509317,,,
KPRMILL,2018,Textiles,0.02522579002017906,0.25380169660874163,-0.07196408422635153,,
KPRMILL,2019,Textiles,0.09043494051262048,0.28796397802094337,0.034162281412201734,,
KPRMILL,2020,Textiles,-0.1427966777915779,0.2732564997467406,-0.014707478274202768,,
KPRMILL,2021,Textiles,-0.0441843155829217,0.2021910696381229,-0.07106543010861771,,
KPRMILL,2022,Textiles,0.07155487396947273,0.24399180724379624,0.04180073760567335,,
KPRMILL,2023,Textiles,0.09207825454701365,0.24083228080455477,-0.0031595264392414724,,
KPRMILL,2024,Textiles,-0.08112053397089695,0.19754808585962802,-0.043284194944926746,0.197630164397536,
KPRMILL,2025,Textiles,-0.20006978086125685,0.07816127430588171,-0.11938681155374631,0.2006991863270229,0.0021701262179504256
KPRMILL,2026,Textiles,-0.12429677849913066,0.08724629875717857,0.009085024451296858,0.1936637182772588,0.0035272605306853645
LALPATHLAB,2017,Healthcare,-0.02422907488986784,,,,
LALPATHLAB,2018,Healthcare,-0.028769592048495444,,,,
LALPATHLAB,2019,Healthcare,-0.017753161364865967,,,,
LALPATHLAB,2020,Healthcare,-0.042166614519286036,,,,
LALPATHLAB,2021,Healthcare,-0.06415267046857404,0.09062550810866149,,,
LALPATHLAB,2022,Healthcare,-0.0434795599967559,0.22733074089409275,0.13670523278543126,,
LALPATHLAB,2023,Healthcare,-0.09115175730918064,0.17606668289530014,-0.051264057998792606,,
LALPATHLAB,2024,Healthcare,-0.1787721564903386,0.10064110663237649,-0.07542557626292365,0.25808614043908157,
LALPATHLAB,2025,Healthcare,-0.1763051794414429,0.05801903133315152,-0.042622075299224974,0.2717490148529858,0.009661111148571861
LALPATHLAB,2026,Healthcare,-0.14844409341490525,0.06337321694156314,0.005354185608411624,0.31026701767581794,0.027059054639513837
LATENTVIEW,2014,Information Technology,,0.25313807531380755,-0.08534221725019081,,
LATENTVIEW,2019,Information Technology,-0.014644092931290147,0.10979980227385071,-0.14333827303995683,,
LATENTVIEW,2020,Information Technology,0.024833479954756803,0.08189015960789241,-0.0279096426659583,,
LATENTVIEW,2021,Information Technology,0.003023882896764239,0.09988443759630199,0.01799427798840958,,
LATENTVIEW,2022,Information Technology,0.038255241004381886,0.02366406661939308,-0.07622037097690891,,
LATENTVIEW,2023,Information Technology,0.045912671707375015,0.016990617948616445,-0.006673448670776634,,
LATENTVIEW,2024,Information Technology,-0.050464670609326384,0.016478119612328024,-0.0005124983362884208,0.2209006320224719,
LATENTVIEW,2025,Information Technology,-0.04491322628259606,0.01608556604195554,-0.0003925535703724857,0.22355310960037408,0.001875584882279894
LATENTVIEW,2026,Information Technology,-0.05588120922328001,0.01595782985035934,-0.00012773619159619706,0.19760875627440044,0.01427501653628834
LAURUSLABS,2017,Healthcare,-0.053406345748710164,0.31723090490421835,,,
LAURUSLABS,2018,Healthcare,-0.05797024582990798,0.3248263014134557,0.007595396509237351,,
LAURUSLABS,2019,Healthcare,-0.06120935761694771,0.31097895947093984,-0.013847341942515856,,
LAURUSLABS,2020,Healthcare,-0.024571236587811175,0.28782077262740247,-0.023158186843537376,,
LAURUSLABS,2021,Healthcare,0.04357390156659463,0.25765429887543934,-0.03016647375196313,,
LAURUSLABS,2022,Healthcare,-0.011994764668400302,0.25497270394544236,-0.0026815949299969777,,
LAURUSLABS,2023,Healthcare,-0.026603049449114926,0.2630528431935669,0.008080139248124563,,
LAURUSLABS,2024,Healthcare,-0.06836627506995922,0.3073078312585027,0.044254988064935774,0.20151231405250697,
LAURUSLABS,2025,Healthcare,-0.037489944374044654,0.29604298398490936,-0.011264847273593337,0.27004031963290576,0.04845661744708955
LAURUSLABS,2026,Healthcare,-0.11948218993282397,0.23959989306634166,-0.056443090918567695,0.3149912895855027,0.05714623804551018
LEMONTREE,2017,Consumer Services,-0.05779160299131002,0.361104831490139,,,
LEMONTREE,2018,Consumer Services,-0.04081474912333515,0.4113002302516496,0.05019539876151058,,
LEMONTREE,2019,Consumer Services,-0.048267750908244735,0.43132876114336016,0.020028530891710583,,
LEMONTREE,2020,Consumer Services,-0.04266283260160095,0.5361516546364902,0.10482289349313001,,
LEMONTREE,2021,Consumer Services,-0.04405963044224775,0.5660724068962444,0.029920752259754213,,
LEMONTREE,2022,Consumer Services,-0.06130695314929962,0.5857287168011274,0.019656309904882985,,
LEMONTREE,2023,Consumer Services,-0.07248829363270168,0.5837977440100409,-0.0019309727910864494,,
LEMONTREE,2024,Consumer Services,-0.09993644109877449,0.5799377321389556,-0.0038600118710853115,0.5186102821104791,
LEMONTREE,2025,Consumer Services,-0.11753517514559676,0.5270811194200181,-0.05285661271893749,0.5041004802364241,0.010259979298817595
LEMONTREE,2026,Consumer Services,-0.11620212858251598,0.4698099094684171,-0.05727120995160101,0.4335625779867096,0.04549586424599282
LENSKART,2020,Consumer Services,0.036887181830149385,0.005292828546427438,,,
LENSKART,2021,Consumer Services,0.05201127886640254,0.010700646036335084,0.005407817489907645,,
LENSKART,2022,Consumer Services,0.021802761629085482,0.009156781504814878,-0.0015438645315202053,,
LENSKART,2023,Consumer Services,-0.01675079051049223,0.09875568575728369,0.08959890425246882,,
LENSKART,2024,Consumer Services,-0.051180774505432416,0.2469596492726033,0.14820396351531961,0.12561419908439395,
LENSKART,2025,Consumer Services,-0.105837115178232,0.26371498284333783,0.016755333570734526,0.2003830604100133,0.05286956886494203
LENSKART,2026,Consumer Services,-0.10163414935498909,0.217385810321298,-0.04632917252203983,0.21681686549897208,0.04861134801456754
LGEINDIA,2021,Consumer Durables,-0.04644168611532837,,,,
LGEINDIA,2022,Consumer Durables,0.06123642803074138,,,,
LGEINDIA,2023,Consumer Durables,-0.05846373447526045,0.03540174223929777,,,
LGEINDIA,2024,Consumer Durables,-0.16850268990544146,0.043532695412334496,0.008130953173036727,0.07743321055708868,
LGEINDIA,2025,Consumer Durables,-0.13581670449434496,0.03714724315237985,-0.006385452259954648,0.0476595558515357,0.02105315314300327
LGEINDIA,2026,Consumer Durables,-0.07834919545388544,0.03367198924045156,-0.0034752539119282874,0.12501538014889366,0.03901806617946893
LICHSGFIN,2017,Financial Services,0.10738926454381256,0.8366857281894883,,,
LICHSGFIN,2018,Financial Services,0.12255554226594503,0.8813543870354035,0.0446686588459152,,
LICHSGFIN,2019,Financial Services,0.11943958026066001,0.8502781810458229,-0.031076205989580608,,
LICHSGFIN,2020,Financial Services,0.07901968718937244,0.882481465264526,0.03220328421870311,,
LICHSGFIN,2021,Financial Services,0.059664906227468104,0.8820799869405198,-0.0004014783240061659,,
LICHSGFIN,2022,Financial Services,0.07466005776117438,0.8785582989921145,-0.00352168794840535,,
LICHSGFIN,2023,Financial Services,0.08085462012784732,0.8792141409256967,0.0006558419335822574,,
LICHSGFIN,2024,Financial Services,0.029476304467009714,0.867230382573166,-0.011983758352530738,0.9580098415980787,
LICHSGFIN,2025,Financial Services,0.05851898296525364,0.8621349523763938,-0.005095430196772166,0.9341742253505491,0.016854325882388478
LICHSGFIN,2026,Financial Services,0.03075732377815828,0.8534068215918216,-0.008728130784572241,0.9703455939140908,0.018387836971129713
LICI,2019,Financial Services,-0.0031064067085661,0.07860548851884927,,,
LICI,2020,Financial Services,-0.01475968255043679,0.07240731823492616,-0.00619817028392311,,
LICI,2021,Financial Services,-0.02027089939718647,9.58343595378393e-07,-0.07240635989133078,,
LICI,2022,Financial Services,0.0018587547252355372,3.032398868827776e-07,-6.551037084956154e-07,,
LICI,2023,Financial Services,-0.004045406782202598,,,,
LICI,2024,Financial Services,-0.00292309109555071,,,0.058570418095941656,
LICI,2025,Financial Services,0.004001543336161683,,,0.052408384456595666,0.00435721577228117
LICI,2026,Financial Services,0.006689981118780347,,,0.05841468788576274,0.0035135592437018923
LINDEINDIA,2016,Chemicals,-0.07582686199843691,0.4005714729146227,,,
LINDEINDIA,2017,Chemicals,-0.06913752476524308,0.37568727213045566,-0.024884200784167032,,
LINDEINDIA,2018,Chemicals,-0.10230326351708954,0.3506972364931446,-0.02499003563731106,,
LINDEINDIA,2019,Chemicals,0.12321378020111509,0.0333766169827809,-0.3173206195103637,,
LINDEINDIA,2020,Chemicals,-0.057168245544096476,0.002099759897020471,-0.03127685708576043,,
LINDEINDIA,2021,Chemicals,-0.020330577277853704,0.006047388220414727,0.003947628323394256,,
LINDEINDIA,2023,Chemicals,-0.020710126415411683,0.0050116142170744905,-0.0010357740033402367,,
LINDEINDIA,2024,Chemicals,-0.06672715618782829,0.004305716259749774,-0.0007058979573247165,0.3171524774700426,
LINDEINDIA,2025,Chemicals,-0.07588741432113169,0.008238782752418452,0.003933066492668678,0.366403720240218,0.03482588774465593
LINDEINDIA,2026,Chemicals,-0.11723091861962577,0.013587499225243964,0.005348716472825511,0.28885592488046546,0.03924291946330258
LLOYDSME,2011,Metals & Mining,-0.06351880877742948,0.07439263322884013,,,
LLOYDSME,2012,Metals & Mining,-0.046553885850307994,0.05876474115530682,-0.01562789207353331,,
LLOYDSME,2013,Metals & Mining,-0.031230180426462546,0.05736468015308912,-0.0014000610022176993,,
LLOYDSME,2020,Metals & Mining,-0.030742396162651262,0.19259939885689367,0.13523471870380455,,
LLOYDSME,2021,Metals & Mining,0.020923290524123568,0.21513363415480735,0.02253423529791368,,
LLOYDSME,2022,Metals & Mining,0.21315236788753594,0.11661588141745474,-0.09851775273735261,,
LLOYDSME,2023,Metals & Mining,0.11248105901689513,0.002156927587449347,-0.1144589538300054,,
LLOYDSME,2024,Metals & Mining,-0.33314285714285713,0.008413968253968255,0.006257040666518908,0.3202182465063247,
LLOYDSME,2025,Metals & Mining,-0.01790556009444888,0.12044701615147735,0.11203304789750909,0.3471890519722899,0.019071239439047195
LLOYDSME,2026,Metals & Mining,-0.02868508353087297,0.49739314912627575,0.3769461329747984,0.37820352442075494,0.029016128571173572
LODHA,2017,Realty,-0.02609459611597494,0.47693893273305243,,,
LODHA,2018,Realty,0.0024463769671384996,0.5618719466870188,0.08493301395396635,,
LODHA,2019,Realty,0.042101199464943576,0.5142108820208608,-0.04766106466615794,,
LODHA,2020,Realty,-0.07481597964834315,0.452740565769966,-0.06147031625089483,,
LODHA,2021,Realty,-0.06318785245661002,0.4628288418422394,0.010088276072273361,,
LODHA,2022,Realty,-0.020724133890559698,0.30039969274433986,-0.16242914909789952,,
LODHA,2023,Realty,-0.05785280292011851,0.23159269663639362,-0.06880699610794624,,
LODHA,2024,Realty,-0.03321997987181525,0.1630933841834843,-0.06849931245290933,0.3198383541513593,
LODHA,2025,Realty,-0.01227287024267499,0.14303226795061014,-0.020061116232874154,0.3028571428571428,0.012007529658902063
LODHA,2026,Realty,0.007034812779909883,0.1686446397044288,0.02561237175381867,0.3847339243900975,0.04321188865699079
LT,2017,Construction,-0.002902245656474566,0.4440783728744984,,,
LT,2018,Construction,0.0715380431790836,0.44205018814170544,-0.0020281847327929814,,
LT,2019,Construction,0.04913374059200846,0.45157845076521147,0.009528262623506034,,
LT,2020,Construction,0.009309651736563155,0.46683957254281555,0.01526112177760408,,
LT,2021,Construction,-0.03705602524129295,0.43415423754748744,-0.03268533499532811,,
LT,2022,Construction,-0.03289445741596716,0.3934078369506919,-0.04074640059679552,,
LT,2023,Construction,-0.03732309181301526,0.3659157833262385,-0.02749205362445345,,
LT,2024,Construction,-0.043896752890454166,0.3425247894346075,-0.023390993891630962,0.12213439211922847,
LT,2025,Construction,-0.015658188805380457,0.34925876798723043,0.006733978552622921,0.12862489275672256,0.004589477014067695
LT,2026,Construction,-0.02789257424636221,0.2774124001230197,-0.07184636786421073,0.11994305709568227,0.004514842525050795
LTF,2017,Financial Services,0.09407650128531869,0.8415865411136486,,,
LTF,2018,Financial Services,0.19247948273500948,0.857311214616163,0.015724673502514386,,
LTF,2019,Financial Services,0.1307851180637494,0.8628671160588443,0.005555901442681255,,
LTF,2020,Financial Services,-0.004214334599121911,0.8576217015908911,-0.0052454144679531245,,
LTF,2021,Financial Services,-0.041243631292936116,0.8131638793113262,-0.04445782227956496,,
LTF,2022,Financial Services,-0.04685565302069473,0.7974967903370104,-0.01566708897431579,,
LTF,2023,Financial Services,-0.055174780983046644,0.7815106057243452,-0.01598618461266521,,
LTF,2024,Financial Services,-0.0005768603063241185,0.7459400680702951,-0.03557053765405005,0.5910268988036842,
LTF,2025,Financial Services,0.1439237079945488,0.7673163278308756,0.02137625976058044,0.6068187328401339,0.011166512934546059
LTF,2026,Financial Services,0.10614231318871714,0.775740374795344,0.008424046964468412,0.6212717632344252,0.015127369975461583
LTFOODS,2017,Fast Moving Consumer Goods,-0.04003860905045867,0.5887551140539137,,,
LTFOODS,2018,Fast Moving Consumer Goods,0.022866022184279376,0.47530371334864696,-0.11345140070526671,,
LTFOODS,2019,Fast Moving Consumer Goods,0.006710883497047548,0.47306411440405227,-0.0022395989445946896,,
LTFOODS,2020,Fast Moving Consumer Goods,-0.07664890204140425,0.4620330238709424,-0.011031090533109855,,
LTFOODS,2021,Fast Moving Consumer Goods,-0.0414851993161994,0.38173921713100417,-0.08029380673993824,,
LTFOODS,2022,Fast Moving Consumer Goods,-0.051683279613677295,0.30273339374404973,-0.07900582338695444,,
LTFOODS,2023,Fast Moving Consumer Goods,0.027125858493563526,0.229509429563576,-0.07322396418047372,,
LTFOODS,2024,Fast Moving Consumer Goods,-0.1015674136846635,0.1518554073289417,-0.0776540222346343,0.10982455677617033,
LTFOODS,2025,Fast Moving Consumer Goods,-0.0411642265806375,0.17011219494428023,0.018256787615338527,0.11189662537377189,0.001465173756447764
LTFOODS,2026,Fast Moving Consumer Goods,-0.08020903663105497,0.17762266615477623,0.007510471210496,0.11227762918685336,0.0013201134061639915
LTM,2017,Information Technology,-0.04502750548977879,,,,
LTM,2018,Information Technology,0.05025671776037178,,,,
LTM,2019,Information Technology,0.018128339035956568,,,,
LTM,2020,Information Technology,-0.013999183191904536,0.10345101420338522,,,
LTM,2021,Information Technology,-0.043295097892691675,0.07456845015692722,-0.028882564046458004,,
LTM,2022,Information Technology,0.03391033399929031,0.012517074261492617,-0.0620513758954346,,
LTM,2023,Information Technology,0.055946408646843894,0.015075762092549847,0.0025586878310572304,,
LTM,2024,Information Technology,-0.1664264475771757,0.07517344786398637,0.060097685771436524,0.164922522746328,
LTM,2025,Information Technology,-0.11684385631787596,0.07148483075746534,-0.0036886171065210333,0.18576198868379556,0.014735727680689386
LTM,2026,Information Technology,-0.08970752520290187,0.06218286068078119,-0.009301970076684152,0.17751550654720882,0.010495007139882927
LTTS,2017,Information Technology,0.016579289331003274,0.045660258995384694,,,
LTTS,2018,Information Technology,0.03582266301532085,0.025978832062763677,-0.019681426932621017,,
LTTS,2019,Information Technology,-0.012113255959662268,0.020944595280007163,-0.005034236782756513,,
LTTS,2020,Information Technology,0.04194455417935073,0.007041107986893779,-0.013903487293113383,,
LTTS,2021,Information Technology,-0.1320911136552051,0.09484426197149738,0.0878031539846036,,
LTTS,2022,Information Technology,-0.008095833607582446,0.07850654906865004,-0.016337712902847343,,
LTTS,2023,Information Technology,-0.019598754255087992,0.06579271384080539,-0.012713835227844653,,
LTTS,2024,Information Technology,-0.1379684313517464,0.07766028928104111,0.011867575440235728,0.18646814926498304,
LTTS,2025,Information Technology,-0.12241484974706816,0.0599972992905444,-0.017662989990496716,0.17885332950631458,0.005384490688867775
LTTS,2026,Information Technology,-0.10473076043017314,0.05515406910228053,-0.004843230188263867,0.18649025543348866,0.004402813612847228
LUPIN,2017,Healthcare,-0.05936305790802303,0.3039050557311932,,,
LUPIN,2018,Healthcare,-0.05764560518219744,0.27451349642676653,-0.029391559304426662,,
LUPIN,2019,Healthcare,-0.038300009146421926,0.30714877830193965,0.03263528187517312,,
LUPIN,2020,Healthcare,-0.07006296771322644,0.2541490088087082,-0.05299976949323143,,
LUPIN,2021,Healthcare,-0.025831159147818868,0.2041371339504563,-0.050011874858251926,,
LUPIN,2022,Healthcare,-0.08753901001732443,0.19205976124506904,-0.012077372705387251,,
LUPIN,2023,Healthcare,-0.06434833256433693,0.19918702752773215,0.007127266282663108,,
LUPIN,2024,Healthcare,-0.11760193437751434,0.12301510948238223,-0.07617191804534992,0.23508463497644647,
LUPIN,2025,Healthcare,-0.06295673995210928,0.18799370705216667,0.06497859756978444,0.31556940196888184,0.05691132452257025
LUPIN,2026,Healthcare,-0.155179853437026,0.17344333857808647,-0.0145503684740802,0.2959481157777861,0.041966565828991644
M&M,2017,Automobile and Auto Components,0.030877455780921728,0.42835423542818113,,,
M&M,2018,Automobile and Auto Components,0.050073803262625595,0.4099010253846705,-0.018453210043510637,,
M&M,2019,Automobile and Auto Components,0.05968762728655608,0.4376359653603903,0.027734939975719797,,
M&M,2020,Automobile and Auto Components,0.009558333277514989,0.49537893504995556,0.05774296968956527,,
M&M,2021,Automobile and Auto Components,-0.0975723037264183,0.48872913970820947,-0.00664979534174609,,
M&M,2022,Automobile and Auto Components,-0.015489607223776946,0.45017628497122986,-0.038552854736979614,,
M&M,2023,Automobile and Auto Components,0.08495816565959216,0.45352178616021793,0.003345501188988076,,
M&M,2024,Automobile and Auto Components,0.0375360629143257,0.46287680893981104,0.009355022779593103,0.19847407948627982,
M&M,2025,Automobile and Auto Components,0.005430284555997259,0.4674580733759217,0.004581264436110677,0.19501782638112466,0.0024439400081522618
M&M,2026,Automobile and Auto Components,-0.0196258433061118,0.4332678866450788,-0.0341901867308429,0.18607307368223144,0.006399729568808526
M&MFIN,2017,Financial Services,0.13111980118343727,0.7636513059314848,,,
M&MFIN,2018,Financial Services,0.16507503642933596,0.7659806361776084,0.0023293302461235843,,
M&MFIN,2019,Financial Services,0.18645738030628364,0.7884794525636073,0.022498816385998932,,
M&MFIN,2020,Financial Services,0.05123178655080938,0.8024473613621187,0.013967908798511397,,
M&MFIN,2021,Financial Services,-0.059025952854049935,0.7605163211313326,-0.04193104023078609,,
M&MFIN,2022,Financial Services,0.01334945736508105,0.7412794502715412,-0.019236870859791422,,
M&MFIN,2023,Financial Services,0.1852572927551728,0.774884505147606,0.0336050548760648,,
M&MFIN,2024,Financial Services,0.1565371728216746,0.7947177154993716,0.019833210351765662,0.7237241494329553,
M&MFIN,2025,Financial Services,0.11398640132913955,0.8264322898414672,0.03171457434209557,0.6490465775142022,0.052805017506296396
M&MFIN,2026,Financial Services,0.08634562404337663,0.8091732971331902,-0.01725899270827702,0.6443420760382728,0.044535352358653114
MAHABANK,2017,Financial Services,-0.05554438597018387,0.9232536360241481,,,
MAHABANK,2018,Financial Services,0.003907993534233008,0.9142321978398397,-0.00902143818430845,,
MAHABANK,2019,Financial Services,0.03691620302524094,0.9156462972518175,0.0014140994119777872,,
MAHABANK,2020,Financial Services,-0.0017425411435133388,0.909491755085996,-0.006154542165821453,,
MAHABANK,2021,Financial Services,-0.009527568531853896,0.9054687956838594,-0.004022959402136594,,
MAHABANK,2022,Financial Services,-0.02488440896067682,0.9100391769843471,0.0045703813004877025,,
MAHABANK,2023,Financial Services,0.01510272520531525,0.9141334284394459,0.004094251455098785,,
MAHABANK,2024,Financial Services,-0.03308913033985531,0.9060168805406011,-0.00811654789884475,0.6412577395219995,
MAHABANK,2025,Financial Services,-0.015781210319211553,0.8960861374649456,-0.009930743075655557,0.6803009713761298,0.02760773400349414
MAHABANK,2026,Financial Services,0.031252033030795344,0.9024506178062583,0.0063644803413127615,0.6861070488446914,0.02439106747666999
MANAPPURAM,2017,Financial Services,0.13374418242438801,0.7250441515381102,,,
MANAPPURAM,2018,Financial Services,0.04171322772512113,0.7403017450194103,0.015257593481300069,,
MANAPPURAM,2019,Financial Services,0.12725866784572587,0.7481893485567611,0.007887603537350851,,
MANAPPURAM,2020,Financial Services,0.17225104104981565,0.7794853511534923,0.031296002596731154,,
MANAPPURAM,2021,Financial Services,0.07478542679620995,0.7443776347981144,-0.035107716355377905,,
MANAPPURAM,2022,Financial Services,0.05180814728904357,0.7340451806845815,-0.010332454113532896,,
MANAPPURAM,2023,Financial Services,0.1164237764507154,0.7383195124155373,0.004274331730955816,,
MANAPPURAM,2024,Financial Services,0.07982838163246228,0.7341481148568995,-0.004171397558637824,0.5348084946791056,
MANAPPURAM,2025,Financial Services,0.014381364362920984,0.7332038740241014,-0.0009442408327980933,0.5609465997765609,0.018482431361777338
MANAPPURAM,2026,Financial Services,0.27927182285570434,0.7757125768163421,0.04250870279224073,0.70135391673478,0.08956821683424143
MANKIND,2020,Healthcare,-0.0077549988943993375,0.025839466784597403,0.025826232006246855,,
MANKIND,2021,Healthcare,0.02015692810868609,0.03784200264167557,0.01200253585707817,,
MANKIND,2022,Healthcare,0.05639817971224522,0.0958527521147945,0.05801074947311893,,
MANKIND,2023,Healthcare,-0.05486863080341288,0.017589885273930173,-0.07826286684086434,,
MANKIND,2024,Healthcare,-0.14914002184659247,0.017434355029008166,-0.00015553024492200723,0.2550933321662254,
MANKIND,2025,Healthcare,-0.07249588089531038,0.3078099526827342,0.29037559765372606,0.2577455707557748,0.001875415891995052
MANKIND,2026,Healthcare,-0.09199227665959402,0.22740330241619205,-0.08040665026654215,0.2620435221642489,0.0035074182540753614
MAPMYINDIA,2019,Information Technology,0.01985432330827068,0.45256696428571425,,,
MAPMYINDIA,2020,Information Technology,-0.009855379976548107,0.42087777095315204,-0.031689193332562204,,
MAPMYINDIA,2021,Information Technology,-0.05140547234619247,0.34850573638339133,-0.07237203456976071,,
MAPMYINDIA,2022,Information Technology,0.11240377380332232,0.036831239991510875,-0.31167449639188044,,
MAPMYINDIA,2023,Information Technology,0.02581057386549378,0.04367143154328509,0.006840191551774212,,
MAPMYINDIA,2024,Information Technology,-0.05425146080999395,0.03240227684868023,-0.011269154694604856,0.36153308887724805,
MAPMYINDIA,2025,Information Technology,-0.10413400008475654,0.031624782811374326,-0.000777494037305905,0.26227583262169085,0.07018547898027534
MAPMYINDIA,2026,Information Technology,-0.041952384621311345,0.006780183373141228,-0.024844599438233098,0.3970798740337818,0.06986618928993105
MARICO,2017,Fast Moving Consumer Goods,0.04136111348776362,0.06590840718589318,,,
MARICO,2018,Fast Moving Consumer Goods,0.07318271119842829,0.07662082514734773,0.010712417961454557,,
MARICO,2019,Fast Moving Consumer Goods,0.010620915032679739,0.0718954248366013,-0.004725400310746433,,
MARICO,2020,Fast Moving Consumer Goods,-0.03887993553585818,0.06809024979854955,-0.00380517503805175,,
MARICO,2021,Fast Moving Consumer Goods,-0.15388868411352746,0.0941761887209731,0.026085938922423543,,
MARICO,2022,Fast Moving Consumer Goods,0.03681521930597147,0.08437555046679585,-0.009800638254177249,,
MARICO,2023,Fast Moving Consumer Goods,-0.017205882352941175,0.08941176470588236,0.005036214239086512,,
MARICO,2024,Fast Moving Consumer Goods,-0.1343669250645995,0.07180742554059567,-0.017604339165286684,0.19076592698639944,
MARICO,2025,Fast Moving Consumer Goods,-0.11069486404833837,0.06694864048338368,-0.0048587850572119895,0.16737348035057958,0.016540957644732658
MARICO,2026,Fast Moving Consumer Goods,-0.14613065326633165,0.05597989949748744,-0.010968740985896244,0.20697498104624715,0.019909038359807434
MARUTI,2017,Automobile and Auto Components,-0.05335014097246948,0.009307069793400756,,,
MARUTI,2018,Automobile and Auto Components,-0.06486313329482608,0.0020050324987883495,-0.0073020372946124065,,
MARUTI,2019,Automobile and Auto Components,0.016386138846029397,0.0024949701963616583,0.0004899376975733088,,
MARUTI,2020,Automobile and Auto Components,0.03426495064256605,0.002893393914914416,0.00039842371855275784,,
MARUTI,2021,Automobile and Auto Components,-0.06258537521663414,0.0075781669214204745,0.004684773006506058,,
MARUTI,2022,Automobile and Auto Components,0.027312120339425764,0.0056995130968247485,-0.001878653824595726,,
MARUTI,2023,Automobile and Auto Components,-0.02548198909156294,0.012462789443190217,0.006763276346365469,,
MARUTI,2024,Automobile and Auto Components,-0.11338885607710392,0.0010285844128699673,-0.01143420503032025,0.13095812384075037,
MARUTI,2025,Automobile and Auto Components,-0.09388874768443782,0.0006640425536786812,-0.00036454185919128606,0.11167619494189857,0.013634382678734968
MARUTI,2026,Automobile and Auto Components,-0.10513815461145634,0.0006884725514389749,2.4429997760293623e-05,0.08220538290597638,0.024553177977505
MAXHEALTH,2017,Healthcare,-0.044585359651632184,0.2778328724452497,,,
MAXHEALTH,2018,Healthcare,-0.05780973612154402,0.2969904771135719,0.019157604668322226,,
MAXHEALTH,2019,Healthcare,-0.027413594710452106,0.2989232502817078,0.0019327731681358928,,
MAXHEALTH,2020,Healthcare,-0.004554994639702441,0.22013458625045929,-0.07878866403124851,,
MAXHEALTH,2021,Healthcare,-0.029895381964684102,0.1289184943804969,-0.09121609186996238,,
MAXHEALTH,2022,Healthcare,-0.014742418487930852,0.09939787553337477,-0.029520618847122135,,
MAXHEALTH,2023,Healthcare,-0.010460460212733318,0.06820136905616297,-0.031196506477211797,,
MAXHEALTH,2024,Healthcare,-0.07357286786433932,0.10824637456520615,0.04004500550904318,0.2671558788423763,
MAXHEALTH,2025,Healthcare,-0.0748720569139311,0.19822222983134954,0.08997585526614339,0.2603795852035289,0.004791563183340249
MAXHEALTH,2026,Healthcare,-0.07625265865360834,0.20241322823832011,0.00419099840697057,0.2529192746083333,0.007121040300562846
MAZDOCK,2017,Capital Goods,0.08207861570360077,,,,
MAZDOCK,2018,Capital Goods,0.00027872636503656654,,,,
MAZDOCK,2019,Capital Goods,0.022408994484921185,,,,
MAZDOCK,2020,Capital Goods,0.027028898278498973,,,,
MAZDOCK,2021,Capital Goods,0.01772642711361739,0.001179772979221119,,,
MAZDOCK,2022,Capital Goods,0.025979046674754577,0.00039096035178370626,-0.0007888126274374129,,
MAZDOCK,2023,Capital Goods,-0.013454142533776997,0.00020491469577631457,-0.0001860456560073917,,
MAZDOCK,2024,Capital Goods,0.004184509407085324,3.156455307477779e-05,-0.0001733501427015368,0.259923273169149,
MAZDOCK,2025,Capital Goods,-0.04243335927838954,0.0007057934778155882,0.0006742289247408104,0.2463087565153884,0.00962691704845131
MAZDOCK,2026,Capital Goods,0.11659210615873071,0.01628319962670609,0.015577406148890503,0.15175858905087164,0.05891333765468622
MCX,2017,Financial Services,0.08487386866936261,,,,
MCX,2018,Financial Services,0.004587319266232345,,,,
MCX,2019,Financial Services,-0.053949485897102314,,,,
MCX,2020,Financial Services,-0.07776217536623004,,,,
MCX,2021,Financial Services,0.16369564956783386,0.0006193781443430796,,,
MCX,2022,Financial Services,-0.08850078913352426,0.00030708363387061066,-0.0003122945104724689,,
MCX,2023,Financial Services,0.002497725581010673,0.0005127780994127864,0.0002056944655421757,,
MCX,2024,Financial Services,-0.08275077080136942,0.0004869763171095902,-2.5801782303196174e-05,0.6407857190258146,
MCX,2025,Financial Services,-0.12693373902066277,0.00023351683286437295,-0.0002534594842452172,0.7417144917520507,0.07136741961155747
MCX,2026,Financial Services,-0.34947464412989304,0.0006346133591444984,0.0004010965262801255,0.7036752136752137,0.050971711726355264
MEDANTA,2016,Healthcare,-0.03865092248934034,0.1111567659322228,,,
MEDANTA,2018,Healthcare,-0.015061850369489168,0.22980915607262756,0.11865239014040475,,
MEDANTA,2019,Healthcare,-0.047023040260777235,0.32388893919313816,0.0940797831205106,,
MEDANTA,2020,Healthcare,-0.052034849922551564,0.34839046015249653,0.02450152095935837,,
MEDANTA,2021,Healthcare,-0.07904651257743744,0.34570971489657065,-0.002680745255925876,,
MEDANTA,2022,Healthcare,-0.036579007604466036,0.3525426638520817,0.0068329489555110645,,
MEDANTA,2023,Healthcare,-0.07772231917308374,0.27383669135862737,-0.07870597249345435,,
MEDANTA,2024,Healthcare,-0.10962146400274775,0.18735674348292372,-0.08647994787570365,0.25202450606291865,
MEDANTA,2025,Healthcare,-0.11093463806824262,0.1505865222618296,-0.036770221221094135,0.19386489933903614,0.04112505230560004
MEDANTA,2026,Healthcare,-0.09409991532599492,0.20153259949195595,0.05094607723012637,0.2198995437291515,0.029132901697057234
MEESHO,2023,Consumer Services,0.1765982236331093,,,,
MEESHO,2024,Consumer Services,-0.061915553750429585,0.01736846279371015,,-0.04881955021951439,
MEESHO,2025,Consumer Services,-0.14254596884345475,0.008063835352175242,-0.009304627441534909,-0.15320104616784172,0.0738088636154584
MEESHO,2026,Consumer Services,0.4733297498972397,0.007921080089796693,-0.00014275526237854906,-0.06050403871999913,0.05719084885672127
MFSL,2017,Financial Services,-0.13115977486198455,,,,
MFSL,2018,Financial Services,-0.12978083753927172,,,,
MFSL,2019,Financial Services,-0.12751626284655432,,,,
MFSL,2020,Financial Services,-0.07120541887209882,3.663140793017651e-05,,,
MFSL,2021,Financial Services,-0.0659500748291168,3.528568915449472e-05,-1.345718775681791e-06,,
MFSL,2022,Financial Services,-0.07000154993004083,0.004434158759546401,0.004398873070391906,,
MFSL,2023,Financial Services,-0.07239817219610699,0.003964611238170476,-0.0004695475213759249,,
MFSL,2024,Financial Services,-0.03715835915942261,0.0032104524472811417,-0.0007541587908893345,0.009955540213859752,
MFSL,2025,Financial Services,-0.043722028092911105,0.005396634182469049,0.0021861817351879077,0.0054709574982134005,0.0031710788490255173
MFSL,2026,Financial Services,-0.05719007990276249,0.009342975652164735,0.003946341469695686,0.011145989414483172,0.0029926197743621306
MGL,2023,Oil Gas & Consumable Fuels,-0.0297149848068153,0.018999355139241846,,,
MGL,2024,Oil Gas & Consumable Fuels,-0.18565500317092673,0.01949844210990708,0.000499086970665235,0.17580829377344498,
MGL,2025,Oil Gas & Consumable Fuels,-0.14520937706663709,0.024216018011137704,0.004717575901230623,0.170518968663845,0.0037401176528984144
MGL,2026,Oil Gas & Consumable Fuels,-0.10792529216846004,0.024822071189339413,0.0006060531782017091,0.14433645773626894,0.016852187306788866
MINDACORP,2017,Automobile and Auto Components,0.03469216357645842,0.3548032818657536,,,
MINDACORP,2018,Automobile and Auto Components,0.03549141965678627,0.35486544461778474,6.21627520311363e-05,,
MINDACORP,2019,Automobile and Auto Components,-0.01646191646191647,0.2806306306306306,-0.07423481398715415,,
MINDACORP,2020,Automobile and Auto Components,-0.2794395736634004,0.2685232937940519,-0.01210733683657872,,
MINDACORP,2021,Automobile and Auto Components,-0.014045788411150726,0.22868433486534084,-0.03983895892871103,,
MINDACORP,2022,Automobile and Auto Components,0.009777570020645863,0.19894043862724475,-0.02974389623809609,,
MINDACORP,2023,Automobile and Auto Components,-0.032065064971487325,0.2236764201801128,0.024735981552868047,,
MINDACORP,2024,Automobile and Auto Components,-0.06478347146025445,0.1575522353215828,-0.06612418485853,0.11461327201890528,
MINDACORP,2025,Automobile and Auto Components,-0.09411740566715227,0.33120627039005274,0.17365403506846994,0.11761916054066873,0.0021254841572297426
MINDACORP,2026,Automobile and Auto Components,-0.08558487952466008,0.26905551707797176,-0.062150753312080975,0.11462322145251881,0.001732585534993057
MMTC,2017,Services,-0.051756304518459105,0.07527288086610498,,,
MMTC,2018,Services,0.09524693327146709,0.1003895639397191,0.025116683073614116,,
MMTC,2019,Services,0.1085204414793302,0.21952728650949127,0.11913772256977218,,
MMTC,2020,Services,0.3582637182637183,0.6005288405288405,0.3810015540193492,,
MMTC,2021,Services,-0.45540441297366024,0.44243184882331665,-0.15809699170552383,,
MMTC,2022,Services,-0.05391364701602839,0.5489663188659089,0.1065344700425922,,
MMTC,2023,Services,0.21981505800848852,0.055069319260123276,-0.4938969996057856,,
MMTC,2024,Services,0.0967238816496143,0.04320689617759068,-0.011862423082532596,-122.24,
MMTC,2025,Services,0.11887478618350128,0.0007014618580114707,-0.04250543431957921,-67.67647058823529,38.582241652530456
MMTC,2026,Services,0.2537671637093284,0.0008655624188535232,0.00016410056084205252,-29.691176470588236,46.52122463233111
MOTHERSON,2017,Automobile and Auto Components,-0.07029242072771781,0.3239856372305024,,,
MOTHERSON,2018,Automobile and Auto Components,-0.04508561398384275,0.28056396234120645,-0.043421674889295936,,
MOTHERSON,2019,Automobile and Auto Components,-0.06313561304205453,0.26978060532347853,-0.010783357017727924,,
MOTHERSON,2020,Automobile and Auto Components,-0.11506869391625271,0.29170543444710667,0.021924829123628142,,
MOTHERSON,2021,Automobile and Auto Components,-0.08402532424966545,0.2498413569374664,-0.041864077509640274,,
MOTHERSON,2022,Automobile and Auto Components,-0.028512927631106706,0.25355850811835134,0.0037171511808849478,,
MOTHERSON,2023,Automobile and Auto Components,-0.05131909342899071,0.22488667862383824,-0.028671829494513107,,
MOTHERSON,2024,Automobile and Auto Components,-0.07947784332686289,0.23666453625540226,0.011777857631564026,0.09707972841676692,
MOTHERSON,2025,Automobile and Auto Components,-0.057282278359762094,0.18745809277497671,-0.04920644348042555,0.09688408466385372,0.00013834102438170862
MOTHERSON,2026,Automobile and Auto Components,-0.09368868556472566,0.17518462299075996,-0.012273469784216756,0.0878515550407916,0.005272318461022121
MOTILALOFS,2017,Financial Services,0.27734183365130527,0.6004135610091362,,,
MOTILALOFS,2018,Financial Services,0.03598799375675351,0.511268099411694,-0.08914546159744219,,
MOTILALOFS,2019,Financial Services,0.009579866161789222,0.4978412724764895,-0.013426826935204528,,
MOTILALOFS,2020,Financial Services,-0.0761979092805057,0.45885650079683765,-0.038984771679651864,,
MOTILALOFS,2021,Financial Services,0.09964241482871024,0.4054642660530531,-0.05339223474378457,,
MOTILALOFS,2022,Financial Services,0.01774100657124843,0.3649204824965405,-0.04054378355651256,,
MOTILALOFS,2023,Financial Services,0.1738438739009999,0.44784082456653307,0.08292034206999255,,
MOTILALOFS,2024,Financial Services,0.028773454995837392,0.4339649900302005,-0.013875834536332565,0.5324818653369586,
MOTILALOFS,2025,Financial Services,-0.019128181162828068,0.43434999830465754,0.0003850082744570327,0.5234838941875113,0.006362526416695165
MOTILALOFS,2026,Financial Services,0.16920913190750675,0.48974016371591395,0.05539016541125641,0.5749118443790574,0.027465434844616853
MPHASIS,2017,Information Technology,0.017458654340010277,0.035632254750898824,,,
MPHASIS,2018,Information Technology,0.01635729911165167,0.05585377279427881,0.020221518043379988,,
MPHASIS,2019,Information Technology,0.016778701106229803,0.07363872387955382,0.01778495108527501,,
MPHASIS,2020,Information Technology,-0.01558164574124949,0.06536556454002794,-0.008273159339525882,,
MPHASIS,2021,Information Technology,-0.02538479773958692,0.05482847214954948,-0.01053709239047846,,
MPHASIS,2022,Information Technology,-0.026659628315138437,0.04934708058163739,-0.0054813915679120875,,
MPHASIS,2023,Information Technology,0.015308738539086611,0.017249380784773824,-0.03209769979686357,,
MPHASIS,2024,Information Technology,-0.1251320504588106,0.11025240119340043,0.09300302040862661,0.19037777915054446,
MPHASIS,2025,Information Technology,-0.09922526150730485,0.12806414397941446,0.017811742786014023,0.18742411144811597,0.00208855846175888
MPHASIS,2026,Information Technology,-0.04337389218455583,0.14876954826457864,0.02070540428516418,0.18137794961280093,0.004587612987593694
MRF,2017,Automobile and Auto Components,-0.031199827753027612,0.15502493328087955,,,
MRF,2018,Automobile and Auto Components,-0.07776143297030869,0.13125810918897793,-0.023766824091901617,,
MRF,2019,Automobile and Auto Components,-0.006629178144589289,0.1359081838492072,0.004650074660229264,,
MRF,2020,Automobile and Auto Components,-0.043650609957443395,0.09536609276455406,-0.040542091084653134,,
MRF,2021,Automobile and Auto Components,-0.13495433945653723,0.10575878160612101,0.010392688841566952,,
MRF,2022,Automobile and Auto Components,0.05408820741257273,0.14002542960154796,0.034266647995426947,,
MRF,2023,Automobile and Auto Components,-0.08151777166537885,0.1236636422465706,-0.016361787354977356,,
MRF,2024,Automobile and Auto Components,-0.11128392669788521,0.10508602975929097,-0.018577612487279627,0.11923460394639486,
MRF,2025,Automobile and Auto Components,-0.03941400400283742,0.12702238611415564,0.02193635635486467,0.17389009034300032,0.038647265060088816
MRF,2026,Automobile and Auto Components,-0.12815337031831558,0.10035392043002475,-0.026668465684130893,0.1177149307824847,0.03200307316343235
MRPL,2017,Oil Gas & Consumable Fuels,0.13945467851567545,0.4711542676645292,,,
MRPL,2018,Oil Gas & Consumable Fuels,-0.061931791513209565,0.46689613522790924,-0.004258132436619988,,
MRPL,2019,Oil Gas & Consumable Fuels,-0.0396847244696221,0.476639079345644,0.009742944117734742,,
MRPL,2020,Oil Gas & Consumable Fuels,-0.1191593629745819,0.6044592040910706,0.1278201247454266,,
MRPL,2021,Oil Gas & Consumable Fuels,0.059110709470731944,0.6927358974277774,0.08827669333670685,,
MRPL,2022,Oil Gas & Consumable Fuels,-0.038373265357701636,0.531684190750587,-0.16105170667719038,,
MRPL,2023,Oil Gas & Consumable Fuels,-0.1053271429589698,0.48103400342081704,-0.05065018732977,,
MRPL,2024,Oil Gas & Consumable Fuels,-0.19024075975750473,0.35802082425020254,-0.1230131791706145,0.04714720866029045,
MRPL,2025,Oil Gas & Consumable Fuels,-0.012398073959312042,0.38161336103623406,0.023592536786031515,0.11268167038623483,0.04633986228782554
MRPL,2026,Oil Gas & Consumable Fuels,-0.03563942572133805,0.344836709201914,-0.03677665183432005,0.0344435472297283,0.041986808647685815
MSUMI,2021,Automobile and Auto Components,0.21504414887671844,0.0538169218732536,,,
MSUMI,2022,Automobile and Auto Components,-0.03513291954561424,0.11039544052777454,0.056578518654520946,,
MSUMI,2023,Automobile and Auto Components,0.09089967905580287,0.1285847396210788,0.01818929909330426,,
MSUMI,2024,Automobile and Auto Components,-0.20740386759692886,0.082544840549237,-0.046039899071841806,0.10328307858173787,
MSUMI,2025,Automobile and Auto Components,-0.05775584638489595,0.07219480798111992,-0.010350032568117076,0.09086028395570594,0.008784242321354968
MSUMI,2026,Automobile and Auto Components,-0.12979750089554756,0.049139220768274434,-0.023055587212845487,0.0757940397856342,0.013765686770895713
MUTHOOTFIN,2017,Financial Services,0.10520675549921311,0.6890559483472455,,,
MUTHOOTFIN,2018,Financial Services,0.0968757814407198,0.7095169901917867,0.020461041844541228,,
MUTHOOTFIN,2019,Financial Services,0.1653867276756276,0.7218978112683831,0.012380821076596438,,
MUTHOOTFIN,2020,Financial Services,0.14778301330554716,0.7463917476919926,0.02449393642360942,,
MUTHOOTFIN,2021,Financial Services,0.16930148124898547,0.7346118639222163,-0.011779883769776234,,
MUTHOOTFIN,2022,Financial Services,0.07356595683109647,0.7151863903235433,-0.019425473598673082,,
MUTHOOTFIN,2023,Financial Services,0.08007087660948344,0.696383403572258,-0.018802986751285222,,
MUTHOOTFIN,2024,Financial Services,0.15546060793433666,0.706301544438452,0.009918140866193914,0.729228688197652,
MUTHOOTFIN,2025,Financial Services,0.22079267564655186,0.7481696418690724,0.04186809743062048,0.8258683863403194,0.06833458588850122
MUTHOOTFIN,2026,Financial Services,0.25644588806763274,0.7756289312755213,0.027459289406448928,0.8376435721204852,0.05948623554132046
NAM-INDIA,2017,Financial Services,-0.07511297658569402,0.014624800737089957,,,
NAM-INDIA,2018,Financial Services,0.029304486767433757,,,,
NAM-INDIA,2019,Financial Services,0.036039541183929893,,,,
NAM-INDIA,2020,Financial Services,-0.06584907821704164,,,,
NAM-INDIA,2021,Financial Services,0.06613938323757529,,,,
NAM-INDIA,2022,Financial Services,0.043355265583926425,,,,
NAM-INDIA,2023,Financial Services,0.035424291164518236,,,,
NAM-INDIA,2024,Financial Services,-0.11019784961966063,0.01796326433586893,,0.6560581061082855,
NAM-INDIA,2025,Financial Services,-0.17036534236661,0.01884954198375209,0.0008862776478831616,0.6665721415607986,0.007434545766107755
NAM-INDIA,2026,Financial Services,-0.1853366921660619,0.014510003312610261,-0.00433953867114183,0.6621852465215747,0.005280966439741093
NATCOPHARM,2017,Healthcare,0.06049361408353469,0.09570245081118399,,,
NATCOPHARM,2018,Healthcare,0.06260935102689026,0.04662054857204382,-0.04908190223914017,,
NATCOPHARM,2019,Healthcare,-0.005670330691826817,0.08977248960052055,0.04315194102847673,,
NATCOPHARM,2020,Healthcare,0.009481668773704172,0.06885653254283097,-0.020915957057689574,,
NATCOPHARM,2021,Healthcare,0.02965420814290782,0.055844237150190955,-0.013012295392640018,,
NATCOPHARM,2022,Healthcare,0.02417255485310524,0.08132547806854436,0.025481240918353402,,
NATCOPHARM,2023,Healthcare,-0.023650440131509187,0.0294658323611553,-0.05185964570738906,,
NATCOPHARM,2024,Healthcare,-0.15618076772708184,0.053749583701365455,0.024283751340210154,0.08171861836562762,
NATCOPHARM,2025,Healthcare,-0.1790489653094802,0.032373183787917405,-0.02137639991344805,0.24517225397806272,0.11557917415114782
NATCOPHARM,2026,Healthcare,-0.14103941843139026,0.06446922833792387,0.03209604455000647,0.2536724700761697,0.09691703650264345
NATIONALUM,2017,Metals & Mining,-0.05297699953313597,0.00352320286655895,,,
NATIONALUM,2018,Metals & Mining,-0.016980840268967085,0.003078778124046222,-0.0004444247425127281,,
NATIONALUM,2019,Metals & Mining,-0.04457269536203926,0.0044093404870410025,0.0013305623629947805,,
NATIONALUM,2020,Metals & Mining,0.033323366361814814,0.0008461615130550143,-0.0035631789739859884,,
NATIONALUM,2021,Metals & Mining,-0.06118680607442166,0.00694002062698137,0.006093859113926356,,
NATIONALUM,2022,Metals & Mining,-0.05828703473234411,0.0044629574531389465,-0.002477063173842424,,
NATIONALUM,2023,Metals & Mining,0.029865073318125268,0.005934777021786946,0.0014718195686479994,,
NATIONALUM,2024,Metals & Mining,-0.05994271909115818,0.0050106498404213565,-0.0009241271813655895,0.49567802463204225,
NATIONALUM,2025,Metals & Mining,-0.18402808126505535,0.007942432008167062,0.0029317821677457053,0.45940244559760723,0.025650707926717548
NATIONALUM,2026,Metals & Mining,-0.1670721508114706,0.002253959403866729,-0.005688472604300333,0.5106197594287848,0.02633877467758976
NAUKRI,2017,Consumer Services,-0.11552028218694885,0.0004725851871339901,,,
NAUKRI,2018,Consumer Services,0.09957708721709523,0.0002927265164003882,-0.00017985867073360188,,
NAUKRI,2019,Consumer Services,0.10284101599247412,0.00026026967701473815,-3.245683938565006e-05,,
NAUKRI,2020,Consumer Services,-0.20314784285669849,0.026708969693199375,0.026448700016184636,,
NAUKRI,2021,Consumer Services,0.18126903101539008,0.010344290536460089,-0.016364679156739288,,
NAUKRI,2022,Consumer Services,0.5884338530519145,0.003127978096830133,-0.0072163124396299565,,
NAUKRI,2023,Consumer Services,-0.037208255294626125,0.006462205253805887,0.0033342271569757544,,
NAUKRI,2024,Consumer Services,-0.012738085770867406,0.006826933441139657,0.00036472818733376995,0.3679955703211517,
NAUKRI,2025,Consumer Services,-0.014124859804693355,0.006250542135280024,-0.0005763913058596335,0.35924628696257066,0.006186677593375272
NAUKRI,2026,Consumer Services,-0.013261489576263132,0.0054360122088969514,-0.0008145299263830723,0.3870110701107011,0.01419520091907711
NAVA,2017,Power,0.005698491736002265,0.5199299121058001,,,
NAVA,2018,Power,0.004518679801902244,0.48693361586726086,-0.032996296238539224,,
NAVA,2019,Power,-0.0657406585816824,0.4121999007163293,-0.07473371515093158,,
NAVA,2020,Power,-0.014119010785864182,0.3761823297983737,-0.0360175709179556,,
NAVA,2021,Power,-0.03470911243930004,0.3520519412049803,-0.024130388593393393,,
NAVA,2022,Power,-0.008454397464148,0.33519672103572207,-0.016855220169258223,,
NAVA,2023,Power,-0.00015745863561642356,0.27662782986909334,-0.05856889116662872,,
NAVA,2024,Power,-0.3023441265480813,0.04278361924699175,-0.2338442106221016,0.5339410556801861,
NAVA,2025,Power,-0.171816313954748,0.07930735038970863,0.03652373114271688,0.4465755912503027,0.06177671233988269
NAVA,2026,Power,-0.14166735119797622,0.15498786639248285,0.07568051600277423,0.43446938438686256,0.05427383963070461
NAVINFLUOR,2017,Chemicals,0.037549155335105604,0.015729707233796787,,,
NAVINFLUOR,2018,Chemicals,0.008290922992378083,0.010082909229923782,-0.005646798003873004,,
NAVINFLUOR,2019,Chemicals,0.04509673421614301,0.0031670988915153877,-0.006915810338408395,,
NAVINFLUOR,2020,Chemicals,0.15471007595807262,0.0008596709916304888,-0.002307427899884899,,
NAVINFLUOR,2021,Chemicals,0.010671768035287965,0.013206642319225519,0.01234697132759503,,
NAVINFLUOR,2022,Chemicals,0.0789400875295538,0.05064808759662625,0.03744144527740073,,
NAVINFLUOR,2023,Chemicals,0.12432245579139146,0.24390174794363736,0.1932536603470111,,
NAVINFLUOR,2024,Chemicals,-0.15222526844870915,0.312647932373772,0.06874618443013461,0.24300560870999668,
NAVINFLUOR,2025,Chemicals,-0.0797887536798347,0.3035765302108737,-0.009071402162898257,0.34466645001512825,0.07188507026798799
NAVINFLUOR,2026,Chemicals,-0.10193569018924241,0.19936135391715473,-0.10421517629371899,0.34166762353121294,0.057847663138813225
NBCC,2017,Construction,-0.0310196308887087,0.0007351974866908178,,,
NBCC,2018,Construction,-0.04307330408799034,,,,
NBCC,2019,Construction,-0.020052577905066652,,,,
NBCC,2020,Construction,-0.002761216243931908,,,,
NBCC,2021,Construction,-0.017187863218315443,3.799822376930459e-05,,,
NBCC,2022,Construction,0.01071289240678137,3.411749174134195e-05,-3.880732027962644e-06,,
NBCC,2023,Construction,0.049620608420495045,3.48491959128863e-05,7.317041715443543e-07,,
NBCC,2024,Construction,0.011313764046046304,4.945307256649672e-05,1.4603876653610418e-05,0.05117352006179981,
NBCC,2025,Construction,-0.03496038176889241,2.9872370297902216e-05,-1.9580702268594503e-05,0.03756960551087054,0.009619420229644434
NBCC,2026,Construction,-0.01745442459207802,1.5944033987774606e-05,-1.392833631012761e-05,0.06855850552991108,0.01553284764204295
NCC,2017,Construction,-0.025373824877492016,0.23150768532820618,,,
NCC,2018,Construction,-0.03362085431043722,0.16608869658142042,-0.06541898874678576,,
NCC,2019,Construction,-0.006441856515217552,0.18358336112935758,0.01749466454793716,,
NCC,2020,Construction,-0.043068689368363056,0.1579414547900396,-0.025641906339317982,,
NCC,2021,Construction,-0.04235857334038411,0.15229381648877244,-0.0056476383012671605,,
NCC,2022,Construction,-0.0645414749906453,0.09008375299747752,-0.06221006349129492,,
NCC,2023,Construction,-0.029662020577494296,0.05884066097405941,-0.031243092023418108,,
NCC,2024,Construction,-0.06445275369495153,0.05415983235110771,-0.004680828622951702,0.08249571523728977,
NCC,2025,Construction,-0.02948715567802982,0.07588356944867056,0.021723737097562847,0.08960846621709061,0.005029474450708428
NCC,2026,Construction,0.02599301753703536,0.13314051003175423,0.05725694058308367,0.09379489764841711,0.005712398179833428
NESTLEIND,2024,Fast Moving Consumer Goods,-0.3313465854988948,0.03274047662942148,,0.22906733225516926,0.006350171147591699
NESTLEIND,2025,Fast Moving Consumer Goods,-0.1589337440500208,0.09569584001732095,0.06295536338789948,0.20845273723142946,0.015173883351409343
NESTLEIND,2026,Fast Moving Consumer Goods,-0.3101750883179127,0.03369317936141048,-0.06200266065591047,0.23857746253633483,0.01539969253293467
NETWEB,2019,Information Technology,-0.007484735079771516,0.22158755170376204,,,
NETWEB,2020,Information Technology,0.019762845849802372,0.3009881422924901,0.07940059058872806,,
NETWEB,2021,Information Technology,0.1642617297395408,0.27715763680914784,-0.023830505483342257,,
NETWEB,2022,Information Technology,0.11614292443307984,0.23208397819796783,-0.04507365861118001,,
NETWEB,2023,Information Technology,0.07448488494510452,0.13385471499473606,-0.09822926320323178,,
NETWEB,2024,Information Technology,0.01853151991117932,0.015625255114536222,-0.11822945988019984,0.12913560286236114,
NETWEB,2025,Information Technology,0.09697268580266978,0.008910458300175967,-0.006714796814360255,0.12167517672344179,0.005275317913371253
NETWEB,2026,Information Technology,-0.31247228283043293,0.12515743352314052,0.11624697522296455,0.1470189949859093,0.013024226119939196
NEULANDLAB,2017,Healthcare,0.0092368843018135,0.21693127667743176,,,
NEULANDLAB,2018,Healthcare,0.0007373529960798962,0.2979279447451932,0.08099666806776143,,
NEULANDLAB,2019,Healthcare,-0.04730393241031539,0.20476843455566862,-0.09315951018952456,,
NEULANDLAB,2020,Healthcare,-0.03341240312596468,0.2142520593348389,0.00948362477917028,,
NEULANDLAB,2021,Healthcare,-0.08207338521577007,0.13760671502653252,-0.07664534430830638,,
NEULANDLAB,2022,Healthcare,0.002479237291198346,0.17385741855741638,0.03625070353088386,,
NEULANDLAB,2023,Healthcare,-0.04664632602420621,0.08130981921304502,-0.09254759934437136,,
NEULANDLAB,2024,Healthcare,-0.08708582529357839,0.052052865936176716,-0.0292569532768683,0.21759666356807278,
NEULANDLAB,2025,Healthcare,-0.12699264641793853,0.07208620618471574,0.020033340248539026,0.175433808646608,0.029813640629152333
NEULANDLAB,2026,Healthcare,-0.06791825646556138,0.1028176128103094,0.030731406625593663,0.34740796159481274,0.08963238692270417
NEWGEN,2017,Information Technology,0.0360870582728762,0.1672361338637959,,,
NEWGEN,2018,Information Technology,0.020774827150153552,0.10783202772166658,-0.05940410614212932,,
NEWGEN,2019,Information Technology,0.0,0.09201470726878476,-0.015817320452881825,,
NEWGEN,2020,Information Technology,-0.019887472729360426,0.08765644735331267,-0.00435825991547209,,
NEWGEN,2021,Information Technology,-0.09691716092028936,0.021823198418388406,-0.06583324893492426,,
NEWGEN,2022,Information Technology,0.019439835341693183,0.025224637089827633,0.003401438671439227,,
NEWGEN,2023,Information Technology,0.030238801752154862,0.03176338472293493,0.0065387476331073,,
NEWGEN,2024,Information Technology,-0.11409037812709388,0.028764223496415588,-0.002999161226519345,0.28419616383721236,
NEWGEN,2025,Information Technology,-0.07440332115771098,0.02615069410827013,-0.0026135293881454566,0.2654391925652044,0.013263181580958126
NEWGEN,2026,Information Technology,-0.06920834561593135,0.016114768595853396,-0.010035925512416735,0.1567511494897387,0.06880788031529164
NH,2017,Healthcare,-0.08272739411743285,0.13153230799111426,,,
NH,2018,Healthcare,-0.0517659991775015,0.3169545411407421,0.18542223314962786,,
NH,2019,Healthcare,-0.08312345431201972,0.30808472926553077,-0.008869811875211353,,
NH,2020,Healthcare,-0.11182768272001545,0.3282169890664424,0.020132259800911656,,
NH,2021,Healthcare,-0.11463682326058404,0.2971050216808507,-0.031111967385591743,,
NH,2022,Healthcare,-0.04552178740380424,0.2301476459678112,-0.06695737571303947,,
NH,2023,Healthcare,-0.11469163629388068,0.2120132361404182,-0.018134409827393005,,
NH,2024,Healthcare,-0.1550928966792943,0.28877144896097023,0.07675821282055204,0.2303478971069767,
NH,2025,Healthcare,-0.11815334848966219,0.33398524802328183,0.0452137990623116,0.16984710645834591,0.04278051933479449
NH,2026,Healthcare,-0.11327948189824306,0.4692573356758147,0.13527208765253285,0.17431240521234298,0.03371513239369295
NHPC,2017,Power,-0.08805440234628312,0.3194492973661636,,,
NHPC,2018,Power,-0.034675405301433475,0.29558676804254186,-0.02386252932362176,,
NHPC,2019,Power,-0.01841049377166073,0.28569966469704655,-0.009887103345495307,,
NHPC,2020,Power,-0.0015097508777768224,0.32586263161040374,0.04016296691335719,,
NHPC,2021,Power,-0.024584590415207903,0.3194781204515172,-0.006384511158886552,,
NHPC,2022,Power,-0.013793145387036783,0.33764385569423816,0.01816573524272097,,
NHPC,2023,Power,-0.009295008200249649,0.3426466687058546,0.005002813011616425,,
NHPC,2024,Power,-0.07609379870401528,0.35289940489789795,0.010252736192043366,0.4439031643023317,
NHPC,2025,Power,-0.04681611537247905,0.3852447808522822,0.03234537595438425,0.09528398319471525,0.24651098701289667
NHPC,2026,Power,-0.018313557774097985,0.43603133224539425,0.050786551393112056,0.6176466726710799,0.26601532521435906
NIACL,2017,Financial Services,0.016670123187553672,,,,
NIACL,2018,Financial Services,0.02330362194597814,,,,
NIACL,2019,Financial Services,0.02406767730750681,,,,
NIACL,2020,Financial Services,0.031187954632595632,,,,
NIACL,2021,Financial Services,0.009339003625490361,,,,
NIACL,2022,Financial Services,0.044002376047681785,,,,
NIACL,2023,Financial Services,0.07028250444295667,,,,
NIACL,2024,Financial Services,0.04672927726666377,,,0.009191884083969608,
NIACL,2025,Financial Services,0.03434122533073264,,,0.0171087823259791,0.00559809243288877
NIACL,2026,Financial Services,0.038871399890927624,,,-0.01724582741231074,0.017990131911713367
NLCINDIA,2017,Power,0.03647724419367388,0.3427157325320565,,,
NLCINDIA,2018,Power,-0.06737970306738125,0.34372257644004417,0.0010068439079876645,,
NLCINDIA,2019,Power,-0.0024811709466276612,0.4548607300375157,0.11113815359747153,,
NLCINDIA,2020,Power,-0.0039026650001311104,0.5173979167798823,0.06253718674236663,,
NLCINDIA,2021,Power,-0.057048666825275283,0.5050185165989242,-0.012379400180958178,,
NLCINDIA,2022,Power,-0.1335570297357235,0.4433394115162698,-0.06167910508265434,,
NLCINDIA,2023,Power,-0.05226533520905361,0.4205332998410182,-0.022806111675251595,,
NLCINDIA,2024,Power,-0.08809728308517252,0.40763433408117705,-0.012898965759841174,0.23459073732792018,
NLCINDIA,2025,Power,-0.14353269672582858,0.387342041913995,-0.020292292167182036,0.3025849360236774,0.048079158979115466
NLCINDIA,2026,Power,-0.07225267602503796,0.43044464609800365,0.04310260418400863,0.31195208565219695,0.0422211099707861
NMDC,2017,Metals & Mining,0.016884336824174697,,,,
NMDC,2018,Metals & Mining,0.015063092252290931,0.017430010191235537,,,
NMDC,2019,Metals & Mining,0.02062176765559664,0.012182503028480259,-0.005247507162755278,,
NMDC,2020,Metals & Mining,0.04623794074536588,0.01807254517816749,0.005890042149687231,,
NMDC,2021,Metals & Mining,-0.026793274481116718,0.054007076671705956,0.035934531493538466,,
NMDC,2022,Metals & Mining,0.09980435398681937,0.0722509406984651,0.01824386402675915,,
NMDC,2023,Metals & Mining,0.12569625932964135,0.07104048620301459,-0.0012104544954505136,,
NMDC,2024,Metals & Mining,-0.15456592252102644,0.09418628682345968,0.023145800620445092,0.3611558155433378,
NMDC,2025,Metals & Mining,-0.00335748537806339,0.10427079553479807,0.010084508711338383,0.2817289663753697,0.056163263654951355
NMDC,2026,Metals & Mining,-0.06249808568673144,0.1325907177536517,0.028319922218853627,0.36325815827232255,0.04647589580465598
NSLNISP,2020,Metals & Mining,0.0,,,,
NSLNISP,2023,Metals & Mining,,0.15026002993561147,0.06779764363016633,,
NSLNISP,2024,Metals & Mining,0.0703908156816597,0.2268400099154463,0.07657997997983484,-0.30950583617199956,
NSLNISP,2025,Metals & Mining,-0.07763180404586772,0.20757106368867606,-0.01926894622677025,0.03242355428917209,0.24178059068207727
NSLNISP,2026,Metals & Mining,-0.06179738275074653,0.16337196783826205,-0.04419909585041401,0.10911454350818167,0.22287524095037178
NTPC,2017,Power,-0.03800035736004411,0.45765416220268296,,,
NTPC,2018,Power,-0.03230410631427565,0.4603614980459995,0.0027073358433165606,,
NTPC,2019,Power,-0.01426532729929487,0.4988375950524352,0.03847609700643567,,
NTPC,2020,Power,-0.034376456459535236,0.5312287165934751,0.03239112154103996,,
NTPC,2021,Power,-0.04474486183281574,0.5281315628473506,-0.0030971537461245147,,
NTPC,2022,Power,-0.060390650615097824,0.5067114938067931,-0.021420069040557488,,
NTPC,2023,Power,-0.0676207094500939,0.498476516265867,-0.00823497754092617,,
NTPC,2024,Power,-0.07310308520078923,0.4947673762093511,-0.0037091400565159027,0.2960019685183505,
NTPC,2025,Power,-0.08592019958904946,0.47752683270497776,-0.017240543504373318,0.3177961369533618,0.015410804290718281
NTPC,2026,Power,-0.07911425504582414,0.48528647901725674,0.007759646312278989,0.31987155938713024,0.013222774067841966
NTPCGREEN,2023,Power,0.00835259394294519,0.3329643977125991,,,
NTPCGREEN,2024,Power,-0.056991643945480924,0.509285240136408,0.17632084242380885,0.8385206303951849,
NTPCGREEN,2025,Power,-0.044765854018310736,0.42801319640830493,-0.08127204372810304,0.8196359962650585,0.013353452853639272
NTPCGREEN,2026,Power,-0.034469989301412006,0.5252599293164496,0.09724673290814467,0.8932565997506461,0.03823752303059752
NUVAMA,2020,Financial Services,0.15078091714102568,0.247056926921202,,,
NUVAMA,2021,Financial Services,0.08491272523278193,0.1915964988095845,-0.05546042811161753,,
NUVAMA,2022,Financial Services,0.21537895407260632,0.334861887575779,0.14326538876619452,,
NUVAMA,2023,Financial Services,0.17065530852041846,0.4257063517591259,0.0908444641833469,,
NUVAMA,2024,Financial Services,0.09371252271629221,0.330877235148266,-0.09482911661085991,0.5624498477304588,
NUVAMA,2025,Financial Services,0.02201352353408449,0.276136193507365,-0.05474104164090099,0.5499325297276737,0.0088510804420378
NUVAMA,2026,Financial Services,0.09623652593830266,0.3346794710661568,0.058543277558791795,0.5262385374431414,0.018390883217356643
NUVOCO,2017,Construction Materials,-0.06703782402427202,0.3822968041951474,,,
NUVOCO,2018,Construction Materials,-0.06823457118439703,0.37599414079813553,-0.006302663397011854,,
NUVOCO,2019,Construction Materials,-0.0668533695880848,0.3531218824721699,-0.022872258325965622,,
NUVOCO,2020,Construction Materials,-0.05768309590964809,0.3356651730991229,-0.017456709373046997,,
NUVOCO,2021,Construction Materials,-0.08757008082936119,0.3913957494134082,0.055730576314285296,,
NUVOCO,2022,Construction Materials,-0.06060579797183655,0.28423551819825754,-0.10716023121515067,,
NUVOCO,2023,Construction Materials,-0.08929661418189537,0.2520122205234644,-0.03222329767479315,,
NUVOCO,2024,Construction Materials,-0.08839744456553283,0.23536913286153394,-0.016643087661930456,0.10718614071786697,
NUVOCO,2025,Construction Materials,-0.07046455376359483,0.2243567996722041,-0.011012333189329843,0.1420479996446116,0.0246510568518699
NUVOCO,2026,Construction Materials,-0.06529428514282956,0.24218410543957294,0.01782730576736885,0.18162117933589242,0.037242361035013126
NYKAA,2018,Consumer Services,0.14498499178795946,0.2351758509373053,,,
NYKAA,2019,Consumer Services,0.09696383678205378,0.4002707406691163,0.16509488973181097,,
NYKAA,2020,Consumer Services,-0.02024046670461013,0.3670763375071144,-0.033194403162001895,,
NYKAA,2021,Consumer Services,-0.05501789637003242,0.2557721553988663,-0.1113041821082481,,
NYKAA,2022,Consumer Services,0.1492947952411906,0.22396486825595985,-0.031807287142906426,,
NYKAA,2023,Consumer Services,0.05406834645776059,0.27068071878697075,0.046715850531010905,,
NYKAA,2024,Consumer Services,0.007607413920361816,0.2850912919076759,0.01441057312070515,0.062093939246915815,
NYKAA,2025,Consumer Services,-0.10134865172520373,0.33184572047452837,0.04675442856685247,0.0799649178981366,0.012636690190718237
NYKAA,2026,Consumer Services,-0.12236900884333973,0.26842507015253564,-0.06342065032199273,0.08484902947519771,0.01197929154239947
OBEROIRLTY,2017,Realty,0.024204969134999796,0.10268316267545528,,,
OBEROIRLTY,2018,Realty,0.06488327077411148,0.1662851601149624,0.0636019974395071,,
OBEROIRLTY,2019,Realty,0.06049626454466732,0.14289794921655008,-0.02338721089841231,,
OBEROIRLTY,2020,Realty,0.0867784211368008,0.13569564522080338,-0.0072023039957467005,,
OBEROIRLTY,2021,Realty,0.0036010280569009003,0.12761683996475517,-0.008078805256048205,,
OBEROIRLTY,2022,Realty,-0.001380712033770321,0.18227377674850295,0.05465693678374778,,
OBEROIRLTY,2023,Realty,0.23019974744329286,0.21175730932612888,0.029483532577625926,,
OBEROIRLTY,2024,Realty,-0.1119560046411701,0.12709328894543773,-0.08466402038069115,0.6067267624798027,
OBEROIRLTY,2025,Realty,-0.06779310323575001,0.14529420491660022,0.018200915971162496,0.5743246864615714,0.022911727677013365
OBEROIRLTY,2026,Realty,-0.03302188877228143,0.11155621992850358,-0.033737984988096645,0.5643367233201885,0.022160660933128382
OFSS,2017,Information Technology,0.010674099445531528,,,,
OFSS,2018,Information Technology,0.013420669381590639,,,,
OFSS,2019,Information Technology,0.001026358987412856,,,,
OFSS,2020,Information Technology,-0.0075252810301049,0.014479852827725358,,,
OFSS,2021,Information Technology,-0.019337460457254596,0.00855681091974678,-0.005923041907978578,,
OFSS,2022,Information Technology,0.003803347830590396,0.009705054332709141,0.0011482434129623607,,
OFSS,2023,Information Technology,0.005233161928637308,0.00761067556260329,-0.0020943787701058507,,
OFSS,2024,Information Technology,-0.12815147598826596,0.004410527827353478,-0.003200147735249812,0.4162196828358209,
OFSS,2025,Information Technology,-0.1578675513792179,0.0045295163549313126,0.00011898852757783428,0.4169082862810926,0.000486916165700032
OFSS,2026,Information Technology,-0.12381405615577,0.00329077267342372,-0.0012387436815075926,0.6004415717394087,0.10616233277158965
OIL,2017,Oil Gas & Consumable Fuels,-0.029576649147978955,0.2764700757124638,,,
OIL,2018,Oil Gas & Consumable Fuels,-0.02460260061466984,0.25310450146810876,-0.023365574244355036,,
OIL,2019,Oil Gas & Consumable Fuels,-0.033993801340916535,0.2877825636674492,0.03467806219934044,,
OIL,2020,Oil Gas & Consumable Fuels,-0.031464376355700756,0.2238195853202308,-0.0639629783472184,,
OIL,2021,Oil Gas & Consumable Fuels,-0.03074490531981595,0.35506050377255005,0.13124091845231925,,
OIL,2022,Oil Gas & Consumable Fuels,-0.06033054741701551,0.2735290509071814,-0.08153145286536867,,
OIL,2023,Oil Gas & Consumable Fuels,-0.03615332952453158,0.253868814190959,-0.019660236716222357,,
OIL,2024,Oil Gas & Consumable Fuels,-0.10372928706920644,0.2599154211293652,0.006046606938406196,0.3049262915472178,
OIL,2025,Oil Gas & Consumable Fuels,-0.09670509732413833,0.29235105166850583,0.032435630539140614,0.27450603774989224,0.0215103677455047
OIL,2026,Oil Gas & Consumable Fuels,-0.05677477221951341,0.30164670309265706,0.00929565142415123,0.46330094726840554,0.10136685953834722
OLAELEC,2021,Automobile and Auto Components,0.02499242653741291,0.01996554074522872,,,
OLAELEC,2022,Automobile and Auto Components,0.018680954137145645,0.4833177967593734,0.4633522560141447,,
OLAELEC,2023,Automobile and Auto Components,0.00631418026006744,0.6289921175919629,0.14567432083258952,,
OLAELEC,2024,Automobile and Auto Components,0.008931653267247635,0.7347664829659967,0.10577436537403373,-0.44019138755980863,
OLAELEC,2025,Automobile and Auto Components,0.17191873589164786,0.32108352144469526,-0.4136829615213014,-0.5765957446808511,0.09645244590368066
OLAELEC,2026,Automobile and Auto Components,0.056368772470467385,0.35477657935285056,0.0336930579081553,-0.3626373626373626,0.1083197155568825
OLECTRA,2017,Automobile and Auto Components,0.10459277403551744,0.3958971218616044,,,
OLECTRA,2018,Automobile and Auto Components,0.36685583843251635,0.22960590976823816,-0.16629121209336625,,
OLECTRA,2019,Automobile and Auto Components,0.13229382667423512,0.028103749869675523,-0.20150215989856263,,
OLECTRA,2020,Automobile and Auto Components,0.23652911260815948,0.030350900437224188,0.002247150567548664,,
OLECTRA,2021,Automobile and Auto Components,-0.21475209796197978,0.008670148998116115,-0.021680751439108074,,
OLECTRA,2022,Automobile and Auto Components,-0.07229259769496993,0.05636571351769093,0.047695564519574817,,
OLECTRA,2023,Automobile and Auto Components,0.04872503050934549,0.0858757787911876,0.029510065273496672,,
OLECTRA,2024,Automobile and Auto Components,-0.06085347199053237,0.0760117590033804,-0.009864019787807196,0.15315210431340592,
OLECTRA,2025,Automobile and Auto Components,-0.0434143870314083,0.11736667587731417,0.041354916873933764,0.14047619047619048,0.008963224632031433
OLECTRA,2026,Automobile and Auto Components,-0.030310467064002183,0.14814381987456665,0.030777143997252482,0.11855571579989922,0.017502838340394653
ONESOURCE,2021,Healthcare,-0.0025838560672915623,0.3068110445933806,,,
ONESOURCE,2022,Healthcare,0.07563617008209307,0.4726103957254284,0.1657993511320478,,
ONESOURCE,2023,Healthcare,-0.31616227297320104,0.4289720693129756,-0.0436383264124528,,
ONESOURCE,2024,Healthcare,0.026904760234820482,0.39428519326399064,-0.03468687604898496,0.36142245771347054,
ONESOURCE,2025,Healthcare,-0.002722984338595594,0.10076870435573015,-0.2935164889082605,0.05965419852586623,0.21338238241841467
ONESOURCE,2026,Healthcare,0.002007305715827386,0.18318369892363104,0.08241499456790088,0.274709367066055,0.15536621675823062
ONGC,2017,Oil Gas & Consumable Fuels,-0.048054023109414784,0.18003309687736124,,,
ONGC,2018,Oil Gas & Consumable Fuels,-0.07553075523416901,0.23201747089273317,0.051984374015371926,,
ONGC,2019,Oil Gas & Consumable Fuels,-0.0627845664353423,0.21883448436963568,-0.01318298652309749,,
ONGC,2020,Oil Gas & Consumable Fuels,-0.11761134796237752,0.25468465472105384,0.03585017035141816,,
ONGC,2021,Oil Gas & Consumable Fuels,-0.05700216696832926,0.24584678862935538,-0.008837866091698454,,
ONGC,2022,Oil Gas & Consumable Fuels,-0.05610905416511675,0.20914508176394617,-0.03670170686540922,,
ONGC,2023,Oil Gas & Consumable Fuels,-0.07954606914218897,0.23201996586216878,0.02287488409822261,,
ONGC,2024,Oil Gas & Consumable Fuels,-0.12253524639183751,0.25955720038800423,0.027537234525835452,0.1456488164315418,
ONGC,2025,Oil Gas & Consumable Fuels,-0.10740574534788255,0.24953858878385643,-0.010018611604147798,0.15132538894164618,0.004013942915791958
ONGC,2026,Oil Gas & Consumable Fuels,-0.12833521102266926,0.22188904818214017,-0.02764954060171626,0.07554295423595651,0.04220985824735533
PAGEIND,2017,Textiles,-0.006333994749109691,0.07597327764732388,,,
PAGEIND,2018,Textiles,-0.07490193857177244,0.048535096786983666,-0.027438180860340215,,
PAGEIND,2019,Textiles,0.12159870871248861,0.06277256606372031,0.014237469276736643,,
PAGEIND,2020,Textiles,-0.1146575541660608,0.11658096157150977,0.05380839550778946,,
PAGEIND,2021,Textiles,-0.20902186637801715,0.07473512680381442,-0.04184583476769535,,
PAGEIND,2022,Textiles,0.09949025601108714,0.05216570001993412,-0.022569426783880298,,
PAGEIND,2023,Textiles,0.21273688080480985,0.15092041399133246,0.09875471397139834,,
PAGEIND,2024,Textiles,-0.32648047774903266,0.06890754422980862,-0.08201286976152385,0.23038726628841247,
PAGEIND,2025,Textiles,-0.38367240381232,0.09905751397081357,0.03014996974100495,0.22938359918082438,0.0007096998178294273
PAGEIND,2026,Textiles,-0.21061273359987112,0.096912875737822,-0.0021446382329915747,0.20345665106128338,0.015266914242722729
PARADEEP,2019,Chemicals,0.1918044089372848,0.5549375761861947,,,
PARADEEP,2020,Chemicals,-0.21486009903539288,0.4586424447092307,-0.09629513147696395,,
PARADEEP,2021,Chemicals,-0.28890657358087884,0.28286790439414355,-0.17577454031508716,,
PARADEEP,2022,Chemicals,0.055792123791336724,0.37263281106130286,0.0897649066671593,,
PARADEEP,2023,Chemicals,0.251558599981233,0.4361377498357887,0.06350493877448582,,
PARADEEP,2024,Chemicals,-0.12704738167003413,0.41544976151833324,-0.02068798831745544,0.08780350933450913,
PARADEEP,2025,Chemicals,-0.10273085023250597,0.3574144353451146,-0.05803532617321866,0.08219118509150812,0.003968512530443671
PARADEEP,2026,Chemicals,0.07830131294822638,0.3850513799922725,0.027636944647157935,0.11759317467444992,0.01902727520738307
PATANJALI,2012,Fast Moving Consumer Goods,-0.04297032913137963,0.42549381335336156,,,
PATANJALI,2013,Fast Moving Consumer Goods,0.1369014817945604,0.4386378213987851,0.013144008045423539,,
PATANJALI,2014,Fast Moving Consumer Goods,-0.27996387343214457,0.2736615894129007,-0.1649762319858844,,
PATANJALI,2015,Fast Moving Consumer Goods,0.023600398083868115,0.28187850367298983,0.008216914260089137,,
PATANJALI,2016,Fast Moving Consumer Goods,-0.04996335773059119,0.33993763856807574,0.058059134895085907,,
PATANJALI,2017,Fast Moving Consumer Goods,-0.1296335871427547,0.4379702542358468,0.09803261566777105,,
PATANJALI,2018,Fast Moving Consumer Goods,-0.8490192480666606,1.0366856525493648,0.598715398313518,,
PATANJALI,2019,Fast Moving Consumer Goods,-0.020939068766433203,1.1131031157474955,0.0764174631981307,0.030709164065925564,
PATANJALI,2024,Fast Moving Consumer Goods,,,,0.06198600179840321,0.022116064054706227
PATANJALI,2025,Fast Moving Consumer Goods,0.02554201214395915,0.05076115634412953,,0.04142903609504651,0.01589415549708682
PATANJALI,2026,Fast Moving Consumer Goods,0.0355466394076482,0.14832355972714034,0.09756240338301081,0.0479190646926778,0.010508631608218475
PAYTM,2015,Financial Services,-0.054270754568929803,,,,
PAYTM,2016,Financial Services,-0.037680504107174946,0.004341953473272929,,,
PAYTM,2019,Financial Services,0.03358132317031417,0.10638079371961935,0.10203884024634642,,
PAYTM,2020,Financial Services,-0.04519510774606872,0.04155503785672685,-0.06482575586289249,,
PAYTM,2021,Financial Services,0.04222627777109948,0.06688012938900849,0.025325091532281636,,
PAYTM,2022,Financial Services,-0.06428627010682882,0.012311437686894848,-0.05456869170211364,,
PAYTM,2023,Financial Services,-0.12198176535417293,0.012429170980418352,0.00011773329352350419,,
PAYTM,2024,Financial Services,-0.04594282290507575,0.009447487802790379,-0.0029816831776279737,-0.12199124726477024,
PAYTM,2025,Financial Services,0.016132040283476316,0.007459903021260724,-0.001987584781529655,0.07064721969006381,0.1362159663011438
PAYTM,2026,Financial Services,0.04026761446790717,0.007192138825005227,-0.0002677641962554964,0.08292483660130719,0.11492818065697756
PCBL,2017,Chemicals,-0.10742302564261573,0.2938707326904592,,,
PCBL,2018,Chemicals,-0.02219118830121787,0.2498215162585629,-0.044049216431896326,,
PCBL,2019,Chemicals,0.027693143437492622,0.2342491556248376,-0.015572360633725274,,
PCBL,2020,Chemicals,-0.07415439821666978,0.18635861127388498,-0.047890544350952635,,
PCBL,2021,Chemicals,-0.0191570161431006,0.1942673877162142,0.007908776442329235,,
PCBL,2022,Chemicals,0.028340216355398008,0.1642353157551539,-0.030032071961060308,,
PCBL,2023,Chemicals,-0.011465521525692957,0.18948573574264516,0.02525041998749125,,
PCBL,2024,Chemicals,-0.08962490073401498,0.44116149834313234,0.2516757626004872,0.15788059701492535,
PCBL,2025,Chemicals,-0.06470458262276818,0.4752928068767068,0.034131308533574434,0.11630238077177318,0.029400238655173556
PCBL,2026,Chemicals,-0.12581920113612416,0.44172316889399654,-0.03356963798271023,0.159915419043653,0.024613633329096878
PERSISTENT,2017,Information Technology,0.006448822640249047,0.0011647275950516208,,,
PERSISTENT,2018,Information Technology,-0.03710610227062113,0.0008283625277539272,-0.0003363650672976936,,
PERSISTENT,2019,Information Technology,-0.028235747303543914,0.0005848158005322874,-0.00024354672722163976,,
PERSISTENT,2020,Information Technology,-0.0036544033943909614,0.023080953120149024,0.022496137319616735,,
PERSISTENT,2021,Information Technology,-0.07781957861482512,0.026855597962641142,0.0037746448424921183,,
PERSISTENT,2022,Information Technology,-0.028528722481592887,0.1067003746009485,0.07984477663830736,,
PERSISTENT,2023,Information Technology,-0.005237832652228755,0.09901120234471195,-0.007689172256236554,,
PERSISTENT,2024,Information Technology,-0.12546435395553274,0.06091864775266864,-0.038092554592043304,0.17563384145146754,
PERSISTENT,2025,Information Technology,-0.08226404710171932,0.03564733332951138,-0.025271314423157262,0.19402309559288655,0.013003166304360185
PERSISTENT,2026,Information Technology,-0.11319632014330144,0.042088625448698506,0.006441292119187127,0.16194579420574778,0.016095965175368678
PETRONET,2017,Oil Gas & Consumable Fuels,-0.0247563712887903,0.15941248807820269,,,
PETRONET,2018,Oil Gas & Consumable Fuels,-0.056222065695197,0.0922891950410714,-0.06712329303713128,,
PETRONET,2019,Oil Gas & Consumable Fuels,0.005845498887164944,0.04809388471894521,-0.04419531032212619,,
PETRONET,2020,Oil Gas & Consumable Fuels,-0.008467739798271057,0.19556524919303117,0.14747136447408596,,
PETRONET,2021,Oil Gas & Consumable Fuels,-0.03247609748329494,0.19135266348315663,-0.004212585709874539,,
PETRONET,2022,Oil Gas & Consumable Fuels,-0.001893770076841384,0.16094237294164837,-0.03041029054150826,,
PETRONET,2023,Oil Gas & Consumable Fuels,0.03537763754683495,0.1465855956528408,-0.014356777288807576,,
PETRONET,2024,Oil Gas & Consumable Fuels,-0.15536644439886713,0.11773956935679071,-0.028846026296050084,0.10199102631419676,
PETRONET,2025,Oil Gas & Consumable Fuels,-0.12912662007098413,0.09722365561647786,-0.02051591374031285,0.1073386104947854,0.0037813130370601324
PETRONET,2026,Oil Gas & Consumable Fuels,-0.13151380842206725,0.08523189733121139,-0.011991758285266468,0.2762206180818447,0.09908387002158434
PFC,2017,Financial Services,0.0016977894676329594,0.7821326615331242,,,
PFC,2018,Financial Services,0.12216728071579534,0.8442579574344496,0.06212529590132543,,
PFC,2019,Financial Services,0.14338871871381997,0.8578701290787686,0.013612171644318938,,
PFC,2020,Financial Services,0.07094071795710595,0.8589537876918265,0.001083658613057925,,
PFC,2021,Financial Services,0.09138815646751607,0.8504268905216129,-0.008526897170213599,,
PFC,2022,Financial Services,0.011517454981399692,0.8349886909646693,-0.015438199556943588,,
PFC,2023,Financial Services,0.10109034825183542,0.838240797304033,0.0032521063393636807,,
PFC,2024,Financial Services,0.0997703886862952,0.8297043294945935,-0.008536467809439507,0.9839786790377206,
PFC,2025,Financial Services,0.08366319451075961,0.824861357803523,-0.004842971691070508,0.9645713445112719,0.013723057848407702
PFC,2026,Financial Services,0.00925334122141186,0.8135311829052493,-0.011330174898273704,0.9987839530884225,0.017157813374627084
PFIZER,2006,Healthcare,-0.026088033566087097,,,,
PFIZER,2007,Healthcare,0.3727779955271713,,,,
PFIZER,2008,Healthcare,0.05631172333369775,,,,
PFOCUS,2017,Media Entertainment & Publication,-0.06298258527882032,0.40552460749478225,,,
PFOCUS,2018,Media Entertainment & Publication,-0.07382101529336513,0.4760597778682328,0.07053517037345053,,
PFOCUS,2019,Media Entertainment & Publication,-0.03718927688383811,0.628892407449295,0.1528326295810622,,
PFOCUS,2020,Media Entertainment & Publication,-0.1314459700675563,0.6784747614802412,0.04958235403094624,,
PFOCUS,2021,Media Entertainment & Publication,-0.06970927417992952,0.7325787796795898,0.054104018199348625,,
PFOCUS,2022,Media Entertainment & Publication,-0.06293464438307768,0.727584720736827,-0.004994058942762836,,
PFOCUS,2023,Media Entertainment & Publication,-0.015832124604382273,0.7254613191904631,-0.0021234015463639233,,
PFOCUS,2024,Media Entertainment & Publication,-0.0038878697900718863,0.6825514988243688,-0.04290982036609425,0.2946913553097442,
PFOCUS,2025,Media Entertainment & Publication,-0.026932638317804427,0.57565785980681,-0.10689363901755888,0.3267701534077731,0.022683135667430365
PFOCUS,2026,Media Entertainment & Publication,-0.10029304974126332,0.538158126364404,-0.03749973344240598,0.23760469210063073,0.04516343634305733
PGEL,2011,Consumer Durables,-0.03297872340425531,0.42684605757196487,,,
PGEL,2012,Consumer Durables,0.0510814382084985,0.27001182279713476,-0.1568342347748301,,
PGEL,2013,Consumer Durables,,0.2780960316633684,0.008084208866233622,,
PGEL,2021,Consumer Durables,-0.07876771368479123,0.31863945109126646,0.040543419427898075,,
PGEL,2022,Consumer Durables,0.10926892217920664,0.37275804671865936,0.05411859562739291,,
PGEL,2023,Consumer Durables,0.021006036750624547,0.38234300141144667,0.009584954692787306,,
PGEL,2024,Consumer Durables,-0.06447590596181324,0.1882322379529809,-0.19411076345846576,0.08800338951523731,
PGEL,2025,Consumer Durables,0.02704617859262267,0.07499141081300559,-0.11324082713997533,0.08277566512998094,0.0036965593629890558
PGEL,2026,Consumer Durables,0.0010676521572458263,0.10029709312785091,0.025305682314845326,0.07286278982870852,0.007690166424884192
PHOENIXLTD,2017,Realty,-0.17849748362968046,0.517334916261303,,,
PHOENIXLTD,2018,Realty,-0.14967824543729907,0.43149711197623675,-0.08583780428506627,,
PHOENIXLTD,2019,Realty,0.006994168395849171,0.41952356614605013,-0.011973545830186616,,
PHOENIXLTD,2020,Realty,-0.038303966011038824,0.40858828215389864,-0.01093528399215149,,
PHOENIXLTD,2021,Realty,-0.03286514412249424,0.35670679507993047,-0.05188148707396817,,
PHOENIXLTD,2022,Realty,-0.03791080917937606,0.2778851286989836,-0.0788216663809469,,
PHOENIXLTD,2023,Realty,-0.001210282060566894,0.24442532835141678,-0.03345980034756679,,
PHOENIXLTD,2024,Realty,-0.09927675165471725,0.2428929096112344,-0.0015324187401823952,0.5669192825571976,
PHOENIXLTD,2025,Realty,-0.08436752706358051,0.21874970831629903,-0.024143201294935357,0.5853512785522524,0.01303338935890653
PHOENIXLTD,2026,Realty,-0.09338411308056634,0.23350173645153266,0.01475202813523363,0.5968147059370755,0.015082467651940419
PIDILITIND,2017,Chemicals,0.01388554071645533,0.020440505363248176,,,
PIDILITIND,2018,Chemicals,0.03191628515369524,0.023962220597853266,0.0035217152346050905,,
PIDILITIND,2019,Chemicals,0.013572637238113144,0.019096207690314188,-0.004866012907539078,,
PIDILITIND,2020,Chemicals,-0.025009581921596868,0.044105968387324265,0.025009760697010077,,
PIDILITIND,2021,Chemicals,-0.029603475447109836,0.03755461587073951,-0.0065513525165847575,,
PIDILITIND,2022,Chemicals,0.02656214123361918,0.04379767313999709,0.006243057269257585,,
PIDILITIND,2023,Chemicals,-0.02706554198195693,0.037183706223875214,-0.006613966916121879,,
PIDILITIND,2024,Chemicals,-0.17983439345921243,0.031672934120926394,-0.00551077210294882,0.23685108833420898,
PIDILITIND,2025,Chemicals,-0.119326157831016,0.032476406442076444,0.0008034723211500505,0.2410328013348033,0.0029569176196961693
PIDILITIND,2026,Chemicals,-0.12702498756401448,0.027093564069028485,-0.005382842373047959,0.26230405026858983,0.013649212590570283
PIIND,2017,Chemicals,0.05239854001911878,0.05218997132180412,,,
PIIND,2018,Chemicals,0.018352116966189477,0.03175449284191289,-0.02043547847989123,,
PIIND,2019,Chemicals,0.006149359705845054,0.015595283377710156,-0.016159209464202733,,
PIIND,2020,Chemicals,-0.057162469229312625,0.12275137284605188,0.10715608946834172,,
PIIND,2021,Chemicals,0.0019137662634427766,0.05324269126951257,-0.0695086815765393,,
PIIND,2022,Chemicals,0.040443583062725406,0.040597604959505075,-0.012645086310007492,,
PIIND,2023,Chemicals,-0.03206481361368917,0.005483684564312416,-0.035113920395192656,,
PIIND,2024,Chemicals,-0.15480556227777884,0.017740464267763736,0.01225677970345132,0.26936026936026936,
PIIND,2025,Chemicals,-0.08993093539275394,0.015029307557921204,-0.0027111567098425313,0.2197426764556226,0.03508493640902926
PIIND,2026,Chemicals,-0.017142473499287596,0.025534676583142492,0.010505369025221287,0.2158256476531751,0.029841817308412892
PINELABS,2020,Financial Services,-0.016770242172388695,0.05118360268764663,,,
PINELABS,2021,Financial Services,-0.03656333550112002,0.041766023556615364,-0.009417579131031265,,
PINELABS,2022,Financial Services,0.008982169841761737,0.03776089505413582,-0.004005128502479548,,
PINELABS,2023,Financial Services,-0.01210435999497753,0.055114062585518764,0.017353167531382947,,
PINELABS,2024,Financial Services,0.01791807631765545,0.07585187279974881,0.020737810214230046,0.12785054185227046,
PINELABS,2025,Financial Services,-0.0006851498216086719,0.09775209166986809,0.02190021887011928,0.17727437623443104,0.034947928443866585
PINELABS,2026,Financial Services,-0.028283065456233946,0.03316197326722763,-0.06459011840264045,0.12876567334310374,0.02827439102462338
PIRAMALFIN,2017,Financial Services,0.19936586893909605,0.8832047694838675,,,
PIRAMALFIN,2018,Financial Services,0.18241540909461487,0.8649188810664061,-0.01828588841746137,,
PIRAMALFIN,2019,Financial Services,0.07288110408455829,0.9081641823163136,0.04324530124990744,,
PIRAMALFIN,2020,Financial Services,-0.30329884758965053,1.0533915602844564,0.14522737796814278,,
PIRAMALFIN,2021,Financial Services,-0.3153321851212061,1.2770452137661519,0.22365365348169552,,
PIRAMALFIN,2022,Financial Services,-0.1019695847406624,0.5828230241652302,-0.6942221896009216,,
PIRAMALFIN,2023,Financial Services,-0.12856112493252791,0.6621950265704715,0.07937200240524123,0.5683395305875945,
PIRAMALFIN,2024,Financial Services,0.029856887915349,0.6936149303875282,0.03141990381705673,0.5135913049635347,0.03871284159670374
PIRAMALFIN,2025,Financial Services,0.08973829779233755,0.6906915393074674,-0.0029233910800607887,0.6632084395821338,0.07569980743511084
PIRAMALFIN,2026,Financial Services,0.14793127270368742,0.7235799569176655,0.03288841761019812,0.6153722831008203,0.07641220708430399
PNB,2017,Financial Services,-0.02829738343862905,0.91773743008951,,,
PNB,2018,Financial Services,-0.01333870814464615,0.9179973013707403,0.0002598712812302839,,
PNB,2019,Financial Services,0.03032685906569047,0.9222679970000497,0.004270695629309373,,
PNB,2020,Financial Services,0.015539817360646321,0.907581430630621,-0.014686566369428666,,
PNB,2021,Financial Services,-0.022183186754192338,0.9111449298336003,0.00356349920297927,,
PNB,2022,Financial Services,-0.012074648215969177,0.9061488135980292,-0.0049961162355710576,,
PNB,2023,Financial Services,-0.01288364988897592,0.9108537177417338,0.0047049041437046135,,
PNB,2024,Financial Services,0.02048023491226858,0.9081560132051578,-0.002697704536576029,0.7650491616188219,
PNB,2025,Financial Services,-0.008893137008038945,0.9059418055230283,-0.002214207682129543,0.7172828308841526,0.03377589637488402
PNB,2026,Financial Services,-0.009747891753676399,0.9011586726695918,-0.004783132853436456,0.7540162498805418,0.02500897027216027
PNBHOUSING,2018,Financial Services,0.2619193655044627,0.8534024010675643,,,
PNBHOUSING,2019,Financial Services,0.2123383147931077,0.8567988001286292,0.0033963990610649253,,
PNBHOUSING,2020,Financial Services,-0.10493207058987787,0.8581696656000218,0.001370865471392646,,
PNBHOUSING,2021,Financial Services,-0.08210700888892625,0.8319177725297723,-0.026251893070249555,,
PNBHOUSING,2022,Financial Services,-0.08242525704929636,0.8057423435191536,-0.026175429010618645,,
PNBHOUSING,2023,Financial Services,0.043530266756587416,0.8018306150250397,-0.00391172849411392,,
PNBHOUSING,2024,Financial Services,0.07105573728831702,0.7598467505975082,-0.04198386442753155,0.920093111404087,
PNBHOUSING,2025,Financial Services,0.10394622611922683,0.7550816550000509,-0.004765095597457303,0.9135449405857424,0.0046302559900193154
PNBHOUSING,2026,Financial Services,0.10202843333486253,0.7613840651800351,0.00630241017998423,0.9152042908139824,0.0034042265643464144
POLICYBZR,2016,Financial Services,-0.038276402018210295,0.0018558255523980745,,,
POLICYBZR,2018,Financial Services,0.02731550948028918,0.0009548492702223434,-0.0009009762821757311,,
POLICYBZR,2019,Financial Services,-0.08608689866258566,0.11916960542950294,0.1182147561592806,,
POLICYBZR,2020,Financial Services,0.038052030456852806,0.06948604060913706,-0.049683564820365886,,
POLICYBZR,2021,Financial Services,-0.07677852003449563,0.04714402783677217,-0.02234201277236489,,
POLICYBZR,2022,Financial Services,0.12424520072758258,0.026939487581734707,-0.020204540255037463,,
POLICYBZR,2023,Financial Services,-0.03010059113883368,0.03623103822655152,0.009291550644816814,,
POLICYBZR,2024,Financial Services,0.009340849608605768,0.03765023757117103,0.0014191993446195095,0.021337545098403556,
POLICYBZR,2025,Financial Services,0.04948117930453859,0.0427884321708669,0.005138194599695868,0.08964796883380854,0.04830276384903136
POLICYBZR,2026,Financial Services,0.013943573322062083,0.04136555133394283,-0.0014228808369240661,0.0724415870527676,0.035529322793477966
POLYCAB,2017,Capital Goods,-0.013912124296203757,0.18688765905030644,,,
POLYCAB,2018,Capital Goods,-0.000995930846878444,0.17991951619792718,-0.006968142852379261,,
POLYCAB,2019,Capital Goods,-0.1297478812430041,0.048401826484018265,-0.13151768971390893,,
POLYCAB,2020,Capital Goods,0.08635401252898206,0.02634978475249053,-0.022052041731527736,,
POLYCAB,2021,Capital Goods,-0.05279341953326586,0.040272570459178585,0.013922785706688055,,
POLYCAB,2022,Capital Goods,0.053558466789891936,0.015940582036994565,-0.02433198842218402,,
POLYCAB,2023,Capital Goods,-0.016719845757645527,0.02031699477829784,0.004376412741303275,,
POLYCAB,2024,Capital Goods,-0.06950765000194763,0.013350726545063364,-0.006966268233234476,0.13775387194176875,
POLYCAB,2025,Capital Goods,-0.0863237978863456,0.014723573865165434,0.0013728473201020698,0.12651172779929098,0.007949396358222649
POLYCAB,2026,Capital Goods,-0.14788129153821308,0.011508659592007463,-0.003214914273157971,0.13839553797749746,0.006683592903188354
POLYMED,2017,Healthcare,-0.002057117846591526,0.22046175730386255,,,
POLYMED,2018,Healthcare,-0.007736978152331699,0.23522538153748096,0.014763624233618405,,
POLYMED,2019,Healthcare,-0.06281825827662664,0.2457680250783699,0.010542643540888935,,
POLYMED,2020,Healthcare,-0.04513051750876415,0.26927136955416836,0.023503344475798466,,
POLYMED,2021,Healthcare,0.014006357611564643,0.1123041847466353,-0.15696718480753308,,
POLYMED,2022,Healthcare,0.016734092081084805,0.09203024338516738,-0.020273941361467915,,
POLYMED,2023,Healthcare,-0.00732305780460434,0.09448329645386475,0.002453053068697364,,
POLYMED,2024,Healthcare,-0.09730180507357489,0.0935679121943346,-0.0009153842595301526,0.2696777539426228,
POLYMED,2025,Healthcare,-0.050787405274847826,0.05646699852449618,-0.03710091366983841,0.22521573552647572,0.03143939472729874
POLYMED,2026,Healthcare,-0.041532404289488685,0.09158420970833549,0.03511721118383931,0.23811336556397272,0.02287476978368745
POONAWALLA,2017,Financial Services,-0.21495746291172593,0.7396226609006015,,,
POONAWALLA,2018,Financial Services,-0.010247509961831163,0.8141778593896343,0.0745551984890328,,
POONAWALLA,2019,Financial Services,0.07309902509220169,0.7822318765307388,-0.031945982858895494,,
POONAWALLA,2020,Financial Services,-0.0637275488001092,0.7905132115288208,0.008281334998082035,,
POONAWALLA,2021,Financial Services,-0.16675976258270778,0.7928199585533954,0.0023067470245745625,,
POONAWALLA,2022,Financial Services,0.197555634077351,0.6065557319930839,-0.1862642265603115,,
POONAWALLA,2023,Financial Services,0.25496789274700365,0.4827246140389938,-0.12383111795409008,,
POONAWALLA,2024,Financial Services,0.3144954311264629,0.6317010491179852,0.1489764350789914,0.40238214620209456,
POONAWALLA,2025,Financial Services,0.30601394121714165,0.7445413837420218,0.11284033462403664,0.5295586278197556,0.08992735255929443
POONAWALLA,2026,Financial Services,0.36656260431951654,0.803626121507391,0.059084737765369155,0.5821810816146115,0.0924397437032303
POWERGRID,2017,Power,-0.0721883756319883,0.6081291102397116,,,
POWERGRID,2018,Power,-0.06437026556752663,0.583538565661654,-0.02459054457805765,,
POWERGRID,2019,Power,-0.053511294149129904,0.5917058068083837,0.008167241146729731,,
POWERGRID,2020,Power,-0.07667099139665612,0.5776638767281697,-0.014041930080214038,,
POWERGRID,2021,Power,-0.06791426954740598,0.5601409295142423,-0.01752294721392733,,
POWERGRID,2022,Power,-0.037056939162854165,0.5367422553390054,-0.02339867417523689,,
POWERGRID,2023,Power,-0.0902412483833069,0.5060322782890678,-0.03070997704993761,,
POWERGRID,2024,Power,-0.13326939875046498,0.4924313467366054,-0.013600931552462447,0.8486481385699138,
POWERGRID,2025,Power,-0.12043054455541756,0.49255886948691974,0.00012752275031435722,0.8557227095567681,0.005002477118790258
POWERGRID,2026,Power,-0.12670604807962163,0.5024900423756854,0.00993117288876566,0.8202609091984496,0.018767985288292578
POWERINDIA,2019,Capital Goods,0.06918811144503026,0.10103411594421936,,,
POWERINDIA,2020,Capital Goods,-0.14556167073922677,0.01115291511566832,-0.08988120082855104,,
POWERINDIA,2022,Capital Goods,0.09367231574287434,0.053917840562107675,,,
POWERINDIA,2023,Capital Goods,0.022592771231922337,0.0853155918958992,0.031397751333791524,,
POWERINDIA,2024,Capital Goods,-0.024414906837575974,0.04539265024844021,-0.039922941647458986,0.10301369524832281,
POWERINDIA,2025,Capital Goods,-0.14307491188066854,0.010268978744549141,-0.03512367150389107,0.16583821996820686,0.04442364745425189
POWERINDIA,2026,Capital Goods,-0.07893574410564178,0.007148953977674672,-0.003120024766874469,0.1457719283471482,0.03208801298365216
PPLPHARMA,2021,Healthcare,0.022238789056024506,0.2833200184691059,,,
PPLPHARMA,2022,Healthcare,-0.03097652286428513,0.3274819655328071,0.04416194706370119,,
PPLPHARMA,2023,Healthcare,-0.04686697079335116,0.39411182773145964,0.06662986219865252,,
PPLPHARMA,2024,Healthcare,-0.06635845339970549,0.31229036315284536,-0.08182146457861428,0.15322426980972864,
PPLPHARMA,2025,Healthcare,-0.06665850035387355,0.31475756420925466,0.002467201056409296,0.09146817330024722,0.04366815462146519
PPLPHARMA,2026,Healthcare,-0.09780222027096257,0.3222942648490418,0.0075367006397871195,0.08599422006061887,0.03733554876482955
PREMIERENE,2020,Capital Goods,0.12424977961332703,0.30886739364078786,,,
PREMIERENE,2021,Capital Goods,-0.21880447041935816,0.35555213780375267,0.04668474416296481,,
PREMIERENE,2022,Capital Goods,-0.014413822945731807,0.3393067637535624,-0.016245374050190275,,
PREMIERENE,2023,Capital Goods,-0.023454824586342182,0.3623794090331874,0.023072645279624993,,
PREMIERENE,2024,Capital Goods,0.046670417565515855,0.3962475932517749,0.033868184218587505,0.29971634020498217,
PREMIERENE,2025,Capital Goods,-0.13980148230444253,0.2855716520239157,-0.11067594122785918,0.3062908606426159,0.004648887984500362
PREMIERENE,2026,Capital Goods,-0.07358232379210058,0.341834749365137,0.05626309734122131,0.29008482938694624,0.008150928052299205
PRESTIGE,2017,Realty,-0.014806716497724332,0.34101793205071834,,,
PRESTIGE,2018,Realty,-0.03704800952254993,0.3923026054754662,0.05128467342474785,,
PRESTIGE,2019,Realty,-0.012186500944321936,0.29848662298518275,-0.09381598249028344,,
PRESTIGE,2020,Realty,-0.06185350165048973,0.31454296871024323,0.016056345725060484,,
PRESTIGE,2021,Realty,0.03756633571849751,0.19512263143635755,-0.11942033727388568,,
PRESTIGE,2022,Realty,-0.032809651652248854,0.24567299724901395,0.0505503658126564,,
PRESTIGE,2023,Realty,-0.016478684131443492,0.25970814229510547,0.014035145046091518,,
PRESTIGE,2024,Realty,-0.02667278108975695,0.28052695209905365,0.02081880980394818,0.35243275914173466,
PRESTIGE,2025,Realty,0.0015780372925069844,0.22631527433637436,-0.054211677762679295,0.22207302587408975,0.09217825138722129
PRESTIGE,2026,Realty,-0.04103169163529277,0.24255851613975474,0.01624324180338038,0.3174834585622967,0.06747624808572061
PTCIL,2015,Capital Goods,-0.04085725028199022,0.1541546559719263,,,
PTCIL,2016,Capital Goods,-0.037509266123054115,0.2953792933036818,0.1412246373317555,,
PTCIL,2017,Capital Goods,-0.018621307072515667,0.4359892569382274,0.1406099636345456,,
PTCIL,2021,Capital Goods,0.0005534730433470018,0.45548315680897633,,,
PTCIL,2022,Capital Goods,-0.028263574262306627,0.46064461607079976,0.005161459261823431,,
PTCIL,2023,Capital Goods,-0.03794400636620126,0.3194675540765391,-0.14117706199426067,,
PTCIL,2024,Capital Goods,0.12339228295819936,0.20308592354412291,-0.11638163053241618,0.2278840406455469,
PTCIL,2025,Capital Goods,0.0030053540761693113,0.03840665723810486,-0.16467926630601806,0.15887610107374783,0.04879598202693062
PTCIL,2026,Capital Goods,0.05001916932907348,0.13359744408945687,0.09519078685135202,0.2549009384775808,0.04951898270839205
PVRINOX,2017,Media Entertainment & Publication,-0.10060320571022752,0.3683869865784482,,,
PVRINOX,2018,Media Entertainment & Publication,-0.1369360161822634,0.353671883317364,-0.014715103261084217,,
PVRINOX,2019,Media Entertainment & Publication,-0.166609377685421,0.33394007572561707,-0.01973180759174692,,
PVRINOX,2020,Media Entertainment & Publication,-0.1022837271482558,0.1743039970273716,-0.15963607869824548,,
PVRINOX,2021,Media Entertainment & Publication,-0.044670314655718246,0.6669128281690516,0.49260883114168,,
PVRINOX,2022,Media Entertainment & Publication,-0.08944440499664087,0.7094965125107192,0.042583684341667594,,
PVRINOX,2023,Media Entertainment & Publication,-0.0727835614775245,0.4887789480074058,-0.22071756450331342,,
PVRINOX,2024,Media Entertainment & Publication,-0.11553898571148254,0.4937357664841209,0.004956818476715086,0.3072264601409189,
PVRINOX,2025,Media Entertainment & Publication,-0.11510835608688165,0.4781073967480875,-0.015628369736033376,0.337946694058496,0.021722485722755713
PVRINOX,2026,Media Entertainment & Publication,-0.13475272701651905,0.4342153302204032,-0.04389206652768429,0.3257921341388238,0.015471211705336432
PWL,2022,Consumer Services,0.2269548633184997,,,,
PWL,2023,Consumer Services,-0.16897826536351793,0.4596676105360825,,,
PWL,2024,Consumer Services,-0.04845543269250149,0.6802304253354995,0.22056281479941697,0.227015611105622,
PWL,2025,Consumer Services,-0.09750099566704892,0.4393194915620216,-0.2409109337734779,0.2183902736460893,0.006099034607657921
PWL,2026,Consumer Services,-0.11864448728636931,0.13705059399749894,-0.3022688975645227,-0.054091750083021015,0.15986567184996514
RADICO,2017,Fast Moving Consumer Goods,-0.07583858685196039,0.357510704650091,,,
RADICO,2018,Fast Moving Consumer Goods,-0.08536183771371611,0.2634682307288375,-0.09404247392125348,,
RADICO,2019,Fast Moving Consumer Goods,-0.05083895819187979,0.14956132759974972,-0.1139069031290878,,
RADICO,2020,Fast Moving Consumer Goods,0.06824955695182858,0.16122120186885772,0.011659874269108,,
RADICO,2021,Fast Moving Consumer Goods,-0.0354492898328144,0.10983106138268235,-0.051390140486175365,,
RADICO,2022,Fast Moving Consumer Goods,0.014801030324149754,0.0724136816125938,-0.03741737977008855,,
RADICO,2023,Fast Moving Consumer Goods,-0.0049143612136055325,0.20238574781539187,0.12997206620279805,,
RADICO,2024,Fast Moving Consumer Goods,-0.01719726909900734,0.1993962194272125,-0.002989528388179369,0.14175114352824825,
RADICO,2025,Fast Moving Consumer Goods,-0.044547519067615046,0.16077641614534235,-0.038619803281870146,0.17263294003555843,0.021836727725542078
RADICO,2026,Fast Moving Consumer Goods,-0.10270927134154276,0.09978839135387492,-0.060988024791467435,0.20724123799511787,0.032762712841623465
RAILTEL,2020,Telecommunication,-0.013448202527845076,0.017739117380915645,0.015279159038604362,,
RAILTEL,2021,Telecommunication,-0.10388829231751376,,,0.1695994637171108,
RAILTEL,2022,Telecommunication,-0.07620610390564592,0.011024536679063876,,0.16369519281563658,0.004174949992394829
RAILTEL,2023,Telecommunication,-0.04833280425498781,0.012515198524170894,0.0014906618451070181,0.1923892180589168,0.015152449760681504
RAINBOW,2017,Healthcare,-0.01048302151778101,0.06613331995786728,,,
RAINBOW,2018,Healthcare,-0.02600536193029489,0.053798033958891864,-0.012335285998975418,,
RAINBOW,2019,Healthcare,-0.08921728429711027,0.5140815423309837,0.4602835083720918,,
RAINBOW,2020,Healthcare,-0.1125549623115578,0.4918734296482412,-0.022208112682742476,,
RAINBOW,2021,Healthcare,-0.0949716537035153,0.4896186891340738,-0.002254740514167408,,
RAINBOW,2022,Healthcare,-0.06595458965533207,0.4567660178739562,-0.032852671260117594,,
RAINBOW,2023,Healthcare,-0.06661132194813407,0.3220836721785489,-0.13468234569540732,,
RAINBOW,2024,Healthcare,-0.11643475856984886,0.3526124216734242,0.03052874949487533,0.33752009646302256,
RAINBOW,2025,Healthcare,-0.13594083273383567,0.32123820462012886,-0.03137421705329535,0.329958468963969,0.005346878081387429
RAINBOW,2026,Healthcare,-0.12940926323679924,0.3210923873088178,-0.00014581731131108056,0.2864954573501564,0.027537021702836964
RAMCOCEM,2017,Construction Materials,-0.06430512084701104,0.20326115089293417,,,
RAMCOCEM,2018,Construction Materials,-0.07811477867897818,0.15629929771460851,-0.04696185317832566,,
RAMCOCEM,2019,Construction Materials,-0.034365145056239076,0.1995423831912982,0.043243085476689674,,
RAMCOCEM,2020,Construction Materials,-0.014207943657746075,0.29926394245763077,0.09972155926633258,,
RAMCOCEM,2021,Construction Materials,-0.09679280845985487,0.2714881483984122,-0.027775794059218595,,
RAMCOCEM,2022,Construction Materials,-0.019259767067857987,0.3001843818117147,0.02869623341330252,,
RAMCOCEM,2023,Construction Materials,-0.0751750060819539,0.3088680027548681,0.008683620943153392,,
RAMCOCEM,2024,Construction Materials,-0.10545754715241573,0.3034190188068776,-0.005448983947990482,0.14069424487635182,
RAMCOCEM,2025,Construction Materials,-0.06204812267669376,0.28627481000177596,-0.017144208805101646,0.1328691919000038,0.0055331480227196785
RAMCOCEM,2026,Construction Materials,-0.09500690979025267,0.2327979899666718,-0.05347682003510415,0.1348188557224874,0.004073345079348232
RBLBANK,2017,Financial Services,-0.061362249162977785,0.8745225783879498,,,
RBLBANK,2018,Financial Services,0.05151617063907313,0.8588701473093432,-0.015652431078606588,,
RBLBANK,2019,Financial Services,0.00969678395388729,0.8730302163778383,0.014160069068495096,,
RBLBANK,2020,Financial Services,0.06375049925008536,0.840818282408888,-0.03221193396895028,,
RBLBANK,2021,Financial Services,-0.0705829538564226,0.8376246300764757,-0.003193652332412311,,
RBLBANK,2022,Financial Services,-0.06231062663010514,0.8487366976496342,0.011112067573158524,,
RBLBANK,2023,Financial Services,0.10319689763138623,0.8480279599339272,-0.0007087377157070085,,
RBLBANK,2024,Financial Services,-0.03544616143768266,0.8497822957992088,0.0017543358652816199,0.1979160481259985,
RBLBANK,2025,Financial Services,0.007198506582756084,0.8493976137564556,-0.00038468204275321494,0.3399904002967181,0.10046173785260154
RBLBANK,2026,Financial Services,-0.04063095065399171,0.8617340354420385,0.01233642168558291,0.40952127992000503,0.10785517982346583
RECLTD,2017,Financial Services,-0.0023360849812685152,0.7983624051415844,,,
RECLTD,2018,Financial Services,0.15249563311858708,0.8432018499337541,0.044839444792169725,,
RECLTD,2019,Financial Services,0.13940910056339367,0.8183805515245021,-0.02482129840925207,,
RECLTD,2020,Financial Services,0.10859052909765055,0.8249675647713305,0.0065870132468284215,,
RECLTD,2021,Financial Services,0.12944589309662832,0.8225258425571562,-0.002441722214174269,,
RECLTD,2022,Financial Services,0.033941919255287126,0.8105987369082258,-0.011927105648930403,,
RECLTD,2023,Financial Services,0.10424589328419649,0.8180182823839387,0.007419545475712885,,
RECLTD,2024,Financial Services,0.112732569221437,0.8127959540531752,-0.005222328330763526,0.9815995325085902,
RECLTD,2025,Financial Services,0.0701649985322257,0.8084613678042261,-0.004334586248949113,0.9565107620184067,0.017740439745241764
RECLTD,2026,Financial Services,-0.0027787046322939016,0.8049318918142084,-0.0035294759900176276,0.9690403549171038,0.012544388152282045
REDINGTON,2017,Services,-0.0882988397261529,0.1493410468178428,,,
REDINGTON,2018,Services,0.027249546638682537,0.1341940294385684,-0.015147017379274402,,
REDINGTON,2019,Services,-0.045144796544046906,0.10527290515051353,-0.028921124288054864,,
REDINGTON,2020,Services,-0.030743966588698768,0.18938280688510872,0.08410990173459519,,
REDINGTON,2021,Services,-0.18810271499925815,0.042716180648280935,-0.1466666262368278,,
REDINGTON,2022,Services,0.015793079207689506,0.04513177559279052,0.0024155949445095817,,
REDINGTON,2023,Services,0.19873449642125143,0.14266020382606695,0.09752842823327643,,
REDINGTON,2024,Services,-0.027846576268183994,0.12130353912191985,-0.0213566647041471,0.022551961215866997,
REDINGTON,2025,Services,0.005192851433238601,0.10185938753512555,-0.0194441515867943,0.020241428923931486,0.0016337930517780943
REDINGTON,2026,Services,0.007525180970214316,0.08397951831512548,-0.017879869220000066,0.020266321368448453,0.0013268589863519938
RELIANCE,2017,Oil Gas & Consumable Fuels,-0.027799864742884147,0.30768871621755456,,,
RELIANCE,2018,Oil Gas & Consumable Fuels,-0.04361540443229345,0.2956378432414243,-0.012050872976130278,,
RELIANCE,2019,Oil Gas & Consumable Fuels,-0.0027645519882120626,0.308445014684803,0.012807171443378729,,
RELIANCE,2020,Oil Gas & Consumable Fuels,-0.047740570843884216,0.3053554769285005,-0.003089537756302496,,
RELIANCE,2021,Oil Gas & Consumable Fuels,0.016794627537280362,0.21132444235700515,-0.09403103457149536,,
RELIANCE,2022,Oil Gas & Consumable Fuels,-0.03332995244965041,0.2129676462777138,0.001643203920708658,,
RELIANCE,2023,Oil Gas & Consumable Fuels,-0.0300956110100244,0.2812560325104833,0.0682883862327695,,
RELIANCE,2024,Oil Gas & Consumable Fuels,-0.07991120470779146,0.1998344204830865,-0.08142161202739681,0.18246481044727608,
RELIANCE,2025,Oil Gas & Consumable Fuels,-0.08209310806257127,0.19198364066916515,-0.00785077981392135,0.17371510541514884,0.0061869757615992315
RELIANCE,2026,Oil Gas & Consumable Fuels,-0.07860545770330454,0.1850532663833508,-0.006930374285814361,0.15354414672922564,0.014831440154566984
RHIM,2019,Capital Goods,0.06985120453471894,,,,
RHIM,2020,Capital Goods,-0.03545553083461694,0.06713636450073211,,,
RHIM,2021,Capital Goods,-0.022855736559651955,0.049530024451430565,-0.017606340049301547,,
RHIM,2022,Capital Goods,0.14438703897267433,0.03865014185456174,-0.010879882596868826,,
RHIM,2023,Capital Goods,-0.1197796124512163,0.2702638358656928,0.23161369401113108,,
RHIM,2024,Capital Goods,-0.04375956369914075,0.09547023973005847,-0.17479359613563433,0.12381517759968338,
RHIM,2025,Capital Goods,-0.060432994490571885,0.07366726158143866,-0.02180297814861981,0.1308321352368568,0.004961738328544056
RHIM,2026,Capital Goods,-0.07126042563050242,0.09276535711921625,0.019098095537777596,0.1358028344033847,0.006022865601596052
RITES,2017,Construction,-0.047247572613243326,0.017383422927865985,,,
RITES,2018,Construction,-0.013068001578373192,0.010700441789751406,-0.006682981138114578,,
RITES,2019,Construction,0.056382649337628724,0.008772641154744966,-0.0019278006350064401,,
RITES,2020,Construction,0.05031985687760054,0.008042164184161663,-0.0007304769705833037,,
RITES,2021,Construction,-0.014275116375093598,0.006262067972991727,-0.0017800962111699358,,
RITES,2022,Construction,0.035385900411471924,0.0047223420351770835,-0.0015397259378146433,,
RITES,2023,Construction,-0.002966333698352071,0.0009047568173926977,-0.0038175852177843857,,
RITES,2024,Construction,-0.05852007605650215,0.0014123770128579272,0.0005076201954652295,0.20380019452549675,
RITES,2025,Construction,-0.08741816851037688,0.0014752949364544886,6.291792359656143e-05,0.23363841009546654,0.021098804568031666
RITES,2026,Construction,-0.040518594842719996,0.001111322845188849,-0.00036397209126563974,0.215445321307779,0.015038376274341686
RKFORGE,2017,Automobile and Auto Components,-0.0712351918532991,0.5149332859687932,,,
RKFORGE,2018,Automobile and Auto Components,-0.015653502094105855,0.4110576572281919,-0.1038756287406013,,
RKFORGE,2019,Automobile and Auto Components,-0.06693657587902252,0.41426065777874715,0.0032030005505552794,,
RKFORGE,2020,Automobile and Auto Components,-0.10965103085154572,0.44534491032466106,0.031084252545913904,,
RKFORGE,2021,Automobile and Auto Components,-0.04397954577410069,0.45614255796227365,0.010797647637612595,,
RKFORGE,2022,Automobile and Auto Components,0.04451561938958707,0.4648502692998205,0.00870771133754683,,
RKFORGE,2023,Automobile and Auto Components,-0.13326310597897467,0.3574089858848379,-0.1074412834149826,,
RKFORGE,2024,Automobile and Auto Components,-0.11405159078556795,0.22928330083729556,-0.12812568504754232,0.11756598185848126,
RKFORGE,2025,Automobile and Auto Components,-0.0029073953230456264,0.3257400990781504,0.09645679824085482,0.1476623092888614,0.021281317214832503
RKFORGE,2026,Automobile and Auto Components,-0.11070109670708636,0.3418947691749216,0.01615467009677124,0.17906252311637502,0.030750574357492528
RPOWER,2017,Power,-0.05612390647449387,0.5131339946578495,,,
RPOWER,2018,Power,-0.056684199199857684,0.5098045901546532,-0.003329404503196298,,
RPOWER,2019,Power,-0.12353869941320697,0.5243980550428387,0.01459346488818547,,
RPOWER,2020,Power,-0.16158495319901992,0.5399689555685948,0.01557090052575616,,
RPOWER,2021,Power,-0.07719276757060546,0.5047990590335165,-0.03516989653507829,,
RPOWER,2022,Power,-0.09188812418618451,0.46432963687618517,-0.04046942215733135,,
RPOWER,2023,Power,-0.09260268068144874,0.43753675151054633,-0.02679288536563884,,
RPOWER,2024,Power,-0.07157592404224963,0.4288547399664656,-0.008682011544080714,0.26549513179767276,
RPOWER,2025,Power,-0.046334174036138924,0.3670544622328072,-0.061800277733658426,0.32267572243224196,0.040432783389955894
RPOWER,2026,Power,-0.06683160344265159,0.3587091533856317,-0.008345308847175492,0.287483642757831,0.02884324597825655
RRKABEL,2020,Capital Goods,-0.0603031008955842,0.2585740539421235,,,
RRKABEL,2021,Capital Goods,0.12037711866877344,0.2956311840056906,0.03705713006356709,,
RRKABEL,2022,Capital Goods,0.056455545585768346,0.2597189170210276,-0.03591226698466299,,
RRKABEL,2023,Capital Goods,-0.1001966874492144,0.37804618737707035,0.11832727035604274,,
RRKABEL,2024,Capital Goods,-0.09424598334088453,0.12546265639703064,-0.2525835309800397,0.06202620430379037,
RRKABEL,2025,Capital Goods,-0.10695438053751577,0.08249263560160595,-0.04297002079542468,0.080560441033811,0.013105684475914375
RRKABEL,2026,Capital Goods,-0.019494177063993878,0.07292843263267682,-0.009564202968929139,0.08938829619342213,0.013965033896964296
RVNL,2017,Construction,-0.014367498233550578,0.27505592815912266,,,
RVNL,2018,Construction,0.11252340239075566,0.27269896106059455,-0.0023569670985281177,,
RVNL,2019,Construction,0.11438951997432274,0.25017123684288894,-0.022527724217705603,,
RVNL,2020,Construction,0.13863732263402442,0.3434286143044898,0.09325737746160084,,
RVNL,2021,Construction,0.04023238659656442,0.41703366750743437,0.07360505320294458,,
RVNL,2022,Construction,-0.18356323861192664,0.3310890179217972,-0.08594464958563719,,
RVNL,2023,Construction,0.2946893744422499,0.3511455375361362,0.02005651961433902,,
RVNL,2024,Construction,-0.13507966370174296,0.30814842360830524,-0.042997113927830954,0.05239546523389777,
RVNL,2025,Construction,-0.07608484929576297,0.2646395994958539,-0.04350882411245133,0.04711749059656823,0.003732091656986327
RVNL,2026,Construction,0.09440290701585755,0.22202997145882541,-0.0426096280370285,0.042723946654077666,0.0048424944723199385
SAGILITY,2022,Information Technology,0.0026990499780367534,0.474741274939192,,,
SAGILITY,2023,Information Technology,-0.0677373552219811,0.275033360084718,-0.19970791485447398,,
SAGILITY,2024,Information Technology,-0.07183609194943788,0.24045501731911334,-0.034578342765604675,0.2699319372088062,
SAGILITY,2025,Information Technology,-0.08669203401692051,0.12841900462767888,-0.11203601269143446,0.25929026202977956,0.007524800682274287
SAGILITY,2026,Information Technology,-0.07921167451693538,0.08920229274969316,-0.03921671187798573,0.22315480677165034,0.02451909565101881
SAIL,2017,Metals & Mining,-0.045587119842289844,0.38384963752997403,,,
SAIL,2018,Metals & Mining,-0.0557067493352727,0.3924896403497293,0.008640002819755244,,
SAIL,2019,Metals & Mining,-0.04117074407149627,0.3821446800000102,-0.010344960349719101,,
SAIL,2020,Metals & Mining,0.021528554238217427,0.4255352185159498,0.0433905385159396,,
SAIL,2021,Metals & Mining,-0.16328459272975124,0.31905109138581605,-0.10648412713013372,,
SAIL,2022,Metals & Mining,-0.15569844782357792,0.1435785411503731,-0.17547255023544295,,
SAIL,2023,Metals & Mining,0.05709236544411231,0.23530242511113492,0.09172388396076181,,
SAIL,2024,Metals & Mining,-0.019635134068598133,0.25756687545883733,0.022264450347702414,0.08287780559422228,
SAIL,2025,Metals & Mining,-0.06978077607192745,0.27014738540879923,0.012580509949961904,0.08382137280418774,0.0006672027726718386
SAIL,2026,Metals & Mining,-0.12769563670390402,0.23437600821762283,-0.0357713771911764,0.1582245757109649,0.04323166796244784
SAILIFE,2019,Healthcare,-0.045784758159395124,0.20490016207722117,,,
SAILIFE,2020,Healthcare,-0.027772657014421644,0.21531785759866134,0.010417695521440173,,
SAILIFE,2021,Healthcare,0.05363647368247296,0.3505958996819667,0.13527804208330535,,
SAILIFE,2022,Healthcare,-0.0457229736620097,0.34844298997839934,-0.0021529097035673517,,
SAILIFE,2023,Healthcare,-0.09612180355183857,0.4283733974726773,0.07993040749427793,,
SAILIFE,2024,Healthcare,-0.09250221043324491,0.4102785145888594,-0.018094882883817887,0.2722952385283551,
SAILIFE,2025,Healthcare,-0.06792295685952883,0.11202026848752451,-0.2982582461013349,0.3375804190777414,0.04616359387745918
SAILIFE,2026,Healthcare,-0.12064107177457303,0.07984609848589698,-0.03217417000162753,0.2670262858792329,0.03930182856809919
SAMMAANCAP,2017,Financial Services,0.20011699432213015,0.8225967030591141,,,
SAMMAANCAP,2018,Financial Services,0.21808727330973707,0.8375120302943967,0.01491532723528255,,
SAMMAANCAP,2019,Financial Services,-0.13155237751483584,0.8128594434356782,-0.024652586858718517,,
SAMMAANCAP,2020,Financial Services,-0.1665297165808821,0.7745009989595812,-0.03835844447609693,,
SAMMAANCAP,2021,Financial Services,-0.06313861524292651,0.7379558327533651,-0.03654516620621617,,
SAMMAANCAP,2022,Financial Services,0.006350383662913399,0.7485313456869945,0.01057551293362946,,
SAMMAANCAP,2023,Financial Services,-0.03831159300395489,0.6992238328805581,-0.049307512806436415,,
SAMMAANCAP,2024,Financial Services,0.0022166812415112193,0.6637508765095709,-0.03547295637098724,0.8072719338265925,
SAMMAANCAP,2025,Financial Services,-0.12051045118304726,0.6087916894945288,-0.0549591870150421,0.8794877499374287,0.05106429328089302
SAMMAANCAP,2026,Financial Services,0.10383654201274672,0.6984197387458714,0.0896280492513426,0.9991343458863269,0.09690340308789665
SAPPHIRE,2018,Consumer Services,-0.052997049722961785,0.03683049099325993,,,
SAPPHIRE,2019,Consumer Services,-0.08335235312913682,0.08755192404254349,0.05072143304928355,,
SAPPHIRE,2020,Consumer Services,-0.26783507389874606,0.4665703031836086,0.3790183791410651,,
SAPPHIRE,2021,Consumer Services,-0.1871507551840159,0.47792253990839967,0.011352236724791076,,
SAPPHIRE,2022,Consumer Services,-0.1609651533980403,0.3646212054716048,-0.11330133443679485,,
SAPPHIRE,2023,Consumer Services,-0.05730453310276679,0.37162256052371545,0.007001355052110636,,
SAPPHIRE,2024,Consumer Services,-0.15401182998103535,0.41033396078763135,0.038711400263915896,0.17757157585851377,
SAPPHIRE,2025,Consumer Services,-0.1686764821978369,0.42504473566485096,0.014710774877219612,0.1649115908727867,0.008951961233127487
SAPPHIRE,2026,Consumer Services,-0.15147623188316733,0.43542772163450166,0.010382985969650704,0.15689817724701444,0.0104233666020668
SARDAEN,2017,Metals & Mining,-0.014522715015793938,0.43749197462698064,,,
SARDAEN,2018,Metals & Mining,-0.028719953349489097,0.40600009963048805,-0.031491874996492586,,
SARDAEN,2019,Metals & Mining,-0.07520308090917238,0.3789540009179718,-0.02704609871251623,,
SARDAEN,2020,Metals & Mining,-0.051146031916294084,0.4130785620602734,0.03412456114230156,,
SARDAEN,2021,Metals & Mining,0.04139370385453,0.37924494059739017,-0.03383362146288321,,
SARDAEN,2022,Metals & Mining,-0.021342781262446188,0.2983440327229553,-0.08090090787443488,,
SARDAEN,2023,Metals & Mining,-0.018121349003353177,0.25668171153979474,-0.041662321183160544,,
SARDAEN,2024,Metals & Mining,-0.09082532885693577,0.22763647875238466,-0.029045232787410086,0.2796443137195445,
SARDAEN,2025,Metals & Mining,-0.06867741674222536,0.282584561532429,0.054948082780044344,0.2435990877671455,0.02548782370034267
SARDAEN,2026,Metals & Mining,-0.11227101233873023,0.2314650813054605,-0.051119480226968494,0.406351832043979,0.08548148852581745
SAREGAMA,2017,Media Entertainment & Publication,0.025055238254054278,0.006170008754742152,,,
SAREGAMA,2018,Media Entertainment & Publication,0.0820899393143035,0.027455523089956607,0.021285514335214455,,
SAREGAMA,2019,Media Entertainment & Publication,0.12674943566591423,0.08996896162528217,0.06251343853532557,,
SAREGAMA,2020,Media Entertainment & Publication,-0.05711888472957275,0.015651219827029817,-0.07431774179825236,,
SAREGAMA,2021,Media Entertainment & Publication,-0.09841836734693879,0.001403061224489796,-0.014248158602540022,,
SAREGAMA,2022,Media Entertainment & Publication,0.03446355465764543,0.0007702014965607542,-0.0006328597279290419,,
SAREGAMA,2023,Media Entertainment & Publication,0.053934311752175626,0.0004166397709068077,-0.0003535617256539465,,
SAREGAMA,2024,Media Entertainment & Publication,-0.015212976757679013,0.002669892171758146,0.002253252400851338,0.17452371594646587,
SAREGAMA,2025,Media Entertainment & Publication,-0.13361270738272973,0.0012934573015903322,-0.0013764348701678138,0.35233120823411934,0.12572888354237452
SAREGAMA,2026,Media Entertainment & Publication,-0.020892175675384317,0.03129729846273258,0.03000384116114225,0.34943095599393015,0.10183029869812976
SBFC,2022,Financial Services,0.1962689062974111,0.6511385306409925,,,
SBFC,2023,Financial Services,0.2276974961889448,0.6506741565212549,-0.00046437411973754283,0.657292298362644,
SBFC,2024,Financial Services,0.17605648759201392,0.5657849093630137,-0.0848892471582412,0.6850074962518741,0.019597604369401656
SBFC,2025,Financial Services,0.17554605473635226,0.6124328883459849,0.04664797898297113,0.6862592880115338,0.0163747044042919
SBIN,2017,Financial Services,-0.022420151604375174,0.8531032779800469,,,
SBIN,2018,Financial Services,0.02542601041454819,0.8547793768089289,0.0016760988288819778,,
SBIN,2019,Financial Services,-0.007009553856723069,0.8626265138695538,0.007847137060624898,,
SBIN,2020,Financial Services,-0.0009912433936970166,0.8593385497941882,-0.0032879640753655792,,
SBIN,2021,Financial Services,-0.013932900618242287,0.8562643930651327,-0.0030741567290555327,,
SBIN,2022,Financial Services,-0.004163678163574793,0.8462364775691289,-0.010027915496003792,,
SBIN,2023,Financial Services,0.023791062876474145,0.8379812073244461,-0.008255270244682755,,
SBIN,2024,Financial Services,-0.000412736987978502,0.8325438776431742,-0.005437329681271974,0.47943421797643165,
SBIN,2025,Financial Services,-0.003304319455384865,0.8273145648980008,-0.005229312745173353,0.4109866132048737,0.04839976548994533
SBIN,2026,Financial Services,-0.001680578566492473,0.8196436761333822,-0.007670888764618633,0.5234126800336669,0.056655097191213914
SCHAEFFLER,2022,Automobile and Auto Components,0.022470105051408146,0.010019697139025481,,,
SCHAEFFLER,2023,Automobile and Auto Components,0.0023234623418776873,0.008154459180628452,-0.001865237958397029,,
SCHAEFFLER,2024,Automobile and Auto Components,-0.08754859855991352,0.00806779680716905,-8.66623734594018e-05,0.17339868730279112,
SCHAEFFLER,2025,Automobile and Auto Components,-0.11782633683523526,0.006656779516552453,-0.0014110172906165973,0.17771088760002937,0.003049186072011822
SCHAEFFLER,2026,Automobile and Auto Components,,,,0.18075383528644653,0.0036957814664660567
SCHNEIDER,2017,Capital Goods,-0.03233122238701728,0.37646255620688845,,,
SCHNEIDER,2018,Capital Goods,-0.17205565201142936,0.3837326087464283,0.0072700525395398286,,
SCHNEIDER,2019,Capital Goods,0.023743345328442345,0.4685672960468419,0.0848346873004136,,
SCHNEIDER,2020,Capital Goods,-0.030337409885564715,0.5130470515718101,0.04447975552496819,,
SCHNEIDER,2021,Capital Goods,-0.007492950882445087,0.547377032060431,0.034329980488620904,,
SCHNEIDER,2022,Capital Goods,-0.07928393119720958,0.5047789214512876,-0.042598110609143425,,
SCHNEIDER,2023,Capital Goods,0.026570012683991624,0.4561001150408543,-0.04867880641043326,,
SCHNEIDER,2024,Capital Goods,-0.04987543786436005,0.36383524918750076,-0.09226486585335353,0.1635207652823145,
SCHNEIDER,2025,Capital Goods,-0.1091046444242073,0.3136072936501366,-0.050227955537364144,0.1676885257051799,0.002947051657369029
SCHNEIDER,2026,Capital Goods,-0.09047584509115422,0.2699726516001587,-0.04363464204997791,0.052275239498894614,0.06546393901315169
SCI,2017,Services,-0.03437730907891164,0.3775145976746824,,,
SCI,2018,Services,0.005387336759904704,0.38503223440395307,0.007517636729270694,,
SCI,2019,Services,-0.053992946842203876,0.36759517688269366,-0.017437057521259403,,
SCI,2020,Services,-0.04369979739341601,0.3425078671705487,-0.025087309712144956,,
SCI,2021,Services,-0.04805986274366432,0.27449774895431206,-0.06801011821623665,,
SCI,2022,Services,-0.05461265693473675,0.22454419290606578,-0.04995355604824628,,
SCI,2023,Services,-0.05202054010406381,0.22761378591940212,0.0030695930133363414,,
SCI,2024,Services,-0.07591302407457913,0.24084661856709558,0.013232832647693454,0.2716251140164184,
SCI,2025,Services,-0.037992209093037924,0.19045588257916965,-0.05039073598792593,0.42076851961009387,0.10546031346454357
SCI,2026,Services,-0.05435161297104431,0.20117087191439134,0.010714989335221692,0.4534918984490079,0.09694508947041845
SHREECEM,2017,Construction Materials,-0.07724624260476914,0.11575607335854085,,,
SHREECEM,2018,Construction Materials,-0.03266284366255505,0.22474271332026124,0.1089866399617204,,
SHREECEM,2019,Construction Materials,-0.06930445109986574,0.18090145099659197,-0.04384126232366928,,
SHREECEM,2020,Construction Materials,-0.12220880686803737,0.15772528853318143,-0.023176162463410532,,
SHREECEM,2021,Construction Materials,-0.09147512895589074,0.10365185604910854,-0.0540734324840729,,
SHREECEM,2022,Construction Materials,-0.014149719902580666,0.08965559639022976,-0.013996259658878782,,
SHREECEM,2023,Construction Materials,-0.04929152265099715,0.10346609736332657,0.013810500973096815,,
SHREECEM,2024,Construction Materials,-0.11295027071122618,0.05928645684681494,-0.04417964051651163,0.2109922408740607,
SHREECEM,2025,Construction Materials,-0.16348999852798118,0.03675234003564464,-0.022534116811170297,0.1973348720555273,0.009657218104750682
SHREECEM,2026,Construction Materials,-0.10381932420516471,0.05940464345416566,0.022652303418521022,0.20410291458705337,0.006828774163333232
SHRIRAMFIN,2017,Financial Services,0.05296317355645438,0.7129974885047072,,,
SHRIRAMFIN,2018,Financial Services,0.16116424898826448,0.8435795917273154,0.13058210322260821,,
SHRIRAMFIN,2019,Financial Services,0.07693740072349421,0.8339525294076634,-0.009627062319652047,,
SHRIRAMFIN,2020,Financial Services,0.043546279249458655,0.8290719383290485,-0.004880591078614938,,
SHRIRAMFIN,2021,Financial Services,0.051863494076603345,0.8201500020090792,-0.008921936319969292,,
SHRIRAMFIN,2022,Financial Services,0.08139642770385166,0.8072511797439427,-0.0128988222651365,,
SHRIRAMFIN,2023,Financial Services,0.11224765186786569,0.7797888700571759,-0.027462309686766773,,
SHRIRAMFIN,2024,Financial Services,0.13835268744476187,0.7874462360805513,0.0076573660233754115,0.7164841923630929,
SHRIRAMFIN,2025,Financial Services,0.1570814003666765,0.7965958698230057,0.009149633742454366,0.720885959463501,0.003112519365902355
SHRIRAMFIN,2026,Financial Services,0.052070711766446204,0.7800617174006202,-0.01653415242238543,0.7458454691379306,0.01583475739548287
SHYAMMETL,2018,Capital Goods,0.05112025447756034,0.16352027291796326,,,
SHYAMMETL,2019,Capital Goods,0.036415187924282465,0.17980322917360694,0.016282956255643688,,
SHYAMMETL,2020,Capital Goods,0.08518876292182996,0.220130892482868,0.04032766330926105,,
SHYAMMETL,2021,Capital Goods,-0.03926810727833622,0.14686379134747377,-0.07326710113539422,,
SHYAMMETL,2022,Capital Goods,0.01938749106827045,0.0644556333397428,-0.08240815800773096,,
SHYAMMETL,2023,Capital Goods,-0.05740876176808464,0.1010528748796887,0.036597241539945896,,
SHYAMMETL,2024,Capital Goods,-0.11093239992829938,0.04147172480299697,-0.05958115007669173,0.12133313100495971,
SHYAMMETL,2025,Capital Goods,-0.09290277435665538,0.048371402766391056,0.006899677963394087,0.11016949152542373,0.00789388517870176
SHYAMMETL,2026,Capital Goods,-0.0836502526466978,0.05008928228801873,0.001717879521627677,0.14028916113208031,0.015226908319504164
SIEMENS,2016,Capital Goods,0.20030368003470628,0.0021024002402743134,,,
SIEMENS,2017,Capital Goods,0.042874975262973625,,,,
SIEMENS,2018,Capital Goods,0.05590005789499384,,,,
SIEMENS,2019,Capital Goods,-0.01129682321611116,,,,
SIEMENS,2020,Capital Goods,0.0030831893670949908,,,,
SIEMENS,2021,Capital Goods,-0.018512145299524847,0.0002275855943869621,,,
SIEMENS,2022,Capital Goods,0.028067034661097025,0.00905564672534686,0.008828061130959897,,
SIEMENS,2023,Capital Goods,0.02591240875912409,0.008093874156888108,-0.0009617725684587519,,
SIEMENS,2024,Capital Goods,-0.04133410142825927,0.011100295981406804,0.003006421824518697,0.11505609952084761,
SIEMENS,2025,Capital Goods,,,,0.11013652857180149,0.003478661978598854
SIEMENS,2026,Capital Goods,0.1262616025003418,0.014453333081916365,,0.09143560260517217,0.012462307737570674
SIGNATURE,2020,Realty,-0.04443390529092045,0.3346105422621952,,,
SIGNATURE,2021,Realty,-0.03254110819400304,0.315260254461581,-0.019350287800614208,,
SIGNATURE,2022,Realty,-0.07229210821453214,0.2628654780179398,-0.05239477644364121,,
SIGNATURE,2023,Realty,0.03559216480806437,0.28634819938387956,0.023482721365939763,,
SIGNATURE,2024,Realty,-0.00746729224513204,0.22813946655118006,-0.058208732832699506,0.016298372579105703,
SIGNATURE,2025,Realty,-0.04243607968345483,0.18607987775921953,-0.042059588791960534,-0.2223315989312333,0.16873687104931334
SIGNATURE,2026,Realty,-0.008243891696416152,0.172619268394455,-0.013460609364764536,-0.08103407670428811,0.11998809578037571
SJVN,2017,Power,-0.054264467406106076,0.15699357581679643,,,
SJVN,2018,Power,-0.028960057704695664,0.1550104895517949,-0.0019830862650015435,,
SJVN,2019,Power,0.02301974065142346,0.1439266392273905,-0.011083850324404398,,
SJVN,2020,Power,-0.009199560516975437,0.14028797043705746,-0.003638668790333033,,
SJVN,2021,Power,-0.019282529431997222,0.12439700961408043,-0.01589096082297703,,
SJVN,2022,Power,-0.04937656139240071,0.29705813025195626,0.17266112063787584,,
SJVN,2023,Power,-0.008437064776701437,0.435125499056049,0.13806736880409276,,
SJVN,2024,Power,-0.029611201479922175,0.518564730647785,0.08343923159173594,0.692230882725525,
SJVN,2025,Power,-0.049032109880624564,0.5866995867406174,0.06813485609283243,0.7148442193406472,0.015990043665806968
SJVN,2026,Power,-0.03157950860350507,0.6235518114080935,0.03685222466747606,0.6092672011933619,0.05558903100299441
SOBHA,2017,Realty,-0.02170686289502802,0.2498526937919991,,,
SOBHA,2018,Realty,-0.015134927898838977,0.2583176174150842,0.008464923623085097,,
SOBHA,2019,Realty,0.008465770057319933,0.2424541794385701,-0.0158634379765141,,
SOBHA,2020,Realty,-0.0011516625083899709,0.28435346593195204,0.041899286493381954,,
SOBHA,2021,Realty,-0.04912104765872935,0.2722677889372363,-0.012085676994715744,,
SOBHA,2022,Realty,-0.05665705427028902,0.21934303245809933,-0.05292475647913697,,
SOBHA,2023,Realty,-0.08317654898430778,0.16117086498839822,-0.05817216746970111,,
SOBHA,2024,Realty,-0.045736776900278116,0.14177706473316254,-0.019393800255235683,0.05492243217410485,
SOBHA,2025,Realty,-0.010723294932750543,0.06878799855852505,-0.07298906617463749,0.04083298872878031,0.00996274100333334
SOBHA,2026,Realty,-0.019438159144478932,0.05422857658640858,-0.014559421972116467,0.060697101279192575,0.0102179758863787
SOLARINDS,2017,Chemicals,0.04002904022070567,0.2910759401771454,,,
SOLARINDS,2018,Chemicals,-0.016876512221009363,0.26035604159016484,-0.030719898586980543,,
SOLARINDS,2019,Chemicals,-0.02314299030160456,0.2678266273108591,0.007470585720694256,,
SOLARINDS,2020,Chemicals,-0.023129728836378732,0.28544536216285943,0.01761873485200033,,
SOLARINDS,2021,Chemicals,-0.02714383223739786,0.27287779362172315,-0.012567568541136276,,
SOLARINDS,2022,Chemicals,0.03953248728446968,0.24466719200312997,-0.02821060161859318,,
SOLARINDS,2023,Chemicals,0.020516466547423583,0.24338017495324668,-0.0012870170498832934,,
SOLARINDS,2024,Chemicals,-0.195648587781332,0.20402220532755724,-0.03935796962568944,0.2668619620086362,
SOLARINDS,2025,Chemicals,-0.24824803802365425,0.11973889441558282,-0.08428331091197443,0.2778575689081434,0.007775068201903117
SOLARINDS,2026,Chemicals,0.002951724215039813,0.1419976874433391,0.022258793027756282,0.27675426639768824,0.006055002527438571
SONACOMS,2018,Automobile and Auto Components,-0.04815436354691091,0.41395903677793733,,,
SONACOMS,2019,Automobile and Auto Components,0.011246209917001001,0.10005819117331781,-0.3139008456046195,,
SONACOMS,2020,Automobile and Auto Components,0.057816586335833295,0.19771111159141502,0.09765292041809721,,
SONACOMS,2021,Automobile and Auto Components,0.03296343311084722,0.20346787145853523,0.005756759867120209,,
SONACOMS,2022,Automobile and Auto Components,-0.031990630874965315,0.058229574382839704,-0.14523829707569552,,
SONACOMS,2023,Automobile and Auto Components,-0.04509727664608817,0.09647267985476317,0.038243105471923465,,
SONACOMS,2024,Automobile and Auto Components,-0.14012227969085955,0.10663378966133752,0.01016110980657435,0.26980908158680045,
SONACOMS,2025,Automobile and Auto Components,-0.09551818243007583,0.030935830676693567,-0.07569795898464396,0.2466576648663066,0.016370523757136827
SONACOMS,2026,Automobile and Auto Components,-0.06412097761747942,0.059257542344041826,0.02832171166734826,0.22550722410083,0.02215845894704449
SONATSOFTW,2017,Information Technology,-0.023553674156083778,0.0461054195993955,,,
SONATSOFTW,2018,Information Technology,-0.07874814388068904,0.027369138517214234,-0.018736281082181266,,
SONATSOFTW,2019,Information Technology,0.1671771111460133,0.010221977906915869,-0.017147160610298365,,
SONATSOFTW,2020,Information Technology,-0.05668559692166833,0.053202677455674745,0.042980699548758876,,
SONATSOFTW,2021,Information Technology,-0.10204322725124812,0.09502701703203006,0.04182433957635532,,
SONATSOFTW,2022,Information Technology,-0.028917614737064556,0.06238675010468889,-0.03264026692734118,,
SONATSOFTW,2023,Information Technology,0.04211270450414057,0.13553276656690108,0.0731460164622122,,
SONATSOFTW,2024,Information Technology,-0.034685062086518025,0.15125635290119113,0.01572358633429005,0.05753854488020571,
SONATSOFTW,2025,Information Technology,-0.11563467691161167,0.11050577991356898,-0.04075057298762215,0.06498776204480974,0.005267391971622738
SONATSOFTW,2026,Information Technology,-0.08629438567614765,0.14513137557959815,0.03462559566602917,0.05207526455429844,0.006481651792140355
SPLPETRO,2006,Chemicals,-0.028752471053374754,0.31648898616210114,,,
SPLPETRO,2007,Chemicals,-0.0713624600970892,0.26958312083262503,-0.046905865329476104,,
SPLPETRO,2008,Chemicals,-0.05818259624405417,0.22996527149135076,-0.03961784934127427,,
SPLPETRO,2009,Chemicals,-0.05562575020531935,0.2175121612230716,-0.012453110268279166,,
SPLPETRO,2010,Chemicals,0.019957715624840798,0.19755209129349435,-0.019960069929577245,,
SPLPETRO,2026,Chemicals,-0.0026334264632136965,0.03822336843613439,,0.19390379758648243,0.09803828342582652
SRF,2017,Chemicals,-0.018720410772738956,0.3438714871425435,,,
SRF,2018,Chemicals,-0.025860306277285337,0.3756829179924453,0.03181143084990179,,
SRF,2019,Chemicals,-0.025688973391721194,0.37724794951405255,0.001565031521607252,,
SRF,2020,Chemicals,-0.0262692750287687,0.38062232451093214,0.003374374996879592,,
SRF,2021,Chemicals,-0.04443714677177381,0.268648242969127,-0.11197408154180516,,
SRF,2022,Chemicals,-0.013751973516033274,0.23185459444681608,-0.0367936485223109,,
SRF,2023,Chemicals,-0.03946280583714554,0.2389816966065627,0.007127102159746629,,
SRF,2024,Chemicals,-0.08911440972544757,0.24593950048840393,0.0069578038818412236,0.17746060934147928,
SRF,2025,Chemicals,-0.09547849836836747,0.21959687548062648,-0.026342625007777454,0.21009123158600737,0.023073334263442425
SRF,2026,Chemicals,-0.07447897213714799,0.2109339076882216,-0.008662967792404885,0.2457095401389954,0.0341353628154272
SUMICHEM,2018,Chemicals,0.05890049988241608,0.006120393875988157,,,
SUMICHEM,2019,Chemicals,0.04733435127637154,0.010618507924901611,0.004498114048913454,,
SUMICHEM,2020,Chemicals,-0.007929122193945388,0.016893303452729137,0.006274795527827526,,
SUMICHEM,2021,Chemicals,-0.029978330270628357,0.012215888889304735,-0.004677414563424402,,
SUMICHEM,2022,Chemicals,0.06704478623618186,0.012486584729684379,0.00027069584037964396,,
SUMICHEM,2023,Chemicals,0.03349056463750218,0.01008397873369925,-0.00240260599598513,,
SUMICHEM,2024,Chemicals,-0.20232873362656334,0.00913199276685796,-0.00095198596684129,0.16533212861415753,
SUMICHEM,2025,Chemicals,-0.09483835317805751,0.013092723937556614,0.003960731170698655,0.1751470122187401,0.006940170753356994
SUMICHEM,2026,Chemicals,-0.05156277591382658,0.014149140434130496,0.001056416496573882,0.21939154558705978,0.02879910657353212
SUNDARMFIN,2017,Financial Services,0.05359974503567549,0.6574560804438461,,,
SUNDARMFIN,2018,Financial Services,0.18468334470565975,0.6199200788795154,-0.03753600156433068,,
SUNDARMFIN,2019,Financial Services,0.15920100573701332,0.7431794820620697,0.12325940318255435,,
SUNDARMFIN,2020,Financial Services,0.017503221647323364,0.8036359278020058,0.06045644573993603,,
SUNDARMFIN,2021,Financial Services,0.015369042369785283,0.7831014417363636,-0.02053448606564212,,
SUNDARMFIN,2022,Financial Services,-0.012614935863104294,0.7549957916294856,-0.028105650106878044,,
SUNDARMFIN,2023,Financial Services,0.13966885923262867,0.7613598367211554,0.006364045091669768,,
SUNDARMFIN,2024,Financial Services,0.13913582728494162,0.8142100851265883,0.052850248405432954,0.7892946660518374,
SUNDARMFIN,2025,Financial Services,0.12645382388151746,0.8108087336485671,-0.0034013514780212306,0.7976451401181408,0.0059046768384055405
SUNDARMFIN,2026,Financial Services,0.07609276533558147,0.811655308832955,0.0008465751843879099,0.7806197123439468,0.008513229213605823
SUNPHARMA,2017,Healthcare,-0.0019287852041354986,0.16092474971540435,,,
SUNPHARMA,2018,Healthcare,-0.028172994269285274,0.1615193089486214,0.0005945592332170513,,
SUNPHARMA,2019,Healthcare,0.0072607743081579985,0.1627873743623773,0.0012680654137559033,,
SUNPHARMA,2020,Healthcare,-0.040910152047853844,0.12192921639221563,-0.04085815797016168,,
SUNPHARMA,2021,Healthcare,-0.04830586750922995,0.05720871039134769,-0.06472050600086793,,
SUNPHARMA,2022,Healthcare,-0.08185934085273845,0.018492055495944085,-0.03871665489540361,,
SUNPHARMA,2023,Healthcare,0.043540667485215935,0.08531418539273639,0.0668221298967923,,
SUNPHARMA,2024,Healthcare,-0.10818984061347421,0.038365812591653906,-0.04694837280108248,0.29315430705804413,
SUNPHARMA,2025,Healthcare,-0.11645627906298615,0.025701640790467526,-0.01266417180118638,0.31883491167188766,0.018158929667419277
SUNPHARMA,2026,Healthcare,-0.0878575408275465,0.04268461873381104,0.016982977943343514,0.2887388659257458,0.01625198215233665
SUNTV,2017,Media Entertainment & Publication,-0.06058938001352166,,,,
SUNTV,2018,Media Entertainment & Publication,-0.04477702513065973,,,,
SUNTV,2019,Media Entertainment & Publication,-0.0630713791205865,,,,
SUNTV,2020,Media Entertainment & Publication,-0.04156721590638383,,,,
SUNTV,2021,Media Entertainment & Publication,0.007652493006293385,0.010111458856366946,,,
SUNTV,2022,Media Entertainment & Publication,0.0009136782009642375,0.010662950517526212,0.0005514916611592657,,
SUNTV,2023,Media Entertainment & Publication,-0.03834222828357681,0.006195260581311933,-0.004467689936214279,,
SUNTV,2024,Media Entertainment & Publication,-0.15829506302015156,0.0033053292414378837,-0.002889931339874049,0.5367575198175698,
SUNTV,2025,Media Entertainment & Publication,-0.10595722346148799,0.009828580823754275,0.006523251582316391,0.4867194024311033,0.03538229212177894
SUNTV,2026,Media Entertainment & Publication,-0.08545701898185912,0.007653287922717181,-0.0021752929010370936,0.5043624989711086,0.025378893536245173
SUPREMEIND,2017,Capital Goods,-0.012321001642562697,0.09940176513135157,,,
SUPREMEIND,2018,Capital Goods,-0.025826689054565387,0.08437694773015997,-0.015024817401191604,,
SUPREMEIND,2019,Capital Goods,-0.03316848699551292,0.05029310029820981,-0.03408384743195016,,
SUPREMEIND,2020,Capital Goods,-0.01987818291355079,0.12180879581267583,0.07151569551446602,,
SUPREMEIND,2021,Capital Goods,-0.06263471180139596,0.008796695226152363,-0.11301210058652346,,
SUPREMEIND,2022,Capital Goods,0.09972036902481451,0.009143552574426476,0.00034685734827411344,,
SUPREMEIND,2023,Capital Goods,-0.004392173115896469,0.008986305411452315,-0.0001572471629741612,,
SUPREMEIND,2024,Capital Goods,-0.18700186554926926,0.008398785181162681,-0.000587520230289634,0.12304173904728512,
SUPREMEIND,2025,Capital Goods,-0.1186343965110731,0.010575042342023097,0.002176257160860416,0.11678712587553128,0.004422679387445845
SUPREMEIND,2026,Capital Goods,-0.12111139477272931,0.011653788571743796,0.0010787462297206993,0.14643112089076632,0.01562556563995751
SUZLON,2017,Capital Goods,-0.061200154603991745,0.913996595422735,,,
SUZLON,2018,Capital Goods,-0.024058119323020315,1.078678520975094,0.16468192555235894,,
SUZLON,2019,Capital Goods,-0.3149530318760984,1.3022373127446902,0.22355879176959625,,
SUZLON,2020,Capital Goods,-0.2623427534511933,2.022831854341651,0.7205945415969606,,
SUZLON,2021,Capital Goods,-0.06458327336848914,1.049102496708877,-0.9737293576327739,,
SUZLON,2022,Capital Goods,-0.23189536144410847,0.9985111647201639,-0.05059133198871302,,
SUZLON,2023,Capital Goods,0.42689983307322693,0.3508576270327227,-0.6476535376874412,,
SUZLON,2024,Capital Goods,0.042817821931127084,0.02092764750620558,-0.32992997952651715,0.16791211598645972,
SUZLON,2025,Capital Goods,-0.049899726766047384,0.024936745684084143,0.004009098177878562,0.17433293438052544,0.004540204227211188
SUZLON,2026,Capital Goods,-0.04753016345449592,0.029454879627068088,0.004518133942983945,0.15545207869232638,0.009600053383005784
SWANCORP,2017,Chemicals,-0.03719938524146589,0.44425503820594403,,,
SWANCORP,2018,Chemicals,-0.0028941199675312367,0.3457847503015498,-0.09847028790439422,,
SWANCORP,2019,Chemicals,-0.014882999059954702,0.33978852135290816,-0.0059962289486416576,,
SWANCORP,2020,Chemicals,0.02587825269487508,0.34573792716027085,0.005949405807362695,,
SWANCORP,2021,Chemicals,-0.07517878487064687,0.6233443406738113,0.27760641351354043,,
SWANCORP,2022,Chemicals,-0.02917632567438501,0.6435095376025235,0.020165196928712215,,
SWANCORP,2023,Chemicals,0.042037090284583134,0.4875390961957127,-0.15597044140681082,,
SWANCORP,2024,Chemicals,0.045772680053125035,0.28348587058003605,-0.20405322561567663,-0.3439175344174322,
SWANCORP,2025,Chemicals,0.03815121108538244,0.20755614363950453,-0.07592972694053152,0.02196483539416706,0.258717904810386
SWANCORP,2026,Chemicals,-0.0012221170705861036,0.15373482008603184,-0.05382132355347269,-0.003847102342786683,0.20419927499060175
SWIGGY,2020,Consumer Services,-0.017947611150237408,0.02017402367267192,,,
SWIGGY,2021,Consumer Services,-0.1514865648294576,0.03179296836139974,0.01161894468872782,,
SWIGGY,2022,Consumer Services,0.01883797014262567,1.1151066656952437,1.083313697333844,,
SWIGGY,2023,Consumer Services,-0.010584505843640126,1.4327325399977306,0.3176258743024869,,
SWIGGY,2024,Consumer Services,0.0487909115601809,1.5610973823819356,0.12836484238420498,-0.1818637274549098,
SWIGGY,2025,Consumer Services,0.0726076948372246,0.11193686287405459,-1.449160519507881,-0.12735849056603774,0.03854102261430059
SWIGGY,2026,Consumer Services,0.08348852874747395,0.10108174505686096,-0.01085511781719363,-0.09556664709336465,0.0436438774603227
SYNGENE,2018,Healthcare,-0.04415177171527125,0.2469112574474757,,,
SYNGENE,2019,Healthcare,-0.08068043742405831,0.2196030781692993,-0.027308179278176387,,
SYNGENE,2020,Healthcare,-0.06365754642196546,0.18566384011146078,-0.03393923805783852,,
SYNGENE,2021,Healthcare,-0.06067742463958062,0.18285140891218873,-0.0028124311992720474,,
SYNGENE,2022,Healthcare,-0.033214709371293005,0.18361551457636865,0.0007641056641799204,,
SYNGENE,2023,Healthcare,-0.06158463385354142,0.13980449322586178,-0.04381102135050688,,
SYNGENE,2024,Healthcare,-0.14809155341699717,0.09025294232394825,-0.04955155090191353,0.30051923280703613,
SYNGENE,2025,Healthcare,-0.1696022601862888,0.08503656616489354,-0.005216376159054709,0.22811034783556863,0.05120081358148137
SYNGENE,2026,Healthcare,-0.13100486200688904,0.0649779579571066,-0.020058608207786932,0.1233695652173913,0.0890652222563154
SYRMA,2020,Capital Goods,-0.08188525632871137,0.1591527795445872,,,
SYRMA,2021,Capital Goods,0.03279713285547592,0.10724704117352891,-0.05190573837105829,,
SYRMA,2022,Capital Goods,0.07762758859717528,0.18915171995494326,0.08190467878141434,,
SYRMA,2023,Capital Goods,0.07457080490059191,0.14738353228058446,-0.0417681876743588,,
SYRMA,2024,Capital Goods,0.042817750712409064,0.1707856699356595,0.02340213765507504,0.09147982062780269,
SYRMA,2025,Capital Goods,-0.017530333640298587,0.15814897571167158,-0.012636694223987915,0.1260817288677245,0.024467243958443394
SYRMA,2026,Capital Goods,-0.032861879526095275,0.06934810354873615,-0.08880087216293543,0.10171721368231548,0.01777510370629186
TARIL,2017,Capital Goods,-0.04924584099290942,0.23916146196092763,,,
TARIL,2018,Capital Goods,0.09872198895636754,0.3670032432631085,0.12784178130218088,,
TARIL,2019,Capital Goods,-0.19827204001591542,0.29930085829591313,-0.06770238496719538,,
TARIL,2020,Capital Goods,-0.01710922676157499,0.33027454091313524,0.03097368261722211,,
TARIL,2021,Capital Goods,-0.09658906685688348,0.2843525063225472,-0.04592203459058802,,
TARIL,2022,Capital Goods,0.010912107930667533,0.2926609310462998,0.008308424723752594,,
TARIL,2023,Capital Goods,0.010402277551295443,0.278166166908123,-0.014494764138176797,,
TARIL,2024,Capital Goods,0.021874973286716875,0.21883521537317388,-0.05933095153494913,0.15161970823798626,
TARIL,2025,Capital Goods,-0.037836033184849134,0.12932304005414946,-0.08951217531902442,0.16963461642868777,0.012738463744098113
TARIL,2026,Capital Goods,0.06257052774434935,0.17119731272892227,0.04187427267477281,0.16308487961701087,0.009118535373732311
TATACAP,2021,Financial Services,-0.02424844682749096,0.8340201755065039,,,
TATACAP,2022,Financial Services,0.15662966825285254,0.8433968029088192,0.009376627402315374,,
TATACAP,2023,Financial Services,0.19331677309898315,0.8371640119416542,-0.006232790967165003,,
TATACAP,2024,Financial Services,0.22114001846582435,0.8405029984609549,0.0033389865193006463,0.7519486570912537,
TATACAP,2025,Financial Services,0.12622748522277874,0.8410575496449758,0.0005545511840209238,0.7276548850084752,0.017178290980333112
TATACAP,2026,Financial Services,0.13601321347065168,0.8136765562306058,-0.02738099341437006,0.7571245747812554,0.01573446377249405
TATACHEM,2017,Chemicals,-0.10759285176151566,0.29982290934883465,,,
TATACHEM,2018,Chemicals,0.021770581676807364,0.23622129157783153,-0.06360161777100312,,
TATACHEM,2019,Chemicals,-0.01583181607730636,0.22814109215636943,-0.008080199421462098,,
TATACHEM,2020,Chemicals,0.1888540058626611,0.2783307749235368,0.05018968276716737,,
TATACHEM,2021,Chemicals,-0.06284777606820716,0.2446441426817046,-0.033686632241832215,,
TATACHEM,2022,Chemicals,-0.011426536832416605,0.2075631257728669,-0.037081016908837694,,
TATACHEM,2023,Chemicals,-0.018717801946193473,0.1801946193474528,-0.027368506425414107,,
TATACHEM,2024,Chemicals,-0.08359892130424124,0.15153496227288824,-0.028659657074564554,0.12089136490250696,
TATACHEM,2025,Chemicals,-0.04911258278145696,0.18733774834437086,0.03580278607148263,0.09718309859154929,0.016764275878654734
TATACHEM,2026,Chemicals,-0.03297605005384892,0.2051643674034566,0.017826619059085724,0.1264394829612221,0.01553919523790709
TATACOMM,2017,Telecommunication,-0.0551807257556488,0.4380492791175876,,,
TATACOMM,2018,Telecommunication,-0.10438139981040248,0.4564539336367847,0.018404654519197094,,
TATACOMM,2019,Telecommunication,-0.09657087436062581,0.49796327529992,0.0415093416631353,,
TATACOMM,2020,Telecommunication,-0.11796612007536907,0.5609070493558839,0.06294377405596385,,
TATACOMM,2021,Telecommunication,-0.09054909115315854,0.5347709542621953,-0.026136095093688527,,
TATACOMM,2022,Telecommunication,-0.13861533361408854,0.46449575328032944,-0.0702752009818659,,
TATACOMM,2023,Telecommunication,-0.12614410523550745,0.4179789671290116,-0.046516786151317824,,
TATACOMM,2024,Telecommunication,-0.12091060124504216,0.462260070000788,0.04428110287177639,0.20367984518986493,
TATACOMM,2025,Telecommunication,-0.09626170168110922,0.4673041179707191,0.005044047969931076,0.19843366505250468,0.0037096095504536167
TATACOMM,2026,Telecommunication,-0.15359833875509862,0.4330188685915406,-0.034285249379178484,0.18687128008968804,0.00859979663314669
TATACONSUM,2017,Fast Moving Consumer Goods,-0.03682807041054672,0.0823501451618138,,,
TATACONSUM,2018,Fast Moving Consumer Goods,0.013381436912805572,0.10205568237871818,0.01970553721690438,,
TATACONSUM,2019,Fast Moving Consumer Goods,0.018226802001345504,0.10487396008337713,0.0028182777046589502,,
TATACONSUM,2020,Fast Moving Consumer Goods,-0.033696132309571136,0.08587216830581214,-0.01900179177756499,,
TATACONSUM,2021,Fast Moving Consumer Goods,-0.03955322581762029,0.08079753405658968,-0.005074634249222457,,
TATACONSUM,2022,Fast Moving Consumer Goods,-0.027522352451047147,0.06699970154027048,-0.013797832516319206,,
TATACONSUM,2023,Fast Moving Consumer Goods,-0.01131334928647964,0.07029283703144953,0.0032931354911790583,,
TATACONSUM,2024,Fast Moving Consumer Goods,-0.059464560692913865,0.12472636007516824,0.05443352304371871,0.1270895408186229,
TATACONSUM,2025,Fast Moving Consumer Goods,-0.0525292941199386,0.07516912959910928,-0.049557230476058964,0.14097613458528951,0.00981930461999281
TATACONSUM,2026,Fast Moving Consumer Goods,-0.058195546277371925,0.08225243985047292,0.0070833102513636476,0.13538161259927312,0.006986828287426527
TATAELXSI,2008,Information Technology,0.1484299563554903,0.21370360356880766,,,
TATAELXSI,2009,Information Technology,-0.09176207994047866,0.054065225478444175,-0.1596383780903635,,
TATAELXSI,2010,Information Technology,0.11801619433198383,0.11457489878542511,0.060509673306980934,,
TATAELXSI,2011,Information Technology,-0.12719196472967148,0.08429741107833062,-0.030277487707094486,,
TATAELXSI,2012,Information Technology,-0.1602414679337756,0.10208594823979439,0.017788537161463766,0.10518253765636967,
TATAELXSI,2013,Information Technology,-0.044681724845995904,0.16019164955509924,0.05810570131530485,0.2176194283429942,0.07950488786004277
TATAELXSI,2014,Information Technology,-0.26010504093507025,,,0.22773037157433743,0.06802237028886063
TATAELXSI,2015,Information Technology,-0.24305630141988702,,,0.20494638533379453,0.011415977262516232
TATAINVEST,2017,Financial Services,0.05237413928336348,,,,
TATAINVEST,2018,Financial Services,0.006498021503981318,,,,
TATAINVEST,2019,Financial Services,0.004431230468296656,,,,
TATAINVEST,2020,Financial Services,-0.0032691564744947105,,,,
TATAINVEST,2021,Financial Services,0.004574019649004954,,,,
TATAINVEST,2022,Financial Services,0.004371590947528999,,,,
TATAINVEST,2023,Financial Services,0.0010541020359390479,0.011401182794475233,,,
TATAINVEST,2024,Financial Services,-0.006548492614578085,,,-1.4663072776280324,
TATAINVEST,2025,Financial Services,-0.0037547016286542108,,,0.8230317679558011,1.6188071635674675
TATAINVEST,2026,Financial Services,-0.004161444953650789,1.5925459051357156e-05,,0.9225900039562178,1.3514076198511704
TATAPOWER,2017,Power,-0.07385832011537952,0.5893498263777801,,,
TATAPOWER,2018,Power,-0.0483021499100032,0.5933346195834015,0.003984793205621395,,
TATAPOWER,2019,Power,-0.026376939019029075,0.5769484393644414,-0.0163861802189601,,
TATAPOWER,2020,Power,-0.07090066664874989,0.5791667832929333,0.0022183439284918505,,
TATAPOWER,2021,Power,-0.07316153976834792,0.47344813493184923,-0.10571864836108402,,
TATAPOWER,2022,Power,-0.043991740914415,0.4548656112719335,-0.01858252365991575,,
TATAPOWER,2023,Power,-0.029892782093199687,0.41315062264951935,-0.04171498862241413,,
TATAPOWER,2024,Power,-0.08251209598545606,0.38610392767147245,-0.027046694978046903,0.20005314773641322,
TATAPOWER,2025,Power,-0.07624021004742201,0.4024871745458993,0.016383246874426827,0.21901492714940268,0.01340800280628833
TATAPOWER,2026,Power,-0.02759671740328947,0.4361790822679376,0.03369190772203834,0.20262176884888455,0.010286581323842496
TATASTEEL,2017,Metals & Mining,-0.08736091481128416,0.48139029316596715,,,
TATASTEEL,2018,Metals & Mining,0.02592413052108415,0.4414819146641559,-0.03990837850181128,,
TATASTEEL,2019,Metals & Mining,-0.06494563984619552,0.43310877735879144,-0.008373137305364431,,
TATASTEEL,2020,Metals & Mining,-0.07470297306287897,0.4669019099886847,0.03379313262989325,,
TATASTEEL,2021,Metals & Mining,-0.15102530577056159,0.36284573779282364,-0.10405617219586105,,
TATASTEEL,2022,Metals & Mining,-0.014967194266643908,0.2675479895009473,-0.09529774829187632,,
TATASTEEL,2023,Metals & Mining,-0.04527985662577071,0.2974572714424859,0.02990928194153858,,
TATASTEEL,2024,Metals & Mining,-0.07416676141412268,0.3233498106028678,0.025892539160381922,0.11004057910502289,
TATASTEEL,2025,Metals & Mining,-0.0742357707645193,0.34415718689902486,0.020807376296157032,0.1438483291931568,0.023905689343979585
TATASTEEL,2026,Metals & Mining,-0.11043674676142445,0.311558600381998,-0.03259858651702685,0.15238832462719773,0.02239504051810742
TATATECH,2019,Information Technology,-0.00723229278225112,,,,
TATATECH,2020,Information Technology,-0.006144626075601055,0.10034667972545452,,,
TATATECH,2021,Information Technology,-0.2445524850744389,0.0745144469355367,-0.025832232789917822,,
TATATECH,2022,Information Technology,0.11277145566619251,0.06198198198198198,-0.012532464953554721,,
TATATECH,2023,Information Technology,0.042807047225020566,0.04909371947984036,-0.012888262502141618,,
TATATECH,2024,Information Technology,-0.022531873395574296,0.04614113209711885,-0.0029525873827215138,0.17764046820203738,
TATATECH,2025,Information Technology,-0.10392948622721605,0.035499975240950575,-0.010641156856168274,0.1412065342344387,0.025762681773791925
TATATECH,2026,Information Technology,-0.06714897603313714,0.10586502485849562,0.07036504961754506,0.1606603269194956,0.018230957152435313
TBOTEK,2018,Consumer Services,0.049502617360421476,,,,
TBOTEK,2019,Consumer Services,-0.08121028744326779,0.025960665658093796,,,
TBOTEK,2020,Consumer Services,0.09602774274905423,0.020832282471626735,-0.005128383186467061,,
TBOTEK,2021,Consumer Services,-0.14709200409601333,0.014631098460523803,-0.006201184011102931,,
TBOTEK,2022,Consumer Services,-0.1294143556023973,0.04986550471126771,0.03523440625074391,,
TBOTEK,2023,Consumer Services,-0.03641616463312132,0.027608261367590203,-0.022257243343677506,,
TBOTEK,2024,Consumer Services,-0.03635712034800018,0.04334760677792951,0.015739345410339306,0.13095999431535565,
TBOTEK,2025,Consumer Services,-0.03788412237775196,0.03451159598003877,-0.008836010797890738,0.12798184437672916,0.002105870016993095
TBOTEK,2026,Consumer Services,0.011193716984823498,0.08128317642278345,0.046771580442744674,0.14907429410875153,0.011415549846297765
TCS,2017,Information Technology,0.010416972042254209,0.002824113433594246,,,
TCS,2018,Information Technology,0.0072199075395239995,0.0023495614786066244,-0.0004745519549876217,,
TCS,2019,Information Technology,0.025276336467634174,0.0005443323588028199,-0.0018052291198038045,,
TCS,2020,Information Technology,-0.0002414111731750564,0.06804465274251417,0.06750032038371136,,
TCS,2021,Information Technology,-0.049018401132377376,0.05996522862945412,-0.00807942411306005,,
TCS,2022,Information Technology,-0.01150974993613579,0.05547671085123897,-0.004488517778215156,,
TCS,2023,Information Technology,0.0012739834382153033,0.053815300401094786,-0.001661410450144181,,
TCS,2024,Information Technology,-0.21968488781346238,0.05513775846898372,0.001322458067888936,0.26626858205805576,
TCS,2025,Information Technology,-0.24110457677010255,0.059199868892964976,0.004062110423981254,0.272318034790645,0.004277609049681309
TCS,2026,Information Technology,-0.21386345195317027,0.06227955422345129,0.0030796853304863175,0.2567416118989969,0.007852642749152327
TECHM,2017,Information Technology,-0.04829796215988026,0.05243120850443259,,,
TECHM,2018,Information Technology,0.00809361383308031,0.07875418153617644,0.02632297303174385,,
TECHM,2019,Information Technology,-0.004018441777442897,0.05966369469410209,-0.01909048684207435,,
TECHM,2020,Information Technology,-0.008711637042813244,0.09835762462517987,0.03869392993107778,,
TECHM,2021,Information Technology,-0.09256626575997616,0.07324901077978582,-0.02510861384539405,,
TECHM,2022,Information Technology,0.006322117278877873,0.05895239274577569,-0.014296618034010132,,
TECHM,2023,Information Technology,-0.016162890161301582,0.0597941833670833,0.0008417906213076115,,
TECHM,2024,Information Technology,-0.12498986073869443,0.0587891752087529,-0.001005008158330399,0.136162461612573,
TECHM,2025,Information Technology,-0.10535482734160743,0.04575006890070618,-0.013039106308046722,0.16435539004529914,0.019935410876287675
TECHM,2026,Information Technology,-0.09573154733697121,0.0444641502449779,-0.0012859186557282812,0.17427554910609155,0.019773122362156326
TECHNOE,2017,Construction,-0.10736408856348048,0.2820608279299682,,,
TECHNOE,2018,Construction,-0.0033651266610754903,0.034771239106314036,-0.2472895888236542,,
TECHNOE,2019,Construction,-0.0020918428044573102,0.022048617995796486,-0.01272262111051755,,
TECHNOE,2020,Construction,0.03249385660769331,,,,
TECHNOE,2021,Construction,0.02561506576289039,0.018160273493718813,,,
TECHNOE,2022,Construction,0.00183625531103065,,,,
TECHNOE,2023,Construction,0.03376816618993962,,,,
TECHNOE,2024,Construction,0.10430137258238331,,,0.14150735756508614,
TECHNOE,2025,Construction,-0.06617206799608234,0.007750078313659093,,0.14456546663609263,0.002162409661716786
TECHNOE,2026,Construction,0.11539390377564653,0.012242099379028839,0.004492021065369746,0.1579147761525526,0.008725054731067702
TEGA,2017,Capital Goods,-0.08391160456923241,0.3178712501334472,,,
TEGA,2018,Capital Goods,-0.02054883769415199,0.3243250286667361,0.006453778533288934,,
TEGA,2019,Capital Goods,-0.04590322621731433,0.3212206895673328,-0.0031043390994033304,,
TEGA,2020,Capital Goods,-0.07140829235608752,0.32557320826282976,0.004352518695496965,,
TEGA,2021,Capital Goods,-0.03351888904296837,0.22619307038570496,-0.0993801378771248,,
TEGA,2022,Capital Goods,0.08818376817043677,0.20950802020219284,-0.01668505018351213,,
TEGA,2023,Capital Goods,0.003363345669692444,0.22148981483186342,0.011981794629670584,,
TEGA,2024,Capital Goods,-0.10499201511027637,0.16341700224425804,-0.05807281258760538,0.22312898575512496,
TEGA,2025,Capital Goods,-0.08392532312111058,0.15780277644806126,-0.005614225796196776,0.11438904163880013,0.07689075187049951
TEGA,2026,Capital Goods,-0.10640262648058563,0.09243726725368044,-0.06536550919438082,0.03224945457921367,0.09574817894758847
TEJASNET,2017,Telecommunication,-0.05482087272586663,0.2721033196063647,,,
TEJASNET,2018,Telecommunication,-0.0999947359317777,0.001707062123525121,-0.2703962574828396,,
TEJASNET,2019,Telecommunication,0.1443467400080743,0.000750656035526847,-0.000956406087998274,,
TEJASNET,2020,Telecommunication,-0.19154010393586593,0.0224630383112436,0.021712382275716754,,
TEJASNET,2021,Telecommunication,-0.09155563008811782,0.016693600024392474,-0.005769438286851128,,
TEJASNET,2022,Telecommunication,-0.02150588592117984,0.009364396337649045,-0.007329203686743429,,
TEJASNET,2023,Telecommunication,0.0954267454740799,0.013831089691090856,0.004466693353441811,,
TEJASNET,2024,Telecommunication,0.26847204460087315,0.22972424361751798,0.2158931539264271,0.1406231076662226,
TEJASNET,2025,Telecommunication,0.02819163121285953,0.32564325839206193,0.09591901477454395,-0.43762834512207044,0.40888552349757473
TEJASNET,2026,Telecommunication,-0.03588425914601397,0.4442411937809551,0.11859793538889318,-0.2495524169484782,0.2949531706950802
TENNIND,2023,Automobile and Auto Components,-0.06438997884129323,0.012863999736545284,,,
TENNIND,2024,Automobile and Auto Components,-0.16975529797447608,0.007071771455333099,-0.0057922282812121854,0.15846168887150816,
TENNIND,2025,Automobile and Auto Components,-0.15670250187181262,0.0069539604729682005,-0.00011781098236489807,0.1731245039914103,0.010368176002567443
TENNIND,2026,Automobile and Auto Components,-0.4983820045800504,0.020298846316055007,0.013344885843086806,0.1598187408965852,0.008102294623282201
THELEELA,2023,Consumer Services,-0.0646749064766813,0.6609264850549907,,,
THELEELA,2024,Consumer Services,-0.06829494170807449,0.6305822678695586,-0.03034421718543212,0.5041300005398693,
THELEELA,2025,Consumer Services,-0.04899493839945029,0.5010222400727786,-0.12956002779678,0.5145049515772905,0.007336198233038896
THELEELA,2026,Consumer Services,-0.08157051623263471,0.20293734990794166,-0.29808489016483697,0.3629957949767019,0.08463798213843568
THERMAX,2017,Capital Goods,-0.022117332677828744,0.026906745221490506,,,
THERMAX,2018,Capital Goods,-0.050852146221004764,0.039422726598027175,0.012515981376536669,,
THERMAX,2019,Capital Goods,0.0649259798174974,0.035384180358289496,-0.004038546239737678,,
THERMAX,2020,Capital Goods,-0.019008717159429252,0.03869457681114614,0.0033103964528566412,,
THERMAX,2021,Capital Goods,-0.0866018652709443,0.0504457019074257,0.011751125096279562,,
THERMAX,2022,Capital Goods,-0.0016626396818458487,0.04930397075899501,-0.0011417311484306913,,
THERMAX,2023,Capital Goods,-0.0010491528684767456,0.09399708002761523,0.04469310926862022,,
THERMAX,2024,Capital Goods,-0.012957647033300365,0.12597022107875863,0.031973141051143406,0.07453968806352622,
THERMAX,2025,Capital Goods,-0.07692902420917146,0.1509095461713839,0.02493932509262528,0.09667587714637073,0.015652649410106974
THERMAX,2026,Capital Goods,-0.03899045156457201,0.17765723503167208,0.026747688860288166,0.029799412002275562,0.03406896133657374
TIINDIA,2017,Automobile and Auto Components,-0.06866457200274327,0.27131533198296626,,,
TIINDIA,2018,Automobile and Auto Components,-0.07901896660536718,0.23443581822738788,-0.03687951375557838,,
TIINDIA,2019,Automobile and Auto Components,-0.07552718554721904,0.18250785964011357,-0.05192795858727431,,
TIINDIA,2020,Automobile and Auto Components,-0.09405668983563129,0.13448171751177657,-0.048026142128337,,
TIINDIA,2021,Automobile and Auto Components,0.002095309356384436,0.2284570577408882,0.09397534022911164,,
TIINDIA,2022,Automobile and Auto Components,-0.01428288105149049,0.09813888707340104,-0.13031817066748716,,
TIINDIA,2023,Automobile and Auto Components,-0.04192483471883928,0.0707685050083871,-0.027370382065013937,,
TIINDIA,2024,Automobile and Auto Components,-0.03674602768847829,0.0683955623349401,-0.0023729426734470094,0.10199034956839047,
TIINDIA,2025,Automobile and Auto Components,-0.06418563410101508,0.04428879914304121,-0.02410676319189889,0.10078624510643873,0.0008514304303030533
TIINDIA,2026,Automobile and Auto Components,-0.04632306094586868,0.035193409491359295,-0.009095389651681912,0.08814817555946346,0.007667859878772022
TIMKEN,2025,Capital Goods,-0.09868683305659036,0.0050559364953728,,0.12925981504995704,0.023189403536441854
TIMKEN,2026,Capital Goods,-0.08810347623939016,0.003935773368654376,-0.0011201631267184235,0.18830301488360257,0.029582022810557114
TITAGARH,2017,Capital Goods,0.0757002860885279,0.13790134955120095,,,
TITAGARH,2018,Capital Goods,-0.008386578499118577,0.23206462314323756,0.0941632735920366,,
TITAGARH,2019,Capital Goods,0.03567308908783759,0.3335826393695162,0.10151801622627865,,
TITAGARH,2020,Capital Goods,-0.08272182628944715,0.3212293822715047,-0.012353257098011494,,
TITAGARH,2021,Capital Goods,-0.03358283210208466,0.3439752748480061,0.022745892576501392,,
TITAGARH,2022,Capital Goods,-0.02061228855702721,0.3452107955547716,0.0012355207067654694,,
TITAGARH,2023,Capital Goods,0.039713889185438236,0.1571385359951603,-0.18807225955961127,,
TITAGARH,2024,Capital Goods,-0.0071570255128372545,0.051523121980338385,-0.10561541401482193,0.10363785497350862,
TITAGARH,2025,Capital Goods,0.03791180592303826,0.1667327027551674,0.11520958077482903,0.10929500276422374,0.004000207564989162
TITAGARH,2026,Capital Goods,-0.06680861072255302,0.15427008157656932,-0.012462621178598088,0.12325669546577436,0.010098111097952028
TITAN,2017,Consumer Durables,-0.1190391516216933,0.2238970356476366,,,
TITAN,2018,Consumer Durables,0.12406312755749369,0.17760769831867104,-0.04628933732896556,,
TITAN,2019,Consumer Durables,0.013768761998456001,0.20435633620954685,0.02674863789087581,,
TITAN,2020,Consumer Durables,0.1365180153573538,0.262994683992912,0.05863834778336513,,
TITAN,2021,Consumer Durables,-0.19253223060082705,0.3428606178545366,0.0798659338616246,,
TITAN,2022,Consumer Durables,0.13672833679441193,0.3433547290919388,0.0004941112374022283,,
TITAN,2023,Consumer Durables,0.0695780903034789,0.34666913397483345,0.0033144048828946393,,
TITAN,2024,Consumer Durables,-0.020540780422861126,0.4922179605033759,0.14554882652854245,0.0943630214205186,
TITAN,2025,Consumer Durables,0.0547422807233362,0.5111821872309017,0.01896422672752579,0.10674378344350016,0.008754520782707139
TITAN,2026,Consumer Durables,-0.06296131173527518,0.5056224302769109,-0.005559756953990802,0.1353249672223263,0.021008126754262522
TMCV,2025,Capital Goods,-0.16738169943010822,0.21184179633305586,,0.1184144276101982,0.007343521784566953
TMCV,2026,Capital Goods,-0.23745435775870308,0.10734290466267755,-0.1044988916703783,0.15832002709633716,0.026550225613982195
TMPV,2017,Automobile and Auto Components,-0.08344287901006514,0.2883699324485447,,,
TMPV,2018,Automobile and Auto Components,-0.04544279393790449,0.2718603194866033,-0.016509612961941422,,
TMPV,2019,Automobile and Auto Components,-0.15608909142646685,0.34731477877468786,0.07545445928808459,,
TMPV,2020,Automobile and Auto Components,-0.12088157829271896,0.38974288757311953,0.042428108798431674,,
TMPV,2021,Automobile and Auto Components,-0.1242846596177046,0.41610975041683274,0.0263668628437132,,
TMPV,2022,Automobile and Auto Components,-0.07817475086495232,0.445050649956031,0.02894089953919826,,
TMPV,2023,Automobile and Auto Components,-0.09852476629302095,0.40072807474416255,-0.04432257521186844,,
TMPV,2024,Automobile and Auto Components,-0.16916223976445183,0.2902784956741295,-0.11044957907003305,0.11010669828097214,
TMPV,2025,Automobile and Auto Components,-0.17663864520801226,0.1897748645128431,-0.10050363116128641,0.012537798824670508,0.06899163043845932
TMPV,2026,Automobile and Auto Components,-0.03234798477803945,0.20862683252942463,0.01885196801658154,0.06446831386548921,0.04881825250452606
TORNTPHARM,2017,Healthcare,-0.007842152847506643,0.2614533553873267,,,
TORNTPHARM,2018,Healthcare,-0.015167961087341447,0.45371328593755045,0.19225993055022372,,
TORNTPHARM,2019,Healthcare,-0.09648972396485048,0.4278268484888851,-0.025886437448665367,,
TORNTPHARM,2020,Healthcare,-0.02628100164599772,0.41288061020404376,-0.014946238284841318,,
TORNTPHARM,2021,Healthcare,-0.05353383565488306,0.3463055919685392,-0.06657501823550455,,
TORNTPHARM,2022,Healthcare,-0.0794814617380066,0.31532323798956785,-0.030982353978971366,,
TORNTPHARM,2023,Healthcare,-0.07685878968453605,0.36746016915915297,0.05213693116958512,,
TORNTPHARM,2024,Healthcare,-0.19048564505065335,0.27727095677831437,-0.0901892123808386,0.32538269846920614,
TORNTPHARM,2025,Healthcare,-0.13546579195434158,0.22245145909268046,-0.054819497685633906,0.3293975174084166,0.0028389056971518797
TORNTPHARM,2026,Healthcare,-0.05632887288372068,0.34451338559062533,0.12206192649794487,0.3381426539321276,0.006524475040807571
TORNTPOWER,2017,Power,-0.09267991918251411,0.42169663816764963,,,
TORNTPOWER,2018,Power,-0.08062276246478933,0.4116197109836058,-0.010076927184043849,,
TORNTPOWER,2019,Power,-0.062143820464536925,0.3957215483043705,-0.015898162679235273,,
TORNTPOWER,2020,Power,-0.1032174478184719,0.3774245673676174,-0.018296980936753082,,
TORNTPOWER,2021,Power,-0.07215336081741175,0.33241842595671894,-0.04500614141089848,,
TORNTPOWER,2022,Power,-0.10858194350953553,0.36588697264801145,0.03346854669129251,,
TORNTPOWER,2023,Power,-0.044803530317998455,0.352891532506035,-0.012995440141976455,,
TORNTPOWER,2024,Power,-0.11350533065675253,0.3490297394534614,-0.0038617930525736144,0.17103631423304994,
TORNTPOWER,2025,Power,-0.11415187207665878,0.242458935052831,-0.10657080440063038,0.20701783893760137,0.025442780116019612
TORNTPOWER,2026,Power,-0.10712204465438725,0.31014626017897184,0.06768732512614084,0.18930349636577368,0.017991470182128044
TRAVELFOOD,2016,Consumer Services,-0.1157622558440197,0.20828820014675564,,,
TRAVELFOOD,2020,Consumer Services,-0.00042474869035820075,0.029151918448251452,-0.17913628169850418,,
TRAVELFOOD,2021,Consumer Services,-0.11114254282571115,0.04122269369794122,0.012070775249689771,,
TRAVELFOOD,2022,Consumer Services,-0.04513869663916726,0.053042467194507496,0.011819773496566273,,
TRAVELFOOD,2023,Consumer Services,-0.058792182058364346,0.2874384532244506,0.2343959860299431,,
TRAVELFOOD,2024,Consumer Services,-0.15042766279775763,0.2452621092529606,-0.042176343971490005,0.38362499087302554,
TRAVELFOOD,2025,Consumer Services,-0.2008219768437981,0.17505899418204368,-0.07020311507091692,0.39732994278448824,0.009690864432430814
TRAVELFOOD,2026,Consumer Services,-0.11677961269381758,0.1073710989758098,-0.06768789520623388,0.35796736101897303,0.019981460239723643
TRENT,2017,Consumer Services,-0.007910901113736078,0.17628079649004388,,,
TRENT,2018,Consumer Services,0.004328170352675246,0.16757425530639677,-0.00870654118364711,,
TRENT,2019,Consumer Services,0.029694070565430122,0.19311697853647858,0.025542723230081804,,
TRENT,2020,Consumer Services,-0.04327652959678064,0.05443207159304699,-0.13868490694343158,,
TRENT,2021,Consumer Services,-0.07533548927010882,0.5177794899479885,0.46334741835494153,,
TRENT,2022,Consumer Services,0.0061804137188358295,0.6116163302709544,0.09383684032296591,,
TRENT,2023,Consumer Services,-0.018591776557161824,0.5523879760391907,-0.05922835423176376,,
TRENT,2024,Consumer Services,-0.11892763640171745,0.24477118022829616,-0.3076167958108945,0.1819733880804714,
TRENT,2025,Consumer Services,-0.12188682370026882,0.23750270710982588,-0.007268473118470287,0.2022559148073174,0.014341912188150193
TRENT,2026,Consumer Services,-0.18319438499801338,0.21837681970025358,-0.0191258874095723,0.19447721952974173,0.010232585137347273
TRIDENT,2017,Textiles,-0.10695972354507834,0.4607706003062737,,,
TRIDENT,2018,Textiles,-0.03409284507810104,0.4539563244239571,-0.006814275882316589,,
TRIDENT,2019,Textiles,-0.0461220325987726,0.39566703378459595,-0.05828929063936117,,
TRIDENT,2020,Textiles,-0.15130148464116558,0.3446683793590561,-0.05099865442553986,,
TRIDENT,2021,Textiles,-0.03474569663787652,0.2706764963225421,-0.073991883036514,,
TRIDENT,2022,Textiles,-0.010606968884889044,0.2460576379268099,-0.02461885839573219,,
TRIDENT,2023,Textiles,-0.14432221236164686,0.21120034443673172,-0.034857293490078184,,
TRIDENT,2024,Textiles,-0.027448408626944927,0.28107778635724184,0.06987744192051012,0.1282054358193019,
TRIDENT,2025,Textiles,-0.12579181981700163,0.22836111452479638,-0.052716671832445466,0.08623909149803742,0.029674686651175675
TRIDENT,2026,Textiles,-0.07988637132587573,0.2426126103414831,0.014251495816686721,0.16778876557926609,0.04078063959227796
TRITURBINE,2017,Capital Goods,0.0642923505729328,0.0006503561474140601,,,
TRITURBINE,2018,Capital Goods,0.006221457409491035,0.00014560857766893903,-0.000504747569745121,,
TRITURBINE,2019,Capital Goods,-0.06408792271829529,6.71781160569133e-05,-7.843046161202572e-05,,
TRITURBINE,2020,Capital Goods,-0.07974004913410221,0.0014159334874320776,0.0013487553713751642,,
TRITURBINE,2021,Capital Goods,-0.08943072282803569,0.0037965872898694394,0.0023806538024373617,,
TRITURBINE,2022,Capital Goods,-0.12078545691307147,0.001612939026465518,-0.0021836482634039213,,
TRITURBINE,2023,Capital Goods,-0.002321348298046366,0.002741401799597633,0.001128462773132115,,
TRITURBINE,2024,Capital Goods,-0.10693928870793916,0.0018680397557178782,-0.0008733620438797548,0.21712355979340486,
TRITURBINE,2025,Capital Goods,-0.04641797267799769,0.01920879013072376,0.017340750375005883,0.21346153846153845,0.0025894401166125214
TRITURBINE,2026,Capital Goods,-0.023764994579913518,0.014239142951306578,-0.004969647179417183,0.11587982832618025,0.057425159576884065
TTML,2009,Telecommunication,-0.12192068983501679,0.8305761622463349,,0.2218491864311001,0.04816661980071097
TTML,2010,Telecommunication,-0.13609377631844355,0.8193075740971408,-0.01126858814919407,0.25843257161248795,0.03409011440482953
TTML,2011,Telecommunication,-0.028318151187491234,0.7957542442164748,-0.023553329880666052,,0.02586835974051883
TVSMOTOR,2017,Automobile and Auto Components,-0.029066769365335282,0.21390479050124347,,,
TVSMOTOR,2018,Automobile and Auto Components,0.022587810739710244,0.5251995784781242,0.3112947879768807,,
TVSMOTOR,2019,Automobile and Auto Components,0.0971827012743397,0.5568865072838661,0.031686928805741976,,
TVSMOTOR,2020,Automobile and Auto Components,0.01303382027036914,0.6014605516659516,0.044574044382085454,,
TVSMOTOR,2021,Automobile and Auto Components,-0.025475793125748054,0.5570144527321431,-0.044446098933808464,,
TVSMOTOR,2022,Automobile and Auto Components,0.08663031082019831,0.5879546493010539,0.030940196568910783,,
TVSMOTOR,2023,Automobile and Auto Components,0.16369893794465254,0.6388543575447386,0.05089970824368473,,
TVSMOTOR,2024,Automobile and Auto Components,0.04327765086617171,0.6188297163525605,-0.020024641192178172,0.14798257887716043,
TVSMOTOR,2025,Automobile and Auto Components,-0.055856879063539006,0.6003814409342617,-0.018448275418298743,0.15366520461495087,0.004018223194136825
TVSMOTOR,2026,Automobile and Auto Components,-0.01508862133858349,0.5840350502853117,-0.01634639064895005,0.14379166789399786,0.0049555137225215885
UBL,2017,Fast Moving Consumer Goods,-0.07021680398329871,0.13263223703306765,,,
UBL,2018,Fast Moving Consumer Goods,-0.03580033111601339,0.0660665365349683,-0.06656570049809934,,
UBL,2019,Fast Moving Consumer Goods,-0.014876281709602335,0.03927821246896132,-0.02678832406600698,,
UBL,2020,Fast Moving Consumer Goods,-0.014423068261863542,0.04542924211334161,0.0061510296443802875,,
UBL,2021,Fast Moving Consumer Goods,-0.0866449311023622,0.04476466808836396,-0.0006645740249776461,,
UBL,2022,Fast Moving Consumer Goods,-0.08978520198140626,0.0016371646459841561,-0.043127503442379804,,
UBL,2023,Fast Moving Consumer Goods,0.06744007935812903,0.0024871066924187827,0.0008499420464346266,,
UBL,2024,Fast Moving Consumer Goods,-0.004409239838545263,0.01446542574684158,0.011978319054422797,0.0707308049953506,
UBL,2025,Fast Moving Consumer Goods,-0.01611861667390265,0.07539776645153287,0.06093234070469129,0.10891485584159946,0.027000201286554504
UBL,2026,Fast Moving Consumer Goods,-0.0277140118668217,0.135828784316234,0.06043101786470112,0.0921463646857046,0.019139097120490292
UCOBANK,2021,Financial Services,-0.008820310038215776,0.873861167512089,,,
UCOBANK,2022,Financial Services,-0.013990212780234091,0.8876249601825844,0.013763792670495434,0.6209675502198978,
UCOBANK,2023,Financial Services,-0.008239647888141279,0.8973623968194178,0.009737436636833352,0.6267937585218727,0.004119751398931804
UCOBANK,2024,Financial Services,-0.0011175760539109368,0.8915549124095634,-0.0058074844098543466,0.5872272490498331,0.021361418874634955
UCOBANK,2025,Financial Services,-0.00344082178134403,0.8892501460766582,-0.002304766332905217,0.5471110920011446,0.03984164921287267
ULTRACEMCO,2017,Construction Materials,-0.054256059888493274,0.20077395614359078,,,
ULTRACEMCO,2018,Construction Materials,-0.0291480264027165,0.34091439277759666,0.14014043663400588,,
ULTRACEMCO,2019,Construction Materials,-0.0464238199697695,0.3310928127495496,-0.009821580028047061,,
ULTRACEMCO,2020,Construction Materials,-0.04061375156680382,0.2905927640647508,-0.040500048684798784,,
ULTRACEMCO,2021,Construction Materials,-0.08166196410035932,0.2520342298089905,-0.038558534255760335,,
ULTRACEMCO,2022,Construction Materials,-0.023134431290048225,0.1348121449768671,-0.11722208483212337,,
ULTRACEMCO,2023,Construction Materials,-0.04382285479161834,0.12100778722789571,-0.013804357748971402,,
ULTRACEMCO,2024,Construction Materials,-0.09462682015387149,0.11312774741259944,-0.007880039815296266,0.16274861731621257,
ULTRACEMCO,2025,Construction Materials,-0.06696020401092373,0.18036225738045197,0.06723450996785253,0.1791492133645569,0.011596972681285561
ULTRACEMCO,2026,Construction Materials,-0.08998741111176371,0.16810015348678237,-0.012262103893669607,0.20348139012179386,0.02049468694124363
UNIONBANK,2017,Financial Services,0.015794243523888116,0.9182300933584687,,,
UNIONBANK,2018,Financial Services,-0.023028747527337995,0.9284255493305614,0.010195455972092704,,
UNIONBANK,2019,Financial Services,0.009739750372126436,0.9241845058774255,-0.004241043453135918,,
UNIONBANK,2020,Financial Services,0.008209407061695807,0.9093464830258573,-0.014838022851568211,,
UNIONBANK,2021,Financial Services,-0.01631957577828214,0.9031749554268226,-0.006171527599034721,,
UNIONBANK,2022,Financial Services,-0.0260298837055626,0.9094020977870185,0.0062271423601959475,,
UNIONBANK,2023,Financial Services,0.0019061562830200078,0.902745442992898,-0.006656654794120476,,
UNIONBANK,2024,Financial Services,-0.010917763661664321,0.8927041948360606,-0.01004124815683749,0.6970163983384973,
UNIONBANK,2025,Financial Services,0.003491336763024591,0.886491808738218,-0.0062123860978425816,0.7019211623919897,0.0034681919223444433
UNIONBANK,2026,Financial Services,0.0037792061946049366,0.8740498953107286,-0.012441913427489348,0.6941820316402392,0.003915449948458781
UNITDSPR,2017,Fast Moving Consumer Goods,-0.06145527715014781,0.4657876100225947,,,
UNITDSPR,2018,Fast Moving Consumer Goods,-0.03263573013063256,0.38328217078581195,-0.08250543923678277,,
UNITDSPR,2019,Fast Moving Consumer Goods,-0.027237097783486472,0.31652559584582113,-0.06675657493999082,,
UNITDSPR,2020,Fast Moving Consumer Goods,-0.014055203138957683,0.29062496466411114,-0.025900631181709988,,
UNITDSPR,2021,Fast Moving Consumer Goods,-0.16850156857676626,0.12182025402718866,-0.16880471063692248,,
UNITDSPR,2022,Fast Moving Consumer Goods,-0.0167888976644477,0.06830644251382151,-0.05351381151336715,,
UNITDSPR,2023,Fast Moving Consumer Goods,0.05372581309180733,0.018834911486208316,-0.04947153102761319,,
UNITDSPR,2024,Fast Moving Consumer Goods,-0.07006084466714388,0.023711524695776663,0.004876613209568347,0.16457908534809204,
UNITDSPR,2025,Fast Moving Consumer Goods,-0.11604432301153612,0.03642987249544627,0.012718347799669606,0.16635058249796802,0.0012526376475299594
UNITDSPR,2026,Fast Moving Consumer Goods,-0.06892256591239361,0.028579337070098954,-0.007850535425347315,0.1584194977843427,0.004162948190930225
UNOMINDA,2017,Automobile and Auto Components,-0.07067366243472749,0.21250479638311007,,,
UNOMINDA,2018,Automobile and Auto Components,-0.015990561972714118,0.18238333962337042,-0.03012145675973965,,
UNOMINDA,2019,Automobile and Auto Components,-0.030338271132195446,0.2558956940219305,0.0735123543985601,,
UNOMINDA,2020,Automobile and Auto Components,-0.16007776593171288,0.23593180250320292,-0.0199638915187276,,
UNOMINDA,2021,Automobile and Auto Components,-0.02276563673685848,0.19393451700814562,-0.041997285495057296,,
UNOMINDA,2022,Automobile and Auto Components,-0.003983600745527641,0.13948045490719888,-0.05445406210094675,,
UNOMINDA,2023,Automobile and Auto Components,-0.018034113493107025,0.16877723896258787,0.02929678405538899,,
UNOMINDA,2024,Automobile and Auto Components,-0.07555741272672636,0.1726423847157061,0.003865145753118221,0.10922349240796465,
UNOMINDA,2025,Automobile and Auto Components,-0.06775973613565588,0.21081185684557985,0.03816947212987376,0.11030557625855408,0.0007651488285642416
UNOMINDA,2026,Automobile and Auto Components,-0.10399125157134452,0.2000312443880553,-0.010780612457524541,0.10287842932596704,0.00401234018440761
UPL,2017,Chemicals,-0.04245002968533544,0.31877102711260635,,,
UPL,2018,Chemicals,-0.03559137442822914,0.2891744717926378,-0.029596555319968576,,
UPL,2019,Chemicals,-0.013854408584928325,0.466709377752863,0.1775349059602252,,
UPL,2020,Chemicals,-0.10175659086923482,0.4294733150172444,-0.03723606273561858,,
UPL,2021,Chemicals,-0.06312804479022759,0.3565622046099033,-0.0729111104073411,,
UPL,2022,Chemicals,-0.03560661513839435,0.3318238775231691,-0.02473832708673418,,
UPL,2023,Chemicals,-0.04855135574522441,0.27798873599256807,-0.05383514153060104,,
UPL,2024,Chemicals,-0.01753582334977684,0.3494714587737844,0.07148272278121631,0.15384615384615385,
UPL,2025,Chemicals,-0.11341440729200576,0.2918081197972376,-0.057663338976546796,0.18224794196756053,0.02008309697847018
UPL,2026,Chemicals,-0.08424703873538161,0.25318141303063824,-0.03862670676659935,0.1342697181023475,0.024124014211932592
URBANCO,2020,Consumer Services,-0.019954972134394643,,,,
URBANCO,2021,Consumer Services,-0.1674136119181554,,,,
URBANCO,2022,Consumer Services,-0.11092283338164144,,,,
URBANCO,2023,Consumer Services,-0.04564903787378665,0.062415951490256485,,,
URBANCO,2024,Consumer Services,0.19294523837021998,0.06352081598414715,0.0011048644938906615,-0.006599055293136982,
URBANCO,2025,Consumer Services,-0.03431002104215219,0.05443355883883522,-0.009087257145311924,-0.11056234974391137,0.07351315050063634
URBANCO,2026,Consumer Services,0.002394764625169672,0.04995162649029035,-0.0044819323485448745,-0.18436991331339667,0.08931069457646282
USHAMART,2017,Capital Goods,-0.1351283533750076,0.5643926900596141,,,
USHAMART,2018,Capital Goods,-0.15915925596113525,0.5470061018278621,-0.017386588231751987,,
USHAMART,2019,Capital Goods,-0.1325008438359926,0.5098442765036013,-0.03716182532426082,,
USHAMART,2020,Capital Goods,0.0811530160128008,0.24382860445276164,-0.26601567205083965,,
USHAMART,2021,Capital Goods,-0.024825551227143524,0.2051641483569675,-0.038664456095794136,,
USHAMART,2022,Capital Goods,0.0486020056110228,0.15067354248921377,-0.05449060586775373,,
USHAMART,2023,Capital Goods,0.03205201174752576,0.13547382012495568,-0.015199722364258095,,
USHAMART,2024,Capital Goods,-0.10602168906703206,0.10981259752685478,-0.0256612225981009,0.16580286796662563,
USHAMART,2025,Capital Goods,-0.08420564604739163,0.1116747868126685,0.0018621892858137201,0.191854315468077,0.018421155188001588
USHAMART,2026,Capital Goods,-0.12215585960737657,0.05438905413444378,-0.05728573267822472,0.2013649564375605,0.01841101275951385
UTIAMC,2017,Financial Services,-0.0014052692882641237,,,,
UTIAMC,2018,Financial Services,0.033398690247441284,,,,
UTIAMC,2019,Financial Services,0.07636886173492585,,,,
UTIAMC,2020,Financial Services,0.02872731638275286,,,,
UTIAMC,2021,Financial Services,0.09347322859451833,,,,
UTIAMC,2022,Financial Services,0.049522475295251854,,,,
UTIAMC,2023,Financial Services,0.010043282162814707,,,,
UTIAMC,2024,Financial Services,-0.032658555856372,,,0.5574979644618996,
UTIAMC,2025,Financial Services,-0.07340931463078851,0.025169614785779042,,0.5845918821186162,0.019158292903974274
UTIAMC,2026,Financial Services,-0.022340176627579113,0.027943561659046115,0.0027739468732670726,0.6556357217528406,0.05068255276729519
VBL,2016,Fast Moving Consumer Goods,-0.16238221382052143,0.45920545889454073,,,
VBL,2017,Fast Moving Consumer Goods,-0.07764220630410512,0.5030129217284826,0.043807462833941824,,
VBL,2018,Fast Moving Consumer Goods,-0.11786242437074963,0.4681335976432183,-0.03487932408526423,,
VBL,2019,Fast Moving Consumer Goods,-0.10012679718897079,0.4079932374832549,-0.060140360159963435,,
VBL,2020,Fast Moving Consumer Goods,-0.080852383641299,0.38072559861826816,-0.027267638864986732,,
VBL,2021,Fast Moving Consumer Goods,-0.0560959467528509,0.3535431985869797,-0.027182400031288467,,
VBL,2022,Fast Moving Consumer Goods,-0.025184537417027014,0.33428557165284933,-0.019257626934130356,,
VBL,2023,Fast Moving Consumer Goods,-0.022048859630293453,0.3576246544783166,0.02333908282546726,,
VBL,2024,Fast Moving Consumer Goods,-0.1382074865866152,0.12221996869957953,-0.23540468577873708,0.15704065560793648,
VBL,2025,Fast Moving Consumer Goods,-0.12754221494147383,0.09820318299562424,-0.024016785703955296,0.1514263560728947,0.003969909272840522
VBL,2026,Fast Moving Consumer Goods,,,,0.27673486581243206,0.07078187965961683
VEDL,2017,Metals & Mining,-0.05648756511937282,0.36339402678906907,,,
VEDL,2018,Metals & Mining,-0.03894282213486946,0.32244811966712317,-0.0409459071219459,,
VEDL,2019,Metals & Mining,-0.08404677490834374,0.3335179887998066,0.01106986913268343,,
VEDL,2020,Metals & Mining,-0.14365625190193484,0.32747583505314354,-0.006042153746663059,,
VEDL,2021,Metals & Mining,-0.06745651131359812,0.3142793303396259,-0.013196504713517632,,
VEDL,2022,Metals & Mining,-0.08332688827360052,0.2762765085306811,-0.03800282180894482,,
VEDL,2023,Metals & Mining,-0.11871420653981156,0.42400042226386214,0.14772391373318106,,
VEDL,2024,Metals & Mining,-0.17067478922803772,0.4662286437236203,0.04222822145975813,0.29379358846627207,
VEDL,2025,Metals & Mining,-0.16931079323797138,0.4575322596779034,-0.008696384045716876,0.3056193466747903,0.008362073821915693
VEDL,2026,Metals & Mining,-0.14646745096013533,0.14182281510561273,-0.31570944457229067,0.3512084280107416,0.030316872898820707
VIJAYA,2018,Healthcare,-0.11552917058170326,0.14136841206116,,,
VIJAYA,2019,Healthcare,-0.10988362079570899,0.3588317791501612,0.21746336708900119,,
VIJAYA,2020,Healthcare,-0.09034733022291343,0.3343286677034733,-0.024503111446687875,,
VIJAYA,2021,Healthcare,-0.08343803118764316,0.26060527677185724,-0.07372339093161606,,
VIJAYA,2022,Healthcare,-0.06772629159308159,0.25714125529111653,-0.003464021480740709,,
VIJAYA,2023,Healthcare,-0.09371814251063383,0.29008331282736316,0.03294205753624663,,
VIJAYA,2024,Healthcare,-0.1507387358052831,0.2637266474011966,-0.026356665426166548,0.3972659486329743,
VIJAYA,2025,Healthcare,-0.14234341752969906,0.25092453733874576,-0.012802110062450855,0.4193265435407631,0.015599196256306864
VIJAYA,2026,Healthcare,-0.1443150525861783,0.2804087455625228,0.029484208223777064,0.4266170231188848,0.015282378270642466
VMM,2020,Consumer Services,-0.06924694003441446,0.10723677802668745,,,
VMM,2021,Consumer Services,-0.11834139134086762,0.09739310173835383,-0.009843676288333617,,
VMM,2022,Consumer Services,-0.055284942631817845,0.21775693997422724,0.1203638382358734,,
VMM,2023,Consumer Services,-0.03791330826369209,0.17633560986909017,-0.04142133010513707,,
VMM,2024,Consumer Services,-0.06665232398472622,0.17439172921016496,-0.0019438806589252011,0.1610426219889411,
VMM,2025,Consumer Services,-0.10869053992524805,0.17305827550147354,-0.0013334537086914233,0.16486986467451864,0.0027062692562184977
VMM,2026,Consumer Services,-0.11900155728276429,0.17363135108035946,0.0005730755788859176,0.14613054432373404,0.00990100983129839
VOLTAS,2017,Consumer Durables,0.013809276469969874,0.026425139592260744,,,
VOLTAS,2018,Consumer Durables,0.033865969702908685,0.019501371222286026,-0.006923768369974718,,
VOLTAS,2019,Consumer Durables,0.11035222390321726,0.04186742138465202,0.022366050162365994,,
VOLTAS,2020,Consumer Durables,0.0067103478885638355,0.026884304431306294,-0.014983116953345726,,
VOLTAS,2021,Consumer Durables,-0.0035780800140489065,0.030109248707177422,0.0032249442758711284,,
VOLTAS,2022,Consumer Durables,-0.008233014655875608,0.03706911253156468,0.00695986382438726,,
VOLTAS,2023,Consumer Durables,-0.002372069345797486,0.06332461530524941,0.026255502773684727,,
VOLTAS,2024,Consumer Durables,-0.05247268940666626,0.061997944045694545,-0.0013266712595548652,0.05312855261166271,
VOLTAS,2025,Consumer Durables,0.023657940210487772,0.06804957410367228,0.006051630057977736,0.047261761707975525,0.004148447631800764
VOLTAS,2026,Consumer Durables,0.009850249170810316,0.06846540582005618,0.00041583171638390204,0.04884561891515994,0.003035110108078883
VTL,2017,Textiles,-0.04916955478539056,0.29836843508397765,,,
VTL,2018,Textiles,0.05795257752962693,0.28153211058128425,-0.0168363245026934,,
VTL,2019,Textiles,0.025696468093977173,0.2525581147791838,-0.028973995802100472,,
VTL,2020,Textiles,-0.0290610550438123,0.23737844464728905,-0.015179670131894724,,
VTL,2021,Textiles,0.025635642761752835,0.22160639773855115,-0.015772046908737902,,
VTL,2022,Textiles,0.00930026693186818,0.1806138795464253,-0.04099251819212585,,
VTL,2023,Textiles,-0.09330843179410178,0.14800036346601902,-0.032613516080406274,,
VTL,2024,Textiles,0.10563456682149946,0.14949319108523704,0.0014928276192180123,0.12686082829675902,
VTL,2025,Textiles,-0.11883135945951381,0.09959262461544649,-0.04990056646979055,0.11349892827634106,0.009448290113974203
VTL,2026,Textiles,-0.05756274980765306,0.13375809497576105,0.03416547036031456,0.1752075410272726,0.032465104064843944
WAAREEENER,2020,Capital Goods,-0.04426231255395568,0.16740383898025088,,,
WAAREEENER,2021,Capital Goods,-0.014111344521409105,0.26543696750564216,0.09803312852539128,,
WAAREEENER,2022,Capital Goods,-0.2889740196419865,0.16874927445380883,-0.09668769305183333,,
WAAREEENER,2023,Capital Goods,-0.14549296820670704,0.043246710282014406,-0.12550256417179442,,
WAAREEENER,2024,Capital Goods,-0.1607171994494814,0.04907401495480924,0.005827304672794832,0.20875599096402095,
WAAREEENER,2025,Capital Goods,-0.10635064173217958,0.06084378190646116,0.011769766951651925,0.25487736366580527,0.032612735395063805
WAAREEENER,2026,Capital Goods,-0.025791813283383203,0.10667708880880428,0.045833306902343114,0.18153783698257267,0.0370735644814813
WELCORP,2017,Capital Goods,-0.04560358144960433,0.2234744038394847,,,
WELCORP,2018,Capital Goods,-0.10698942272820038,0.18022178863394997,-0.04325261520553472,,
WELCORP,2019,Capital Goods,-0.07763548311956614,0.1591149952498436,-0.02110679338410637,,
WELCORP,2020,Capital Goods,-0.0015938441859938068,0.13354425120797275,-0.025570744041870846,,
WELCORP,2021,Capital Goods,-0.0008983733072618683,0.1327408316518628,-0.0008034195561099633,,
WELCORP,2022,Capital Goods,0.024031367074387737,0.22433783953276584,0.09159700788090305,,
WELCORP,2023,Capital Goods,0.02565333106362919,0.22133936550857194,-0.002998474024193898,,
WELCORP,2024,Capital Goods,-0.05343855865129201,0.16654674614716536,-0.054792619361406586,0.12022936147955865,
WELCORP,2025,Capital Goods,-0.06914449573422117,0.0738408324074202,-0.09270591373974515,0.13584836557469643,0.011044303711052379
WELCORP,2026,Capital Goods,-0.10577484921450364,0.1154641408952227,0.04162330848780249,0.16964460736268477,0.025258680928893575
WELSPUNLIV,2017,Textiles,-0.06539305687017696,0.45623034095653003,,,
WELSPUNLIV,2018,Textiles,-0.02226940624656497,0.4564789988576581,0.00024865790112804653,,
WELSPUNLIV,2019,Textiles,-0.07771539846323865,0.43090626745062405,-0.025572731407034033,,
WELSPUNLIV,2020,Textiles,-0.03293219153758004,0.42968546919677664,-0.0012207982538474105,,
WELSPUNLIV,2021,Textiles,-0.04831912171249252,0.34325850829348475,-0.08642696090329188,,
WELSPUNLIV,2022,Textiles,0.0015560917933071952,0.3548136287437753,0.011555120450290557,,
WELSPUNLIV,2023,Textiles,-0.06533504232811058,0.28869424902930896,-0.06611937971446635,,
WELSPUNLIV,2024,Textiles,-0.043437968501911436,0.2775154928508321,-0.011178756178476856,0.11264816577696907,
WELSPUNLIV,2025,Textiles,-0.06698632164966126,0.269008855280638,-0.008506637570194098,0.07086464503580586,0.02954541085792526
WELSPUNLIV,2026,Textiles,-0.09759498250651434,0.22273787483978738,-0.04627098044085062,0.11485807293995601,0.024786313407315113
WHIRLPOOL,2018,Consumer Durables,-0.01040668855264259,,,,
WHIRLPOOL,2019,Consumer Durables,0.001955950697110525,,,,
WHIRLPOOL,2020,Consumer Durables,0.024991250676084112,,,,
WHIRLPOOL,2021,Consumer Durables,-0.03413140322833039,0.010068476734351075,,,
WHIRLPOOL,2022,Consumer Durables,0.08317757507015779,0.02371253148446944,0.013644054750118364,,
WHIRLPOOL,2023,Consumer Durables,-0.008581181399700339,0.018926733693551995,-0.004785797790917444,,
WHIRLPOOL,2024,Consumer Durables,-0.093050700090891,0.037960556917003195,0.0190338232234512,0.04062527495087545,
WHIRLPOOL,2025,Consumer Durables,-0.08100060090790641,0.042297074589924974,0.004336517672921779,0.05125603211112615,0.007517080477160717
WHIRLPOOL,2026,Consumer Durables,-0.02659239446066763,0.048899958828549535,0.006602884238624561,0.051016778215824704,0.006069782812315578
WIPRO,2017,Information Technology,-0.009967942932827593,0.1810194706643516,,,
WIPRO,2018,Information Technology,-0.005577603633334559,0.18438854608254587,0.003369075418194284,,
WIPRO,2019,Information Technology,-0.03182000910561545,0.1204399271550764,-0.06394861892746947,,
WIPRO,2020,Information Technology,-0.004222243072805298,0.12004997555543483,-0.000389951599641572,,
WIPRO,2021,Information Technology,-0.04794479070026573,0.12658267708906107,0.006532701533626242,,
WIPRO,2022,Information Technology,0.01071911972526837,0.1639972183795756,0.037414541290514525,,
WIPRO,2023,Information Technology,-0.014625777323160321,0.1493845986741781,-0.014612619705397484,,
WIPRO,2024,Information Technology,-0.12449120443525764,0.14366161790227464,-0.005722980771903474,0.20340699320752012,
WIPRO,2025,Information Technology,-0.10805672829715833,0.15011049088909403,0.006448872986819398,0.18239244687083436,0.01485952821822942
WIPRO,2026,Information Technology,-0.08219273371260652,0.144026802286996,-0.006083688602098042,0.1892551044585883,0.010715900818142577
WOCKPHARMA,2017,Healthcare,0.00821090274283119,0.4631227482642987,,,
WOCKPHARMA,2018,Healthcare,-0.08326453475138387,0.46112316197052267,-0.0019995862937760567,,
WOCKPHARMA,2019,Healthcare,-0.04836021932002601,0.4319078896846891,-0.029215272285833593,,
WOCKPHARMA,2020,Healthcare,-0.08814555344724744,0.43966734007064606,0.00775945038595699,,
WOCKPHARMA,2021,Healthcare,0.12561321972631034,0.34521043119029177,-0.0944569088803543,,
WOCKPHARMA,2022,Healthcare,-0.07997565429093122,0.2675593426658551,-0.07765108852443664,,
WOCKPHARMA,2023,Healthcare,-0.09305973075414978,0.28545288197621227,0.017893539310357143,,
WOCKPHARMA,2024,Healthcare,-0.02692408720777515,0.30942999737325977,0.0239771153970475,0.17753120665742025,
WOCKPHARMA,2025,Healthcare,0.01,0.24950617283950619,-0.059923824533753584,0.19932432432432431,0.015410061285464212
WOCKPHARMA,2026,Healthcare,-0.03310795057122873,0.26031709023082306,0.010810917391316871,0.20667384284176535,0.01515612441586368
YESBANK,2017,Financial Services,-0.004855628686156854,0.8437848580549893,,,
YESBANK,2018,Financial Services,0.08335314185821618,0.8820050846592402,0.03822022660425095,,
YESBANK,2019,Financial Services,0.06900855147123634,0.8821676050133014,0.0001625203540611686,,
YESBANK,2020,Financial Services,0.16013766475058813,0.84978409985783,-0.03238350515547139,,
YESBANK,2021,Financial Services,-0.21522679783550366,0.8289490055024712,-0.020835094355358796,,
YESBANK,2022,Financial Services,-0.07073215473246813,0.8456421343186126,0.016693128816141378,,
YESBANK,2023,Financial Services,0.07475160832167126,0.8308917185168989,-0.014750415801713657,,
YESBANK,2024,Financial Services,-0.022209704633718422,0.8532725106496912,0.022380792132792315,0.6210111068556109,
YESBANK,2025,Financial Services,-0.012802749474654252,0.8403161843036643,-0.012956326346026947,0.6079485648387819,0.009236612039633942
YESBANK,2026,Financial Services,-0.042843205443900016,0.8175600050088888,-0.02275617929477547,0.5847123778165968,0.018385447692487407
ZEEL,2017,Media Entertainment & Publication,0.14435291250304658,0.2147794296855959,,,
ZEEL,2018,Media Entertainment & Publication,0.08308400046721834,0.13712858387917015,-0.07765084580642576,,
ZEEL,2019,Media Entertainment & Publication,0.11071677105080027,0.08617490141498492,-0.05095368246418523,,
ZEEL,2020,Media Entertainment & Publication,0.022274835717046772,0.05231284628269553,-0.03386205513228939,,
ZEEL,2021,Media Entertainment & Publication,-0.05832104659598867,0.03300646711444998,-0.019306379168245548,,
ZEEL,2022,Media Entertainment & Publication,0.05171606392942385,0.005763013988338016,-0.027243453126111965,,
ZEEL,2023,Media Entertainment & Publication,-0.005914789158162337,0.020541509145342106,0.01477849515700409,,
ZEEL,2024,Media Entertainment & Publication,-0.04095258630304021,0.017123058506881193,-0.0034184506384609126,0.16206791995148576,
ZEEL,2025,Media Entertainment & Publication,-0.07319737004973023,0.023365200486380612,0.006242141979499419,0.11210034647603176,0.03533241004393058
ZEEL,2026,Media Entertainment & Publication,-0.04458513594316064,0.018648658154830997,-0.004716542331549615,0.05222041629528653,0.054998240118774896
ZENSARTECH,2017,Information Technology,-0.03302021199802438,0.06366589415295772,,,
ZENSARTECH,2018,Information Technology,0.01550239067766349,0.004071554854948136,-0.05959433929800958,,
ZENSARTECH,2019,Information Technology,0.05099814869955853,0.09721269241225743,0.0931411375573093,,
ZENSARTECH,2020,Information Technology,-0.11758979850092476,0.09221398673360125,-0.004998705678656179,,
ZENSARTECH,2021,Information Technology,-0.1625211160948331,0.10182326556765889,0.009609278834057641,,
ZENSARTECH,2022,Information Technology,0.02099231670790468,0.08732907930720146,-0.014494186260457426,,
ZENSARTECH,2023,Information Technology,-0.0938364474642077,0.06624605678233439,-0.021083022524867073,,
ZENSARTECH,2024,Information Technology,-0.10376952536684023,0.04012651146779121,-0.026119545314543177,0.15615570307785154,
ZENSARTECH,2025,Information Technology,-0.0705986970558101,0.024203058245858226,-0.015923453221932986,0.1746697420842944,0.013091402528607986
ZENSARTECH,2026,Information Technology,-0.09667325428194994,0.013059947299077734,-0.011143110946780492,0.14645627527680172,0.014334389007426375
ZENTEC,2017,Capital Goods,,0.07745419742958709,-0.1655443033200381,,
ZENTEC,2019,Capital Goods,0.28585160433926854,0.19133061747608365,0.11387642004649656,,
ZENTEC,2020,Capital Goods,-0.017098009903765282,0.011772400261608895,-0.17955821721447476,,
ZENTEC,2021,Capital Goods,-0.012493842640275851,0.00877703640678877,-0.0029953638548201253,,
ZENTEC,2022,Capital Goods,0.12535573926006235,0.03997831684510096,0.03120128043831219,,
ZENTEC,2023,Capital Goods,-0.15541810044543902,0.014249825835462011,-0.02572849100963895,,
ZENTEC,2024,Capital Goods,0.03504330446369087,0.0080346435709527,-0.006215182264509312,0.2903882793508968,
ZENTEC,2025,Capital Goods,0.011586026490712635,0.037925447286995734,0.029890803716043034,0.3740299178945001,0.059143569803735994
ZENTEC,2026,Capital Goods,-0.09749195067410205,0.008592133465710335,-0.0293333138212854,0.27125105902287494,0.054659019888601904
ZFCVINDIA,2022,Automobile and Auto Components,0.0014449990139114351,,,,
ZFCVINDIA,2023,Automobile and Auto Components,0.00635591818368307,,,,
ZFCVINDIA,2024,Automobile and Auto Components,-0.019931216602644294,,,0.1839964256398001,
ZFCVINDIA,2025,Automobile and Auto Components,-0.03854760263025105,0.01745751204034672,,0.18522480951893644,0.0008685985708375569
ZFCVINDIA,2026,Automobile and Auto Components,-0.1594576883967913,0.012387300869958196,-0.005070211170388524,0.12934026149430677,0.03191626522107176
ZYDUSLIFE,2017,Healthcare,0.011652310931324192,0.34474950841813257,,,
ZYDUSLIFE,2018,Healthcare,0.048163435152278555,0.3040341445859013,-0.04071536383223129,,
ZYDUSLIFE,2019,Healthcare,0.024402947810665147,0.34003994696695766,0.036005802381056384,,
ZYDUSLIFE,2020,Healthcare,-0.05660079994207023,0.34018409742425465,0.0001441504572969876,,
ZYDUSLIFE,2021,Healthcare,-0.04878602987586788,0.1928676625289291,-0.14731643489532556,,
ZYDUSLIFE,2022,Healthcare,0.08621787450798797,0.15270100138921047,-0.04016666113971862,,
ZYDUSLIFE,2023,Healthcare,-0.028499334950316885,0.04674516860965496,-0.1059558327795555,,
ZYDUSLIFE,2024,Healthcare,-0.07645061610651203,0.027890394426082828,-0.018854774183572134,0.26334668159647756,
ZYDUSLIFE,2025,Healthcare,-0.15642247970105563,0.08757914475961526,0.05968875033353243,0.26460776458591306,0.0008917203334688471
ZYDUSLIFE,2026,Healthcare,-0.023223596184131067,0.24660270047323407,0.1590235557136188,0.24066358987152303,0.013474893217030078
ZYDUSWELL,2017,Fast Moving Consumer Goods,0.04693109056542953,0.036630573341733946,,,
ZYDUSWELL,2018,Fast Moving Consumer Goods,0.07824964097365532,0.030170281066338414,-0.006460292275395532,,
ZYDUSWELL,2019,Fast Moving Consumer Goods,0.0036200288722950526,0.2874863516117922,0.2573160705454538,,
ZYDUSWELL,2020,Fast Moving Consumer Goods,-0.021026248371999828,0.2717847891113624,-0.01570156250042981,,
ZYDUSWELL,2021,Fast Moving Consumer Goods,-0.0296482970759367,0.09713346851544975,-0.17465132059591265,,
ZYDUSWELL,2022,Fast Moving Consumer Goods,0.01265244598730188,0.06804774269260634,-0.02908572582284341,,
ZYDUSWELL,2023,Fast Moving Consumer Goods,0.03749292828856011,0.050967752995834115,-0.017079989696772227,,
ZYDUSWELL,2024,Fast Moving Consumer Goods,-0.03903454557283196,0.0534610630407911,0.002493310044956988,0.032041567438839576,
ZYDUSWELL,2025,Fast Moving Consumer Goods,-0.06518263245315822,0.02923050652757727,-0.024230556513213833,0.06321898642346357,0.022045764383921838
ZYDUSWELL,2026,Fast Moving Consumer Goods,-0.010549661920136606,0.31431122974710257,0.2850807232195253,0.16819763395963813,0.07133374884242298
